id,date,legislature,governo,anomalia,tipo,chi,a_chi,oratore,txt,terza_persona,altro_nome_prima,prima,annot,dopo
1,1949-07-14,1,De Gasperi V,applauso all'avversario,applausi,PCI+PSI,DC,MATTEO RESCIGNO,Vivissimi applausi all'estrema sinistra satuto dell'ex-partito fascista per convincersi lutano il deputato Togliatti mentre sale al suo che la carica di commissario politico aveva scanno,TRUE,FALSE,"onosciute anche in sede di epurazione ai poteva essere, di diritto e di fatto, che un fini della permanenza nell'albo professionale; segretario politico in attivita con le stesse la cancellazione fu negata << per non aver comattribuzioni e con gli stessi compiti di azione, messo i fatti >>, mentre poteva essere anche di propulsione, di controllo, e in molti casi negata con una declaratoria di amnistia. anche di punizione. Basta considerare lo sta",(Vivissimi applausi all'estrema sinistra satuto dell'ex-partito fascista per convincersi lutano il deputato Togliatti mentre sale al suo che la carica di commissario politico aveva scanno - Commenti al centro e a destra),". un carattere anche piu incisivo, piu deciE per queste doti di onesta e di rettitu| sivo e piu importante di quella di segretario dine dell'avvocato Ricciardi, riconosciute anpolitico. che dalla Giunta delle elezioni, che alle E allora, cosi stando "
2,1949-07-14,1,De Gasperi V,applauso all'avversario,applausi,PCI+PSI,DC,MATTEO RESCIGNO,Vivissimi applausi all'estrema sinistra satuto dell'ex-partito fascista per convincersi lutano il deputato Togliatti mentre sale al suo che la carica di commissario politico aveva scanno,TRUE,FALSE,"onosciute anche in sede di epurazione ai poteva essere, di diritto e di fatto, che un fini della permanenza nell'albo professionale; segretario politico in attivita con le stesse la cancellazione fu negata << per non aver comattribuzioni e con gli stessi compiti di azione, messo i fatti >>, mentre poteva essere anche di propulsione, di controllo, e in molti casi negata con una declaratoria di amnistia. anche di punizione. Basta considerare lo sta",(Vivissimi applausi all'estrema sinistra satuto dell'ex-partito fascista per convincersi lutano il deputato Togliatti mentre sale al suo che la carica di commissario politico aveva scanno - Commenti al centro e a destra),". un carattere anche piu incisivo, piu deciE per queste doti di onesta e di rettitu| sivo e piu importante di quella di segretario dine dell'avvocato Ricciardi, riconosciute anpolitico. che dalla Giunta delle elezioni, che alle E allora, cosi stando "
3,1950-10-20,1,De Gasperi VI,ostilità tra alleati,proteste,DC,PRI,EZIO AMADEO,Proteste del deputato Viola,FALSE,FALSE,"vagliati gli elementi offerti al suo giudizio, ha escluso alla unanimita che sia provata una qualsiasi responsabilita dell'onorevole Giammarco nella redazione o nella ispirazione dello scritto anonimo., In conclusione, la Commissione ritiene che l'onorevole Viola abbia avventatamente mosso nei confronti dell'onorevole Giammarco accuse e sospetti del tutto infondati e che, pertanto, l'onorevole Giammarco abbia avuto pie-. na ragione di dolersene. ",(Vivi applausi al centro.e a destra - Proteste del deputato Viola),.
4,1950-12-22,1,De Gasperi VI,ostilità tra alleati,proteste,DC,PSDI,GAETANO PIERACCINI,Proteste al centro e a destra,FALSE,FALSE,"ati concreti) che porta come conseguenza l'essere poveri e schiavi. Questo e assurdo. Fosse almeno una politica che porta ad essere poveri ma liberi; no, al contrario, noi tiriamo all'aria l'economia italiana, noi tiriamo all'aria tutto con una politica che e - torno a ripeterlo, anche se vi adirate, ma non e questione che riguardi la buona fede delle persone, perche e la logica delle cose - una politica di una classe che e diventata subalterna. ",(Proteste al centro e a destra),". (C), Qui il discorso veramente si riallaccia alla discussione generale di .politica estera che noi stiamo facendo: l'unica possibilita per 'una soluzione pacifica del problema italiano non e una politica di alleanze militari, una politica economica"
5,1950-12-22,1,De Gasperi VI,ostilità tra alleati,proteste,DC,PSDI,GAETANO PIERACCINI,Proteste al centro e a destra,FALSE,FALSE,"ati concreti) che porta come conseguenza l'essere poveri e schiavi. Questo e assurdo. Fosse almeno una politica che porta ad essere poveri ma liberi; no, al contrario, noi tiriamo all'aria l'economia italiana, noi tiriamo all'aria tutto con una politica che e - torno a ripeterlo, anche se vi adirate, ma non e questione che riguardi la buona fede delle persone, perche e la logica delle cose - una politica di una classe che e diventata subalterna. ",(Proteste al centro e a destra),". (C), Qui il discorso veramente si riallaccia alla discussione generale di .politica estera che noi stiamo facendo: l'unica possibilita per 'una soluzione pacifica del problema italiano non e una politica di alleanze militari, una politica economica"
6,1952-01-30,1,De Gasperi VII,applauso all'avversario,applausi,PSDI,DC,GIUSEPPE MARIA BETTIOL,"Vivissimi applausi all'indirizzo del deputato Calosso, che in questo momento entra in aula",FALSE,FALSE," cultura e forse piu grave dell'offesa fatta ad un uomo politico, perche e dalla liberta di pensiero e di cultura che scaturisce la liberta politica., Ecco perche esprimiamo il nostro profondo rammarico ed esterniamo al collega Calosso i sensi della nostra piu profonda simpatia: perche noi sappiamo quanto l'onorevole Calosso ha fatto e sta facendo per garantire a tutti la liberta di pensiero e la liberta di cultura, e quindi la liberta politica. ","(Vivissimi applausi all'indirizzo del deputato Calosso, che in questo momento entra in aula)",". Calosso e stato ed e un combattente della liberta che ha diritto all'ammirazione e alla gratitudine di tutti gli italiani., Si e parlato qui del senso di educazione e di civismo degli italiani. Ma, se purtroppo questo senso di responsabilita non po"
7,1953-01-16,1,De Gasperi VII,applauso tra opposizioni opposte,applausi,PCI+PSI,BN,EPICARMO CORBINO,Vivissimi applausi all'estrema sinistra e alla estrema destra,FALSE,FALSE,". Io, per mio conto - e valga questa come dichiarazione di non voto, non dichiarazione di voto - quando verra il momento della votazione, per non costituire un precedente che priverebbe per sempre le minoranze del Parlamento del diritto di poter eventualmente impedire il peggio, non vorro assumere nessuna responsabilita ne votando a favore, ne votando contro: me ne andro fuori dell'aula, perche soltanto cosi si fara salvo il ricorso alla storia. ",(Vivissimi applausi all'estrema sinistra e alla estrema destra - Commenti al centro e a destra),.
8,1953-01-16,1,De Gasperi VII,applauso tra opposizioni opposte,applausi,PCI+PSI,BN,EPICARMO CORBINO,Vivissimi applausi all'estrema sinistra e alla estrema destra,FALSE,FALSE,". Io, per mio conto - e valga questa come dichiarazione di non voto, non dichiarazione di voto - quando verra il momento della votazione, per non costituire un precedente che priverebbe per sempre le minoranze del Parlamento del diritto di poter eventualmente impedire il peggio, non vorro assumere nessuna responsabilita ne votando a favore, ne votando contro: me ne andro fuori dell'aula, perche soltanto cosi si fara salvo il ricorso alla storia. ",(Vivissimi applausi all'estrema sinistra e alla estrema destra - Commenti al centro e a destra),.
9,1953-01-16,1,De Gasperi VII,applauso tra opposizioni opposte,applausi,PCI+PSI,PSDI,UMBERTO ZANFAGNINI,Vivissimi applausi all'estrema sinistra,FALSE,TRUE,"ZANFAGNINI. ...di servire quel retaggio glorioso, che ci e stato tramandato dalla Resistenza, di giustizia e di liberta, nel nome dei morti e delle tragedie recenti della patria. Questa e l'ora delle responsebilita. Il Governo ha dichiarato di assumere le sue, noi assu  miamo le nostre. ",(Vivissimi applausi all'estrema sinistra - Congratulazioni),.
10,1953-10-13,2,Pella,applauso all'avversario,applausi,PCI+PSI,MON,ARTURO MARZANO,Vivissimi applausi a sinistra,FALSE,FALSE,"el dicastero, colmare le molteplici manchevolezze del passato e rendere democratica la legge superando 1 contrasti e le avversita, trovera appoggio da parte nostra. E nelle sue mani un'arma formidabile per quello scopo e per concorrere a debellare la putredine sociale; ha nelle sue mani la fiaccola della giustizia: voglia tenerla ben alta e brillante, perche la luce di questa fiaccola dia sicurezza agli uomi. ni lungo l'aspro cammino della vita. ",( Vivissimi applausi a sinistra - Congratulazioni),.
11,1954-12-20,2,Scelba,applauso all'avversario,applausi,PCI+PSI,PSDI,GIANCARLO MATTEOTTI,"Vivissimi, prolungati applausi a sinistra",FALSE,FALSE,"'interno, noi vogliamo che sia rotto lo schema faziosu dell'arengo internazionale e vogliamo sperare che questo non avvenga soltanto per le grandi forze che si muovono nel mondo, ma che questo avvenga anche, se non soprattutto, almeno anche per effetto di una iniziativa italiana. E una imziativa italiana puo essere presa, e gia il Parlamento l'ha chiesta. Ii nostro popolo vuole un'iniziativa di unita europea fondata sulla sicurezza e sulla pace. ","(Vivissimi, prolungati applausi a sinistra - Congratulazioni)",.
12,1957-06-26,2,Zoli,applauso tra opposizioni opposte,applausi,PCI+PSI,PRI,CINO MACRELLI,Vivi applausi a sinistra,FALSE,FALSE,"ista e democratica alla politica della coalizione centrista e alla politica del monocolore democristiano. T'occhera allora al paese configurare col suo voto 1 mezzi e i modi della futura attivita legislativa e politica del Parlamento e del Governo., Oggi ci importa dire che mai come attualmente e stata salda la nostra fiducia nell'iniziativa socialista e nella legge della storia e del progresso che chiama i lavoratori alla direzione dello Stato. ",(Vivi applausi a sinistra - Molte congratulazioni),.
13,1958-03-14,2,Zoli,ostilità tra alleati,proteste,DC,MSI,GIOVANNI ROBERTI,Vivissime proteste a sinistra e al centro,FALSE,TRUE,ROBERTI. Noi non accettiamo questo provvedimento di sanzione fazioso e partigiano ,(Vivissime proteste a sinistra e al centro)," e pertanto, in segno di protesta, abbandoneremo l'aula di un Parlamento che non e piu il Parlamento italiano, ma un Parlamento di parte. ( Vivissime proteste a sinistra e al centro)."
14,1958-03-14,2,Zoli,ostilità tra alleati,proteste,DC,MSI,GIOVANNI ROBERTI,Vivissime proteste a sinistra e al centro,FALSE,TRUE,ROBERTI. Noi non accettiamo questo provvedimento di sanzione fazioso e partigiano ,(Vivissime proteste a sinistra e al centro)," e pertanto, in segno di protesta, abbandoneremo l'aula di un Parlamento che non e piu il Parlamento italiano, ma un Parlamento di parte. ( Vivissime proteste a sinistra e al centro)."
15,1958-03-14,2,Zoli,ostilità tra alleati,proteste,DC,MSI,GIOVANNI ROBERTI,Vivissime proteste a sinistra e al centro,FALSE,TRUE,"ROBERTI. Noi non accettiamo questo provvedimento di sanzione fazioso e partigiano (Vivissime proteste a sinistra e al centro) e pertanto, in segno di protesta, abbandoneremo l'aula di un Parlamento che non e piu il Parlamento italiano, ma un Parlamento di parte. ",( Vivissime proteste a sinistra e al centro),.
16,1958-03-14,2,Zoli,ostilità tra alleati,proteste,DC,MSI,GIOVANNI ROBERTI,Vivissime proteste a sinistra e al centro,FALSE,TRUE,"ROBERTI. Noi non accettiamo questo provvedimento di sanzione fazioso e partigiano (Vivissime proteste a sinistra e al centro) e pertanto, in segno di protesta, abbandoneremo l'aula di un Parlamento che non e piu il Parlamento italiano, ma un Parlamento di parte. ",( Vivissime proteste a sinistra e al centro),.
17,1958-03-14,2,Zoli,applauso tra opposizioni opposte,applausi,PCI+PSI,PRI,CINO MACRELLI,Vivi applausi a sinistra e al centro,FALSE,FALSE,". Noi abbiamo lasciato, lungo questa veramente dolorosa via crucis, uomini che rispondono ai nomi dei fratelli Spazzoli, degli Orsini, di Mario Angeloni e di tanti altri, fucilati alle Fosse ardeatine o dovunque si e combattuto per la liberta., Noi manteniamo fede alle nostre tradizioni e al nostro passato e, per la difesa della Repubblica, per la difesa della liberta, per la difesa della Costituzione, daremo voto favorevole al disegno di legge. ",(Vivi applausi a sinistra e al centro),.
18,1958-03-14,2,Zoli,applauso tra opposizioni opposte,applausi,PCI+PSI,PRI,CINO MACRELLI,Vivi applausi a sinistra e al centro,FALSE,FALSE,". Noi abbiamo lasciato, lungo questa veramente dolorosa via crucis, uomini che rispondono ai nomi dei fratelli Spazzoli, degli Orsini, di Mario Angeloni e di tanti altri, fucilati alle Fosse ardeatine o dovunque si e combattuto per la liberta., Noi manteniamo fede alle nostre tradizioni e al nostro passato e, per la difesa della Repubblica, per la difesa della liberta, per la difesa della Costituzione, daremo voto favorevole al disegno di legge. ",(Vivi applausi a sinistra e al centro),.
19,1958-06-18,3,Zoli,applauso all'avversario,applausi,DC,PCI,PAOLO MARIO ROSSI,Vivissimi applausi al centro e a sinistra,FALSE,TRUE,"PAOLOROSSI. . Noi non ci lasceremo minimamente scoraggiare da avvenimenti che potrebbero davvero far disperare chiunque avesse una vocazione pacifista meno intrepida della nostra. Anzi, da questi fatti   | terribili, contro i quali gridiamo tutta Ia nostra abominazione, trarremo argomento per uno sforzo maggiore verso la pace e verso la liberta. ",(Vivissimi applausi al centro e a sinistra),"., PAOLOROSSI. . Noi non ci lasceremo minimamente scoraggiare da avvenimenti che potrebbero davvero far disperare chiunque avesse una vocazione pacifista meno intrepida della nostra. Anzi, da questi fatti   | terribili, contro i quali gridiamo tutta "
20,1958-06-18,3,Zoli,applauso all'avversario,applausi,DC,PCI,PAOLO MARIO ROSSI,Vivissimi applausi al centro e a sinistra,FALSE,TRUE,"PAOLOROSSI. . Noi non ci lasceremo minimamente scoraggiare da avvenimenti che potrebbero davvero far disperare chiunque avesse una vocazione pacifista meno intrepida della nostra. Anzi, da questi fatti   | terribili, contro i quali gridiamo tutta Ia nostra abominazione, trarremo argomento per uno sforzo maggiore verso la pace e verso la liberta. ",(Vivissimi applausi al centro e a sinistra),"., PAOLOROSSI. . Noi non ci lasceremo minimamente scoraggiare da avvenimenti che potrebbero davvero far disperare chiunque avesse una vocazione pacifista meno intrepida della nostra. Anzi, da questi fatti   | terribili, contro i quali gridiamo tutta "
21,1958-07-19,3,Fanfani II,applauso all'avversario,applausi,PCI+PSI,PSDI,LUCIANO GRANZOTTO BASSO,Vivissimi applausi a sinistra,FALSE,FALSE,"e democratica e di chiarezza politica nel paese prima ancora che nel Parlamento. Su posizioni ambigue, incerte, contraddittorie, su una sottile trama di buone parole che mascherano cattive inlenzioni, voi non ci incontrerele mai, ma ci troverele sempre dove si trattera di difendere 1] progresso sociale, le liberta costituzionali e, premessa assoluta, quel bene inestimabile che si chiama la pace. Questo e il significato del nostro voto contrario. ",(Vivissimi applausi a sinistra - Molte congratulazioni),.
22,1959-12-16,3,Segni II,applauso tra opposizioni opposte,applausi,PCI+PSI,PSDI,GIANCARLO MATTEOTTI,Vivi applausi a sinistra,FALSE,FALSE,"stro paese credano davvero nella democrazia e nella Costituzione della Repubblica., Noi realizzeremo cosi un primo referendum anche su questa questione. Abbiamo fiducia nelle grandi correnti popolari, abbiamo fiducia negli uomini e nelle donne che ci hanno permesso di dare la Costituzione alla Repubblica, che hanno eletto noi e voi e vogliono essere cittadini di pieno diritto in una Repubblica che deve essere la Repubblica di tutti gli italiani. ",(Vivi applausi a sinistra - Congratulazioni),.
23,1960-07-07,3,Tambroni,applauso tra opposizioni opposte,applausi,PCI+PSI,PRI,CINO MACRELLI,Vivissimi applausi a sinistra,FALSE,FALSE,"Governo prendere le difese del Parlamento., Sono uno dei pochi che col pensiero possano andare indietro nel tempo e ricordare episodi di anni ormai molto lontani. Ebbene, quando quest'aula fu definita << sorda e grigia >>, da quei banchi (Indica la sinistra) si alzo la voce di Modigliani, che urlava: << Viva il Parlamento ! >>; e noi dell'estrema sinistra unimmo la voce alla sua in quel grido. E anche oggi lo ripetiamo: <<Viva il Parlamento !>>. ",(Vivissimi applausi a sinistra - St grida all'estrema sinistra: Viva il Parlamento ! - I deputati della sinistra si levano in piedi ed applaudono lungamente - Si grida al centro: Viva il Parlamento! - / deputati del centro e della destra si levano in piedi ed applaudono lungamente - Rumori a sinistra - Vivace protesta del deputalo Leccisi - Vivissimi rumori a sinistra),.
24,1962-01-19,3,Fanfani III,ostilità tra alleati,proteste,PRI,PSDI,GIANCARLO MATTEOTTI,Vivissime proteste del deputato Pacciardi,FALSE,FALSE,"mo nascondere nemmeno una parola del risultato della Commissione d'inchiesta: non' vi sono tentativi autobiografici, non vi sono bravate ne lacrimucce che ci possano fermare., L'onorevole Pacciardi ha mosso un vergognoso attacco contro ia Comnuissione, contro il suo presidente, contro i commissari, con le parole pronunziate qui ieri e che sono a verbale e sono state udite da decine di testimoni, Egli ha cercato di vendicarsi della Commissione... ",( Vivissime proteste del deputato Pacciardi),. E: vero o non e vero che ella ha attaccato il presidente della Commissione ?
25,1962-01-19,3,Fanfani III,ostilità tra alleati,proteste,DC,PSDI,GIANCARLO MATTEOTTI,Vivissime proteste al centro,FALSE,TRUE,"CARLOGIAN. . Non ho mai detto che l'onorevole Piccioni e il padre di assassini. Ma come non considero un reato, ma neppure un onore, essere un deputato di Manfredi, non considero un reato, ma neanche un onore, essere amico del marchese Montagna. ",(Vivissime proteste al centro),.
26,1964-03-05,4,Moro I,ostilità tra alleati,proteste,PSI,PRI,UGO LA MALFA,Vive proteste dal deputato Vecchietti,FALSE,FALSE," politica del generale De Gaulle, io osservavo che quella politica va vista nella sua globalita. Fanno parte di quella politica il rifiuto della firma del trattato di tregua nucleare, l'accordo franco-tedesco, il riconoscimento della Gina popolare e la posi  do si propone all'Italia una politica di iniziativa, si propone di rivedere la sua posizione sulla iregua nucleare, di rivedere il trattato franco-tedesco e di riconoscere la Gina comunista. ",(Vive proteste dal deputato Vecchietti - Richiami del Presidente),.
27,1964-12-10,4,Moro II,applauso tra opposizioni opposte,applausi,PCI,MSI,TULLIO ABELLI,Vivi applausi all'estrema sinistra,FALSE,FALSE,"proteste all'estrema sinistra - Richiami del Presidente). Signor Presidente, non ho detto alcuna parola offensiva. Ma quando l'onorevole Laura Diaz diceva che l'onorevole Todros e stato a Mauthausen, ho aggiunto: <<in fureria >>. Questa circostanza non e mai stata smentita. (Vivissime proteste all'estrema sinistra - Scambio di apostrofi ira e deputati della destra e dell'estrema sinistra - Richiami del Presidente)., DE ZAN. Ciombe e un fascista! ",(Vivi applausi all'estrema sinistra),.
28,1966-05-17,4,Moro III,applauso tra opposizioni opposte,applausi,MSI,PCI,GIOVANNI GRILLI,Vivi applausi a destra,FALSE,FALSE, momento in cui difendiamo oggi il nostro diritto alla liberta di fronte alle minacce ed all'aggressione (e un ammonimento) noi difendiamo la liberta di iuiti. La situazione potrebbe essere preoccupante domani e percio non lasciate assopire ed addormentare la liberta; trovate nelle vostre coscienze la forza necessaria a che in Italia veramente e realmente si realizzi una volonta politica che confini nell'isolamento il comunismo e i suoi alleati! ,(Vivi applausi a destra -Congratulazioni),. 
29,1967-07-27,4,Moro III,applauso all'avversario,applausi,DC,MSI,PINO ROMUALDI,Vivi applausi al centro ed a sinistra,FALSE,FALSE,"confini rapporti amichevoli e costruttivi. Dobbiamo compiere tuttavia, come abbiamo compiuto, il nostro dovere per la difesa degli interessi   supremi del paese. Vogliamo guardare, pur avendo presente questo imponente complesso di problemi e di preoccupazioni, con fiducia all'avvenire: una fiducia fondata sulla capacita dell'Italia di affrontare e superare con forza, compostezza ed equilibrio questo difficile momento della nostra vita nazionale. ",(Vivi applausi al centro ed a sinistra - Molte congratulazioni),", "
30,1967-07-27,4,Moro III,applauso all'avversario,applausi,DC,MSI,PINO ROMUALDI,Vivi applausi al centro ed a sinistra,FALSE,FALSE,"confini rapporti amichevoli e costruttivi. Dobbiamo compiere tuttavia, come abbiamo compiuto, il nostro dovere per la difesa degli interessi   supremi del paese. Vogliamo guardare, pur avendo presente questo imponente complesso di problemi e di preoccupazioni, con fiducia all'avvenire: una fiducia fondata sulla capacita dell'Italia di affrontare e superare con forza, compostezza ed equilibrio questo difficile momento della nostra vita nazionale. ",(Vivi applausi al centro ed a sinistra - Molte congratulazioni),", "
31,1967-10-04,4,Moro III,applauso all'avversario,applausi,DC,PCI,GIOVANNI SERBANDINI,Vivissimi applausi al centro,FALSE,FALSE,"ione, possiamo essere certi che lo Stato, supremo rappresentante e promotore di valori morali e civili, pervenuto a dar vita a nuove libere istituzioni, attraverso le lotte, i sacrifici e il sangue dei suoi figli migliori, sara in grado di considerare, anche oggi, e con sempre piu approfondita coscienza dei problemi spirituali, i suoi rapporti con la Ghiesa e di rinsaldare la pace religiosa per contribuire al progresso spirituale degli italiani. ",(Vivissimi applausi al centro - Molte congratulazioni),. 
32,1967-10-17,4,Moro III,ostilità tra alleati,apostrofi,PSDI,PSI,LUCIANO DE PASCALIS,Scambio di apostrofi ira i deputati Brandi e Giomo,FALSE,TRUE,"DEPASCALIS, No, perche ha parlato anche l'onorevole Baroni. Se ella fosse stato presente e avesse seguito il dibattito, avrebbe saputo che si e levata eccezionalmente anche la voce di un deputato della maggioranza. ",(Commenti - Scambio di apostrofi ira i deputati Brandi e Giomo - Richiami del Presidente),"., Iicevo che il nostro gruppo e favorevole alla chiusura della discussione perche l'articolo 12, sul quale si e ampiamente soffermato anche l'onorevole Manco, nella sua significazione non e tale da prestarsi ad essere oggetto di un ampio dibattito. "
33,1969-11-26,5,Rumor II,applauso all'avversario,applausi,PCI+PLI,PSU,VITO VITTORIO LENOCI,"Vivi applausi a sinistra, all'estrema sinistra e dei deputati del gruppo liberale",FALSE,FALSE,"quelle iniziative, che pure sono cominciate ad emergere nel corso di questo dibattito, potranno trovare sul tema piu ampio della famiglia un terreno fertile d'incontro al quale siamo impegnati tutti, sin da ora, come legislatori e come politici, per collegare organicamente, nei futuri lavori, la previsione di scioglimento del vincolo matrimoniale con la riforma del diritto familiare e, piu in generale, con quella strutturale dell'intera societa. ","(Vivi applausi a sinistra, all'estrema sinistra e dei deputati del gruppo liberale - Molte congratulazioni)",. Presentazione di un disegno di legge. 
34,1969-11-26,5,Rumor II,applauso all'avversario,applausi,PCI+PLI,PSU,VITO VITTORIO LENOCI,"Vivi applausi a sinistra, all'estrema sinistra e dei deputati del gruppo liberale",FALSE,FALSE,"quelle iniziative, che pure sono cominciate ad emergere nel corso di questo dibattito, potranno trovare sul tema piu ampio della famiglia un terreno fertile d'incontro al quale siamo impegnati tutti, sin da ora, come legislatori e come politici, per collegare organicamente, nei futuri lavori, la previsione di scioglimento del vincolo matrimoniale con la riforma del diritto familiare e, piu in generale, con quella strutturale dell'intera societa. ","(Vivi applausi a sinistra, all'estrema sinistra e dei deputati del gruppo liberale - Molte congratulazioni)",. Presentazione di un disegno di legge. 
35,1969-11-26,5,Rumor II,applauso all'avversario,applausi,PCI+PLI,PSU,VITO VITTORIO LENOCI,"Vivi applausi a sinistra, all'estrema sinistra e dei deputati del gruppo liberale",FALSE,FALSE,"quelle iniziative, che pure sono cominciate ad emergere nel corso di questo dibattito, potranno trovare sul tema piu ampio della famiglia un terreno fertile d'incontro al quale siamo impegnati tutti, sin da ora, come legislatori e come politici, per collegare organicamente, nei futuri lavori, la previsione di scioglimento del vincolo matrimoniale con la riforma del diritto familiare e, piu in generale, con quella strutturale dell'intera societa. ","(Vivi applausi a sinistra, all'estrema sinistra e dei deputati del gruppo liberale - Molte congratulazioni)",. Presentazione di un disegno di legge. 
36,1970-01-26,5,Rumor II,applauso tra opposizioni opposte,applausi,PLI,PCI,MARIA ANTONIETTA MACCIOCCHI,Applausi dei deputati del gruppo liberale,FALSE,FALSE,"o nel paese un grande malessere sociale, un grave dissesto economico e finanziario, una instabilita politica che apre prospettive preoccupanti per le stesse istituzioni democratiche., Ancora noi confidiamo, e fino all'ultimo  parte nostra, e fino all'ultimo momento, ci batteremo perche l'errore possa essere evitato. Un nostro caro e grande amico, purtroppo scomparso, ci ha insegnato che la democrazia e la ragione che non si stanca di combattere. ",(Applausi dei deputati del gruppo liberale),. 
37,1970-09-30,5,Colombo,ostilità tra alleati,proteste,DC,PSU,SALVATORE FRASCA,Vive proteste del Sottosegretario Vincelli e del deputato Ceruti,FALSE,TRUE,"FRASCA. Evidentemente il collega Ceruti non e bene informato dei fatti, altrimenti dovrei giungere all'assurda conclusione che anch'egli e complice di quei democristiani della provincia di Reggio Calabria che quei fatti relativi alla istigazione a delinquere hanno consumato. ",(Vive proteste del Sottosegretario Vincelli e del deputato Ceruti - Interruzioni dei deputati Delfino e Niccolai Giuseppe),.   I 
38,1970-09-30,5,Colombo,ostilità tra alleati,proteste,DC,PSU,SALVATORE FRASCA,Vive proteste del Sottosegretario Vincelli e del deputato Ceruti,FALSE,TRUE,"FRASCA. Evidentemente il collega Ceruti non e bene informato dei fatti, altrimenti dovrei giungere all'assurda conclusione che anch'egli e complice di quei democristiani della provincia di Reggio Calabria che quei fatti relativi alla istigazione a delinquere hanno consumato. ",(Vive proteste del Sottosegretario Vincelli e del deputato Ceruti - Interruzioni dei deputati Delfino e Niccolai Giuseppe),.   I 
39,1970-09-30,5,Colombo,ostilità tra alleati,proteste,DC,PSU,SALVATORE FRASCA,Vive proteste del Sottosegretario Vincelli e del deputato Ceruti,FALSE,TRUE,"FRASCA. Evidentemente il collega Ceruti non e bene informato dei fatti, altrimenti dovrei giungere all'assurda conclusione che anch'egli e complice di quei democristiani della provincia di Reggio Calabria che quei fatti relativi alla istigazione a delinquere hanno consumato. ",(Vive proteste del Sottosegretario Vincelli e del deputato Ceruti - Interruzioni dei deputati Delfino e Niccolai Giuseppe),.   I 
40,1970-11-17,5,Colombo,ostilità tra alleati,proteste,PSU,DC,ANGELO CASTELLI,Proteste del deputato Fortuna,FALSE,FALSE,"elatore di minoranza. Le pressioni e le invocazioni alla folla non le ho udite in quel comunicato, le ho lette sul suo articolo. Credo che ella farebbe cosa estremamente opportuna se mi permettesse di continuare nella lettura perche vi sono alcune dichiarazioni ancora piu pesanti, che il Parlamento deve conoscere; onorevole Fortuna, non e legittimo che lei in quest'aula adoperi i linguaggi ovattati e fuori operi contro la liberta del Parlamento. ",(Proteste del deputato Fortuna),. 
41,1970-11-17,5,Colombo,ostilità tra alleati,interruzioni,PSU,DC,ANGELO CASTELLI,Interruzione del deputato Fortuna,FALSE,FALSE,"a maggioranza sia di parere completamente opposto, in quanto pensa si possa applicare nel caso di specie una procedura analoga a quella dei casi di morte presunta. Quando il presunto morto torna, il secondo matrimonio stipulato dall'altro coniuge e annullato, La stessa situazione dovrebbe riprodursi ne! caso di divorzio. Quindi per l'onorevole Lenoci e vivo il cadavere dell'onorevole Fortuna, mentre e cadavere il vivo del suo collega di partito. ",(Interruzione del deputato Fortuna),"., Io non ho alcuna esperienza quale anatomo-patologo e vorrei lasciare agli onorevoli colleghi Fortuna e Lenoci l'accertamento del criterio discretivo per questa distinzione piuttosto macabra tra vivo e morto.   Non posso pero esimermi dal fare pres"
42,1970-11-17,5,Colombo,ostilità tra alleati,interruzioni,PSU,DC,ANGELO CASTELLI,Interruzione del deputato Fortuna,FALSE,FALSE,"ge >> riecheggiate un anno fa, di questi giorni, nell'ornato linguaggio dell'onorevole Lenoci, Qualsiasi cittadino ha il diritto di essere citato avanti al giudice della sua residenza; solo   l'emigrato e alla merce dell'altro coniuge anche nei processi nei quali, per avventura, il colpevole della separazione sia colui che agisce in giudizio. Non riusciamo realmente a comprendere con quali motivi etici o giuridici si possa difendere la proposta. ",(Interruzione del deputato Fortuna),"., Non voglio aggiungere altro. E giunto ormai il momento delle decisioni; elascuno deve assumere nel foro della coscienza e davanti al paese le proprie responsabilita. Non sono piu possibile fughe in avanti. Il relatore di maggioranza ha ammesso in "
43,1970-11-24,5,Colombo,applauso all'avversario,applausi,PCI,DC,ETTORE CALVI,Vivissimi applausi all'estrema sinistra,FALSE,FALSE,"CALVI, , E se voi, onorevoli colleghi della democrazia cristiana, ricorrerete al referendum, ebbene, farete il contrario di quello che noi abbiamo fatto allora. GCerchereie la divisione tra i lavoratori italiani, la divisione tra il popolo italiano. Non credo che questo tornera a onor vostro; cerlamente non tornera a vantaggio della democrazia italiana e di tutto il nostro paese. ",(Vivissimi applausi all'estrema sinistra - Molte congratulazioni),. 
44,1971-07-15,5,Colombo,ostilità tra alleati,proteste,DC,PSU,SALVATORE FRASCA,Vive proteste al centro,FALSE,FALSE,"a di operare per impedire che, non soltanto in Calabria ma in tutta Italia, i fascisti facciano quello che stanno tentando di fare; si tratta di essere conseguenti sul piano dell'efficienza dei pubblici poteri e di far in modo che ovunque e sempre si faccia sentire l'autorita dello Stato., Ma sia anche chiaro che, se profonde sono le responsabilita dei pubblici poteri, egualmente forti sono le responsabilita della democrazia cristiana calabrese. ",(Vive proteste al centro),". Senza la connivenza di alcuni settori di questo partito con la destra monarchica e fascista, certamente i pubblici poteri non sarebbero restati inerti, come sono restati. La democrazia cristiana non ha avuto il coraggio di recidere i suoi legami co"
45,1972-02-24,5,Andreotti I,applauso tra opposizioni opposte,applausi,PLI,MSI,CLEMENTE MANCO,Vivissimi applausi dei deputati dei gruppi democratico cristrano e liberale,FALSE,FALSE," quando pensiamo a cio che resta ancora da fare in queste direzioni, avverltiamo ancora di piu l'estrema difficolta dell'azione politica da compiere., Non importa tanto, onorevoli colleghi, se passi e quanto duri questo nostro Governo. Quel che conta e che ognuno di noi abbia nella sua coscienza la certezza di aver portato un ulteriore contributo, magari minimo, a questo suggestivo cammino dell'elevazione morale, civile e sociale degli italiani. ",(Vivissimi applausi dei deputati dei gruppi democratico cristrano e liberale - Congratulazioni),. 
46,1973-05-24,6,Andreotti II,applauso tra opposizioni opposte,applausi,PCI,PRI,ORONZO REALE,Vivi applausi a sinistra e all'estrema sinistra,FALSE,TRUE,ORONZOREALE. . Il partito d'azione ha seminato le strade della Resistenza di morti ,(Vivi applausi a sinistra e all'estrema sinistra)," e merita il rispetto degli amici e degli avversari, tanto da non potere costituire oggetto di una rampogna a carattere di condanna storica, come quella che l'onorevole Covelli ha pronunciato poco fa,, C'e pero un fatto curioso, perche ho sentito aff"
47,1973-05-24,6,Andreotti II,applauso tra opposizioni opposte,applausi,PCI,PRI,ORONZO REALE,Vivi applausi a sinistra e all'estrema sinistra,FALSE,TRUE,ORONZOREALE. . Il partito d'azione ha seminato le strade della Resistenza di morti ,(Vivi applausi a sinistra e all'estrema sinistra)," e merita il rispetto degli amici e degli avversari, tanto da non potere costituire oggetto di una rampogna a carattere di condanna storica, come quella che l'onorevole Covelli ha pronunciato poco fa,, C'e pero un fatto curioso, perche ho sentito aff"
48,1975-03-03,6,Moro IV,applauso all'avversario,applausi,DC,PCI,MARIO POCHETTI,Vivi applausi al centro Congratulazioni,FALSE,FALSE,"ro paese esprimano la loro capacita di perseverare nello sforzo, evitando di cedere a depressioni qualunquistiche o rinunciatarie, a manifestazioni di pigrizia o di ripicca o a certe pressioni interessate., Non e giustificato che si proponga di modificare cio che si e appena voluto: la volonta di mantenere gli impegni che il Parlamento ha assunto verso il paese con la nuova legislazione tributaria deve essere comune del Parlamento e del Governo. ",(Vivi applausi al centro Congratulazioni),. 
49,1975-05-06,6,Moro IV,applauso all'avversario,applausi,DC,PCI,MARIO TAMINI,Vivissimi applausi al centro,FALSE,FALSE," un partito che ha fatto di tutto, anche con i suoi limiti, per difendere liberta e giustizia; e dopo tanti anni crede, costui che vi parla, di potervi dire in coscienza e in verita che a liberta e a giustizia crede tuttavia. Cio che ha detto questo vostro collega in nome della democrazia crisliana lo affida alla vostra coscienza, perche, terminata la discussione su questa legge, ciascuno possa dire di avere sempre e soltanto servito la liberta. ",(Vivissimi applausi al centro - Congratulazioni),. 
50,1975-10-02,6,Moro IV,applauso tra opposizioni opposte,applausi,MSI,PCI,ALBINO SKERK,Vivissimi applausi a destra,FALSE,FALSE,"e cinicamente sul piano politico come un qualsiasi altro Stato, in quanto esso rappresenta tutti i cattolici, compreso me. Ed io mi sento indignato di questo fatto, e lo afferimo pubblicamente in questo Parlamento., Signor Presidente, onorevoli colleghi, chiudo questo mio intervento dicendo quello che gia avevamo seritto nel 1954 su un pezzo di Carso murato al confine di Muggia: << A Muggia termina la Repubblica italiana, ma l'IHalia continua!>> ",(Vivissimi applausi a destra -Molte congratulazioni),. 
51,1975-11-26,6,Moro IV,ostilità tra alleati,commenti,PRI,DC,MARCELLO OLIVI,Commenti del deputato Mammi,FALSE,TRUE,"OLIVI, Refatore. Non lho formulata io! Ho detto 'anche nella mia relazione che permangono delle riserve sul! testo approvato dalla Commissione. ",(Commenti del <<deputato Mammi),. norma che ha molti 
52,1975-12-10,6,Moro IV,ostilità tra alleati,interruzioni,PSDI,DC,EMILIO COLOMBO,Interruzione del deputato Preti,FALSE,FALSE,"ovute prima di adottare i provvedimenti definitivi. Se fosse possibile far cio prima delle vacanze natalizie anche alla Camera dei deputati, ritengo di poter affermare che il Governo non solo e a disposizione, ma ne sarebbe felice, perche potrebbe cosi operare con immediatezza nelle fasi successive e presentare i primi provvedimenti che saranno pronti, senza con questo esaurire l'insieme dei provvedimenti relativi agli obiettivi a medio iermine. ",(Interruzione del deputato Preti),". La Commissione del Senato, in sede di discussione bilancio, chiese una esposizione da parte del Governo; ed il Governo vuole rispondere a tale richiesta. Ora analoga richiesta proviene dalla Camera dei deputati ma, anche se tale richiesta non fosse"
53,1976-08-04,7,Andreotti III,applauso all'avversario,applausi,DC,RAD,MARCO PANNELLA,Vivi applausi al centro,FALSE,FALSE,"ricostruzione di un paese avvilito e stremato, che appassiono e mise felicemente alla prova uomini e partiti chiamati a riparare i terribili guasti di una siluazione letteralmente insostenibile.   Se il Parlamento dara la sua conferma al nostro Governo, sara al ricordo di quegli anni di fervida rinascita che noi attingeremo ispirazione e forza per superare le contrarieta e restituire a tutti gli italiani la gioia di lavorare e di vivere in pace. ",(Vivi applausi al centro),. 
54,1978-04-13,7,Andreotti IV,ostilità tra alleati,proteste,DC+PCI,PRI,ANTONIO DEL PENNINO,"Vive proteste al centro, a sinistra e all'estrema sinistra",FALSE,TRUE,"DELPENNINO, Relatore per la maggioranza per la IV Commissione. Gli tolga la parola! ","(Vive proteste al centro, a sinistra e all'estrema sinistra)",. 
55,1978-04-13,7,Andreotti IV,ostilità tra alleati,proteste,DC+PCI,PRI,ANTONIO DEL PENNINO,"Vive proteste al centro, a sinistra e all'estrema sinistra",FALSE,TRUE,"DELPENNINO, Relatore per la maggioranza per la IV Commissione. Gli tolga la parola! ","(Vive proteste al centro, a sinistra e all'estrema sinistra)",. 
56,1978-04-13,7,Andreotti IV,ostilità tra alleati,proteste,DC+PCI,PRI,ANTONIO DEL PENNINO,"Vive proteste al centro, a sinistra e all'estrema sinistra",FALSE,TRUE,"DELPENNINO, Relatore per la maggioranza per la IV Commissione. Gli tolga la parola! ","(Vive proteste al centro, a sinistra e all'estrema sinistra)",. 
57,1978-04-13,7,Andreotti IV,applauso all'avversario,applausi,DC+PCI,RAD,MARCO PANNELLA,"Prolungati applausi al centro, a sinistra e all'estrema sinistra",FALSE,TRUE,"PANNELLA. Signor Presidente, in questo momento ho un solo modo per rispettare il suo modo di presiedere: smettere di parlare ","(Prolungati applausi al centro, a sinistra e all'estrema sinistra)",. 
58,1978-04-13,7,Andreotti IV,applauso all'avversario,applausi,DC+PCI,RAD,MARCO PANNELLA,"Prolungati applausi al centro, a sinistra e all'estrema sinistra",FALSE,TRUE,"PANNELLA. Signor Presidente, in questo momento ho un solo modo per rispettare il suo modo di presiedere: smettere di parlare ","(Prolungati applausi al centro, a sinistra e all'estrema sinistra)",. 
59,1978-04-13,7,Andreotti IV,applauso all'avversario,applausi,DC+PCI,RAD,MARCO PANNELLA,"Prolungati applausi al centro, a sinistra e all'estrema sinistra",FALSE,TRUE,"PANNELLA. Signor Presidente, in questo momento ho un solo modo per rispettare il suo modo di presiedere: smettere di parlare ","(Prolungati applausi al centro, a sinistra e all'estrema sinistra)",. 
60,1978-12-16,7,Andreotti IV,ostilità tra alleati,commenti,PCI,PRI,BIAGIO PINTO,Commenti all'estrema sinistra,FALSE,FALSE,"tanziali ritocchi, che non inficiano il carattere   urgente del provvedimento, segnatamente in quella parte di immediata attuazione, potrebbero essere realizzati, come da piu parti si auspica, in sede di approvazione parlamentare >>., Ippolito cita inoltre gli incarichi gratuiti, i fondi per la ricerca scientifica universitaria, le commissioni per i concorsi., Potrei ancona continuare, signor Presidente, se i colleghi lo ritengono necessanio.... ",(Commenti all'estrema sinistra),. 
61,1978-12-16,7,Andreotti IV,ostilità tra alleati,commenti,PCI,PRI,BIAGIO PINTO,Commenti all'estrema sinistra,FALSE,TRUE,PINTO. Chiedo di parlare per dichiarazione di voto ,(Commenti all'estrema sinistra),". , PINTO. Chiedo di parlare per dichiarazione di voto (Commenti all'estrema sinistra). "
62,1978-12-16,7,Andreotti IV,ostilità tra alleati,commenti,PCI,PRI,BIAGIO PINTO,Commenti all'estrema sinistra,FALSE,TRUE,"PINTO. Chiedo di parlare per dichiarazione di voto (Commenti all'estrema sinistra). , PINTO. Chiedo di parlare per dichiarazione di voto ",(Commenti all'estrema sinistra),. 
63,1978-12-16,7,Andreotti IV,ostilità tra alleati,commenti,PCI,PRI,BIAGIO PINTO,Commenti all'estrema sinistra,FALSE,TRUE,"PINTO. Per tutti quei colleghi che stanno facendo affermazioni di un certo tipo, gratuite, dico che sarebbe opportuno... ",(Commenti all'estrema sinistra)," ...che prestassero attenzione, molta piu attenzione, alle varie dichiarazioni di voto. Da quella parte hanno dichiarato di essere contrari al mio emendamento. E uno strano autobus questo sul quale stiamo viaggiando (Commenti all'estrema sinistra). L"
64,1978-12-16,7,Andreotti IV,ostilità tra alleati,commenti,PCI,PRI,BIAGIO PINTO,Commenti all'estrema sinistra,FALSE,TRUE,"PINTO. Per tutti quei colleghi che stanno facendo affermazioni di un certo tipo, gratuite, dico che sarebbe opportuno... (Commenti all'estrema sinistra) ...che prestassero attenzione, molta piu attenzione, alle varie dichiarazioni di voto. Da quella parte hanno dichiarato di essere contrari al mio emendamento. E uno strano autobus questo sul quale stiamo viaggiando ",(Commenti all'estrema sinistra),". LO ', PINTO. Per tutti quei colleghi che stanno facendo affermazioni di un certo tipo, gratuite, dico che sarebbe opportuno... (Commenti all'estrema sinistra) ...che prestassero attenzione, molta piu attenzione, alle varie dichiarazioni di voto. Da"
65,1978-12-16,7,Andreotti IV,ostilità tra alleati,commenti,PCI,PRI,BIAGIO PINTO,Commenti all'estrema sinistra,FALSE,TRUE,"o, gratuite, dico che sarebbe opportuno... (Commenti all'estrema sinistra) ...che prestassero attenzione, molta piu attenzione, alle varie dichiarazioni di voto. Da quella parte hanno dichiarato di essere contrari al mio emendamento. E uno strano autobus questo sul quale stiamo viaggiando (Commenti all'estrema sinistra). LO ', PINTO. Per tutti quei colleghi che stanno facendo affermazioni di un certo tipo, gratuite, dico che sarebbe opportuno... ",(Commenti all'estrema sinistra)," ...che prestassero attenzione, molta piu attenzione, alle varie dichiarazioni di voto. Da quella parte hanno dichiarato di essere contrari al mio emendamento. E uno strano autobus questo sul quale stiamo viaggiando (Commenti all'estrema sinistra). L"
66,1978-12-16,7,Andreotti IV,ostilità tra alleati,commenti,PCI,PRI,BIAGIO PINTO,Commenti all'estrema sinistra,FALSE,TRUE,"autobus questo sul quale stiamo viaggiando (Commenti all'estrema sinistra). LO ', PINTO. Per tutti quei colleghi che stanno facendo affermazioni di un certo tipo, gratuite, dico che sarebbe opportuno... (Commenti all'estrema sinistra) ...che prestassero attenzione, molta piu attenzione, alle varie dichiarazioni di voto. Da quella parte hanno dichiarato di essere contrari al mio emendamento. E uno strano autobus questo sul quale stiamo viaggiando ",(Commenti all'estrema sinistra),. LO '
67,1978-12-16,7,Andreotti IV,ostilità tra alleati,commenti,PCI,PRI,BIAGIO PINTO,Commenti all'estrema sinistra Rumori,FALSE,TRUE,PINTO. C'e chi e sceso alla prima fermata e chi si e aggrappato all'ultima ,(Commenti all'estrema sinistra Rumori),". , PINTO. C'e chi e sceso alla prima fermata e chi si e aggrappato all'ultima (Commenti all'estrema sinistra Rumori). "
68,1978-12-16,7,Andreotti IV,ostilità tra alleati,commenti,PCI,PRI,BIAGIO PINTO,Commenti all'estrema sinistra Rumori,FALSE,TRUE,"PINTO. C'e chi e sceso alla prima fermata e chi si e aggrappato all'ultima (Commenti all'estrema sinistra Rumori). , PINTO. C'e chi e sceso alla prima fermata e chi si e aggrappato all'ultima ",(Commenti all'estrema sinistra Rumori),. 
69,1978-12-16,7,Andreotti IV,ostilità tra alleati,proteste,PCI,PRI,BIAGIO PINTO,Proteste all'estrema sinistra,FALSE,TRUE,PINTO. Lei ha usato un tono che non mi piace ,(Proteste all'estrema sinistra),". , PINTO. Lei ha usato un tono che non mi piace (Proteste all'estrema sinistra). "
70,1978-12-16,7,Andreotti IV,ostilità tra alleati,proteste,PCI,PRI,BIAGIO PINTO,Proteste all'estrema sinistra,FALSE,TRUE,"PINTO. Lei ha usato un tono che non mi piace (Proteste all'estrema sinistra). , PINTO. Lei ha usato un tono che non mi piace ",(Proteste all'estrema sinistra),. 
71,1978-12-16,7,Andreotti IV,ostilità tra alleati,interruzioni,PCI,PRI,BIAGIO PINTO,Interruzione del deputato Tessari Giangiacomo,FALSE,TRUE,"PINTO. E allora richiami tutti coloro che mi incitano a gridare, sperando in un calo di voce., PINTO. E allora richiami tutti coloro che mi incitano a gridare, sperando in un calo di voce., Noi pensiamo che il sistema dei concorsi nazionali abbia ormai rivelato i suoi limiti di perdita di tempo, di macchinosita di giudizi... ",(Interruzione del deputato Tessari Giangiacomo),". Senti, io ti butto una sedia addosso, hai capito ? (Commenti Rumori). "
72,1978-12-16,7,Andreotti IV,ostilità tra alleati,proteste,PCI,PRI,BIAGIO PINTO,Proteste all'estrema sinistra,FALSE,FALSE," contraddizioni esistenti tra i lavoratori dell'universita, propongo alla Presidenza di pubblicizzare immediatamente i resoconti stenografici di tutti gli interventi che si sono succeduti in quest'aula, nel corso del dibattito che ci occupa: si consentira cosi alla pubblica opinione di valutare in via diretta (Applausi all'estrema sinistra), senza essere corrotta a livello mentale dalle falsita e dalle menzogne che stanno apparendo sui giornali! ",(Proteste all'estrema sinistra),. 
73,1978-12-16,7,Andreotti IV,ostilità tra alleati,proteste,PCI,PRI,BIAGIO PINTO,Vive proteste all'estrema sinistra,FALSE,TRUE,"PINTO. Io sono contrario all'inserzione di nuove materie all'ordine del giorno, ma mi permetto di rivolgere un invito al ministro Pedini, alla maggioranza e al Governo: di accettare -o per lo meno di valutare fino in fondo i contenuti espressi con la nostra battaglia. Ci sono dei lavoratori che hanno bisogno di una risposta ",(Vive proteste all'estrema sinistra),". , PINTO. Io sono contrario all'inserzione di nuove materie all'ordine del giorno, ma mi permetto di rivolgere un invito al ministro Pedini, alla maggioranza e al Governo: di accettare -o per lo meno di valutare fino in fondo i contenuti espressi co"
74,1978-12-16,7,Andreotti IV,ostilità tra alleati,proteste,PCI,PRI,BIAGIO PINTO,Vive proteste all'estrema sinistra,FALSE,TRUE,"i con la nostra battaglia. Ci sono dei lavoratori che hanno bisogno di una risposta (Vive proteste all'estrema sinistra). , PINTO. Io sono contrario all'inserzione di nuove materie all'ordine del giorno, ma mi permetto di rivolgere un invito al ministro Pedini, alla maggioranza e al Governo: di accettare -o per lo meno di valutare fino in fondo i contenuti espressi con la nostra battaglia. Ci sono dei lavoratori che hanno bisogno di una risposta ",(Vive proteste all'estrema sinistra),. 
75,1979-01-30,7,Andreotti IV,applauso tra opposizioni opposte,applausi,PLI,MSI,PINO ROMUALDI,Applausi dei deputati del gruppo liberale,FALSE,FALSE,"nga ai partiti democratici che condividono con noi gli obiettivi di una democrazia piu forte e quindi piu libera, di una organizzazione economica e sociale piu fortemente integrata con la realta europea. Se una iniziativa di questo genere ci sara, noi la valuteremo con l'intendimento positivo che il Presidente del Consiglio ha auspicato nelle sue comunicazioni e che e stato sempre, anche oggi che sono all'opposizione, l'intendimento dei liberali ",(Applausi dei deputati del gruppo liberale),. 
76,1980-07-18,8,Cossiga II,applauso tra opposizioni opposte,applausi,MSI,PLI,ALFREDO BIONDI,Applausi a destra,FALSE,FALSE,"fficienza, l'autonomia, l'imparzialita della polizia, perche dove entra la partitocrazia esce lo Stato. E noi temiamo che la polizia si allontani dallo Stato. Volevamo una polizia diversa, immagine dello Stato, garanzia di liberta per i cittadini. Ci batteremo al Senato perche questa immagine la polizia possa averla. E ci batteremo sulla nostra linea, che parte dai diritti della categoria ma che ha come fine la difesa della societa e dello Stato ",(Applausi a destra),.   
77,1981-03-01,8,Forlani,ostilità tra alleati,proteste,DC,PSI,MARIO RAFFAELLI,Proteste al centro e a sinistra,FALSE,TRUE,"one-ombra >>, che opera al di sopra della Commissione difesa della Camera., RAFFAELLI. zione ! Questa e una provocaCICCIOMESSERE. Perche la mia e una provocazione, collega? Spiegami. E provocatorio parlare delle lobbies che finanziano i gruppi di pressione esistenti allo interno di questa Camera e che vogliono queste scelte militari ? (Proteste al centro e a destra). Almeno, signora Presidente, negli altri paesi, come negli Stati Uniti d'America ",(Proteste al centro e a sinistra - Richiami del Presidente),", le lobbies di pressione pubblicano i loro bilanci. E vorrei proprio sapere se qualcuno ha il coraggio di pubblicare il bilancio dell'Istrid, di dichiarare da dove vengano le centinaia di milioni che sostengono questa << Commissione difesa-ombra >>,"
78,1981-03-01,8,Forlani,ostilità tra alleati,proteste,DC,PSI,MARIO RAFFAELLI,Proteste al centro e a sinistra,FALSE,TRUE,"one-ombra >>, che opera al di sopra della Commissione difesa della Camera., RAFFAELLI. zione ! Questa e una provocaCICCIOMESSERE. Perche la mia e una provocazione, collega? Spiegami. E provocatorio parlare delle lobbies che finanziano i gruppi di pressione esistenti allo interno di questa Camera e che vogliono queste scelte militari ? (Proteste al centro e a destra). Almeno, signora Presidente, negli altri paesi, come negli Stati Uniti d'America ",(Proteste al centro e a sinistra - Richiami del Presidente),", le lobbies di pressione pubblicano i loro bilanci. E vorrei proprio sapere se qualcuno ha il coraggio di pubblicare il bilancio dell'Istrid, di dichiarare da dove vengano le centinaia di milioni che sostengono questa << Commissione difesa-ombra >>,"
79,1981-11-04,8,Spadolini I,ostilità tra alleati,apostrofi,PSI,PLI,ALDO BOZZI,Scambio di apostrofi tra il deputato Roccella ed il deputato Tocco,FALSE,TRUE,"BOZZI. Ma finiscila! Stai un po' zitto, se ci riesci. Parli male e non sai nemmeno stare zitto! (Applausi al centro, all'estrema sinistra e a sinistra)., Perche il fascismo fu il prodotto di due fenomeni che vedo delinearsi in questo momento. Il fascismo fu il prodotto di una minoranza prevaricatrice e di una maggioranza debole ",(Scambio di apostrofi tra il deputato Roccella ed il deputato Tocco),". Poi ve la vedete fra voi due!, Una minoranza prevaricatrice che usava la violenza fisica fuori di quest'aula ma, qualche volta, anche in quest'aula. Qualche volta usava in quest'aula una violenza verbale di cui vediamo alcune tracce in questi momen"
80,1981-11-04,8,Spadolini I,ostilità tra alleati,apostrofi,PSI,PLI,ALDO BOZZI,Scambio di apostrofi tra il deputato Roccella ed il deputato Tocco,FALSE,TRUE,"BOZZI. Ma finiscila! Stai un po' zitto, se ci riesci. Parli male e non sai nemmeno stare zitto! (Applausi al centro, all'estrema sinistra e a sinistra)., Perche il fascismo fu il prodotto di due fenomeni che vedo delinearsi in questo momento. Il fascismo fu il prodotto di una minoranza prevaricatrice e di una maggioranza debole ",(Scambio di apostrofi tra il deputato Roccella ed il deputato Tocco),". Poi ve la vedete fra voi due!, Una minoranza prevaricatrice che usava la violenza fisica fuori di quest'aula ma, qualche volta, anche in quest'aula. Qualche volta usava in quest'aula una violenza verbale di cui vediamo alcune tracce in questi momen"
81,1981-11-05,8,Spadolini I,applauso all'avversario,applausi,DC,RAD,ALESSANDRO TESSARI,Vivi applausi all'estrema sinistra Commenti al centro,FALSE,FALSE,"unque lo trovo ridicolo e cialtronesco proprio perche non consente la lettura. Signor Presidente, siamo in presenza di una turlupinatura di questo Parlamento, perche non ci mettete neanche in condizione di sapere su che cosa voteremo, ci usate infatti come il gatto fa con il topo, perche dite: abbiamo la forza di mettervi il bavaglio  questo motivo che alla Camera, finche siedera al banco della Presidenza la Presidente Iotti, non parlero mai piu ",(Vivi applausi all'estrema sinistra Commenti al centro),". Belli, bravi compagni comunisti, guardate come siete soddisfatti, mai parlato, mai avuto il coraggio di dire le vostre opinioni! Siete pacifici ed incuranti e neanche vi ponete il problema di sapere che cosa ... sta succedendo con la vostra complic"
82,1981-11-05,8,Spadolini I,applauso all'avversario,applausi,DC,RAD,ALESSANDRO TESSARI,Vivi applausi all'estrema sinistra Commenti al centro,FALSE,FALSE,"unque lo trovo ridicolo e cialtronesco proprio perche non consente la lettura. Signor Presidente, siamo in presenza di una turlupinatura di questo Parlamento, perche non ci mettete neanche in condizione di sapere su che cosa voteremo, ci usate infatti come il gatto fa con il topo, perche dite: abbiamo la forza di mettervi il bavaglio  questo motivo che alla Camera, finche siedera al banco della Presidenza la Presidente Iotti, non parlero mai piu ",(Vivi applausi all'estrema sinistra Commenti al centro),". Belli, bravi compagni comunisti, guardate come siete soddisfatti, mai parlato, mai avuto il coraggio di dire le vostre opinioni! Siete pacifici ed incuranti e neanche vi ponete il problema di sapere che cosa ... sta succedendo con la vostra complic"
83,1982-02-10,8,Spadolini I,applauso all'avversario,applausi,PCI+RAD,PRI,BIAGIO PINTO,Vivi applausi dei deputati del gruppo radicale ed all'estrema sinistra,FALSE,FALSE,"ellanze in mozioni, per 'arrivare finalmente qui, in questa Camera, ad un voto, un voto che sia chiarificatore, che ponga ognuno di fronte alle proprie responsabilita, il Governo ed i partiti della maggioranza., Mi auguro che almeno i compagni socialisti assumano una posizione diversa, fattiva e concreta; mi auguro che sia cosi; perche le affermazioni che lei, signor ministro, ha fatto oggi non sono tollerabili, da nessun punto di vista. Grazie. ",(Vivi applausi dei deputati del gruppo radicale ed all'estrema sinistra),. 
84,1982-02-10,8,Spadolini I,applauso all'avversario,applausi,PCI+RAD,PRI,BIAGIO PINTO,Vivi applausi dei deputati del gruppo radicale ed all'estrema sinistra,FALSE,FALSE,"ellanze in mozioni, per 'arrivare finalmente qui, in questa Camera, ad un voto, un voto che sia chiarificatore, che ponga ognuno di fronte alle proprie responsabilita, il Governo ed i partiti della maggioranza., Mi auguro che almeno i compagni socialisti assumano una posizione diversa, fattiva e concreta; mi auguro che sia cosi; perche le affermazioni che lei, signor ministro, ha fatto oggi non sono tollerabili, da nessun punto di vista. Grazie. ",(Vivi applausi dei deputati del gruppo radicale ed all'estrema sinistra),. 
85,1982-05-18,8,Spadolini I,applauso tra opposizioni opposte,applausi,MSI,PCI,GIUSEPPE CARRÀ,Applausi a destra,FALSE,FALSE,"alificare il loro ruolo su tale importante materia di cui hanno la prioritaria competenza; 4) affinche il Fondo sociale europeo venga dotato di ulteriori mezzi finanziari data l'attuale notevole inadeguatezza per una lotta efficace contro la disoccupazione ed una vasta promozione della formazione professionale; 5) affinche il Fondo sociale  l'ottica in cui si inquadrano; non si tratta di ostruzionismo, ma solo di proposte concrete e migliorative ",(Applausi a destra),. 
86,1983-12-16,9,Craxi I,ostilità tra alleati,proteste,DC,PSI,MAURIZIO SACCONI,Vive proteste a destra e al centro,FALSE,FALSE,"ione che non vede contrapposizione politica, puo forse utilmente dirimere la situazione nella quale ci siamo venuti a trovare., Con una breve sospensione dei nostri lavori... (Proteste a destra e al centro) ...vi e la possibilita di chiarire le esigenze prospettate dal Comitato dei nove all'Assemblea; non da una sola parte, ma dalla quasi unanimita dei suoi componenti - sottolineo, alla quasi unanimita dei suoi componenti - in una condizione ... ",(Vive proteste a destra e al centro), ...di questo tipo anche i colleghi che forse non danno proporzione al fiato che usano rispetto all'impegno che mettono nel seguire i lavori... (Proteste al centro e a destra) ...se il Comitato dei nove chiede alla unanimita una breve sospensione per
87,1983-12-16,9,Craxi I,ostilità tra alleati,proteste,DC,PSI,MAURIZIO SACCONI,Vive proteste a destra e al centro,FALSE,FALSE,"ione che non vede contrapposizione politica, puo forse utilmente dirimere la situazione nella quale ci siamo venuti a trovare., Con una breve sospensione dei nostri lavori... (Proteste a destra e al centro) ...vi e la possibilita di chiarire le esigenze prospettate dal Comitato dei nove all'Assemblea; non da una sola parte, ma dalla quasi unanimita dei suoi componenti - sottolineo, alla quasi unanimita dei suoi componenti - in una condizione ... ",(Vive proteste a destra e al centro), ...di questo tipo anche i colleghi che forse non danno proporzione al fiato che usano rispetto all'impegno che mettono nel seguire i lavori... (Proteste al centro e a destra) ...se il Comitato dei nove chiede alla unanimita una breve sospensione per
88,1983-12-22,9,Craxi I,applauso tra opposizioni opposte,approvazioni,MSI,PCI,ANTONIO BERNARDI,Cenni di assenso del deputato Servello,FALSE,TRUE,ANTONIOBERNARDI. . Non so esattamente se l'onorevole Servello si riferisse alle cronache parlamentari ,(Cenni di assenso del deputato Servello),", ma io devo sottolineare - l'ho gia fatto alla presidenza della Commissione parlamentare di vigilanza, al senatore Signorello, e lo ribadisco in quest'aula - che sia i telegiornali del pomeriggio di ieri, sia quelli della sera ed in modo particolare"
89,1984-04-07,9,Craxi I,applauso all'avversario,applausi,PSI,PCI,RINO FORMICA,Vivi applausi dei deputati del gruppo del PSI,FALSE,FALSE,"e, forse perche gli uomini sono piu disposti a punire che a ricompensare. Egli conclude il suo scritto raccomandando ai ciarlatani, grandi e piccoli, di non leggere il suo libro: leggendolo essi diverrebbero come il pazzo di Orazio, che si lagnava dei medici che l'avevano guarito. Noi speriamo che i molti che hanno ciarlato tanto e volentieri le riconoscano, onorevole Presidente del Consiglio, i meriti e non si comportino come il pazzo di Orazio ",(Vivi applausi dei deputati del gruppo del PSI),. 
90,1984-04-07,9,Craxi I,applauso all'avversario,applausi,PCI+SI,DC,VITO LATTANZIO,"Vivi, prolungati applausi all'estrema sinistra e dei deputati del gruppo della sinistra indipendente",FALSE,FALSE,"vasori fiscali..., Sto concludendo, signor Presidente., Stupisce ancor di piu che si definisca, come e stato fatto ieri sera, questo provvedimento come atteso da tutto il paese perche veramente, allora, si da a tutto il paese la patente per lo meno di ingenuita., Noi non ci sentiremmo mai di affermare con tanta certezza che questo provvedimento  e, ne potrebbe esserlo, ma perche questo suona come beffa e offesa all'intelligenza del nostro popolo ","(Vivi, prolungati applausi all'estrema sinistra e dei deputati del gruppo della sinistra indipendente - Molte congratulazioni)",. 
91,1984-04-07,9,Craxi I,applauso all'avversario,applausi,PCI+SI,DC,VITO LATTANZIO,"Vivi, prolungati applausi all'estrema sinistra e dei deputati del gruppo della sinistra indipendente",FALSE,FALSE,"vasori fiscali..., Sto concludendo, signor Presidente., Stupisce ancor di piu che si definisca, come e stato fatto ieri sera, questo provvedimento come atteso da tutto il paese perche veramente, allora, si da a tutto il paese la patente per lo meno di ingenuita., Noi non ci sentiremmo mai di affermare con tanta certezza che questo provvedimento  e, ne potrebbe esserlo, ma perche questo suona come beffa e offesa all'intelligenza del nostro popolo ","(Vivi, prolungati applausi all'estrema sinistra e dei deputati del gruppo della sinistra indipendente - Molte congratulazioni)",. 
92,1986-12-03,9,Craxi II,ostilità tra alleati,grida,DC,PSI,FRANCO PIRO,Una voce al centro: Chi glielo impedisce?,FALSE,FALSE,"n andare a qualcosa di confezionato, ma di consentire al paese di sapere che l'<<azienda giustizia>> funziona male e che vi e l'impegno del Governo, della Camera, del Senato e soprattutto dei giudici e degli avvocati per farla funzionare meglio.   Questo e coraggio e Marco Pannella ha avuto la possibilita di parlare in quella conferenza, cosi come, secondo me, deve avere la possibilita di continuare a parlare alla Camera dei deputati. Io voto... ",(Una voce al centro: Chi glielo impedisce?)," Nessuno glielo impedisce, ma se si dimette non potra piu parlare in quest'aula., Signor Presidente, io votero seguendo le indicazioni dell'articolo 67 della Costituzione, che conferisce ad ogni deputato una rappresentanza, senza vincolo di mandato, "
93,1987-04-28,9,Fanfani VI,applauso tra opposizioni opposte,applausi,PSI,PLI,GIORGIO FERRARI,Applausi dei deputati dei gruppi radicale e del PSI,FALSE,FALSE,"tato di instabilita, contrario alla ricerca di uno spiraglio per far rivivere la coalizione., Sembra a me che il discorso fatto questa mattina dall'onorevole Craxi ed il punto di incontro cui si era fatto riferimento in quest'aula avrebbero potuto costituire tale spiraglio. Mi meraviglia, dunque, la presa di posizione della democrazia cristiana. Proprio per distinguermi da tutto questo, confermo che votera a favore della fiducia a questo Governo ",(Applausi dei deputati dei gruppi radicale e del PSI),. 
94,1987-04-28,9,Fanfani VI,applauso tra opposizioni opposte,applausi,PSI,PLI,GIORGIO FERRARI,Applausi dei deputati dei gruppi radicale e del PSI,FALSE,FALSE,"tato di instabilita, contrario alla ricerca di uno spiraglio per far rivivere la coalizione., Sembra a me che il discorso fatto questa mattina dall'onorevole Craxi ed il punto di incontro cui si era fatto riferimento in quest'aula avrebbero potuto costituire tale spiraglio. Mi meraviglia, dunque, la presa di posizione della democrazia cristiana. Proprio per distinguermi da tutto questo, confermo che votera a favore della fiducia a questo Governo ",(Applausi dei deputati dei gruppi radicale e del PSI),. 
95,1987-11-24,10,Goria,applauso all'avversario,applausi,PCI,PLI,ALFREDO BIONDI,Vivi applausi all'estrema sinistra,FALSE,FALSE,"oi rappresentiamo, per la nostra volonta di lotta e per il fermo impegno di non recedere e di non arrenderci, anche tanta parte dei vostri elettori e degli elettori di coloro che, forse, hanno creduto di mandare su questi banchi, oggi vuoti, uomini e donne che li avrebbero rappresentati  altre forze del paese. Noi siamo una di quelle forze: possiamo essere, e saremo, una forza determinante, e domani voteranno per noi tutti quelli che scioperano! ",(Vivi applausi all'estrema sinistra - Congratulazioni),. 
96,1989-05-31,10,De Mita,applauso tra opposizioni opposte,applausi,VERDI,MSI,CARLO TASSI,Applausi dei deputati del gruppo verde,FALSE,FALSE,"to a far annullare tutte le cartelle delle tasse e delle imposte, perche erano state emesse in modo illegittimo ed illecito., In questo caso occorre decidersi: se volete stabilire una imposta sullo scarico, voi consentite l'abusivismo in modo legittimo. Quando infatti uno ha pagato, puo affermare: non mi interessa se si inquina l'Olona, il Po e tutto il resto, perche tanto io ho pagato il prezzo dell'inquinamento. Questa sarebbe la cosa peggiore ",(Applausi dei deputati del gruppo verde),", la cosa piu sciocca e piu stupida, che non credo nemmeno i verdi, gli ecologisti o i bombaroli anti-Montedison possano arrivare a pretendere., Cerchiamo allora di comportarci con un minimo di discernimento e, se vogliamo agire, anziche introdurre u"
97,1990-04-19,10,Andreotti VI,ostilità tra alleati,proteste,PSI,DC,LUCIANO RADI,Vive proteste dei deputati del gruppo del PSI - Numerosi deputati segnalano il mancato funzionamento del dispositivo elettronico di votazione,FALSE,TRUE,"RADI. Ha chiuso troppo presto la votazione, Presidente! ",(Commenti - Vive proteste dei deputati del gruppo del PSI - Numerosi deputati segnalano il mancato funzionamento del dispositivo elettronico di votazione),. 
98,1990-11-09,10,Andreotti VI,applauso tra opposizioni opposte,applausi,MSI,PCI,ANDREA GEREMICCA,Applausi dei deputati del gruppo del MSI destra nazionale,FALSE,FALSE,"ioe dei premi di maggioranza, dei premi a partiti che non meritano affatto di essere premiati dal corpo elettorale. Mettete mano, piuttosto, ad una riforma profonda degli istituti parlamentari, che ormai sono fuori dalla realta sociale del nostro paese, e forse situazioni come quella di stamane non si verificheranno!, Sono queste le considerazioni in base alle quali noi comunque annunciamo che voteremo, sia pure contro, sul bilancio della difesa ",(Applausi dei deputati del gruppo del MSI destra nazionale),. Nino 
99,1991-12-06,10,Andreotti VII,applauso all'avversario,applausi,VERDI,DC,VINCENZO RUSSO,Applausi dei deputati del gruppo verde,FALSE,FALSE,"cultura, ono  revole Seppia. Essendo esperti della materia, essi hanno ragioni da vendere nel sostenere che non bisogna assolutamente tagliare con un decreto del centro l'utilizzazione delle risorse, che potrebbe invece essere raggiunta attraverso una razionalizzazione da non imporre con paramentri astratti, ma a seconda delle diverse situazioni., Non aggiungo altro, se non per ribadire il nostro voto favorevole all'emendamento Soave 5. 1595-bis ",(Applausi dei deputati del gruppo verde),. 
100,1991-12-13,10,Andreotti VII,ostilità tra alleati,grida,DC,PSI,FRANCO PIRO,Dai banchi del gruppo della DC si grida: Chi e?,FALSE,FALSE,"la rivalutazione obbligatoria dei beni d'impresa>>. Andate dagli artigiani, andate dagli industriali... poi ne discuteremo! Perche, tanto, sul 17 avevo chiesto la parola, ma sulla ruota di Napoli e uscito il 17 la scorsa settimana. i, Attenzione, onorevoli colleghi, in Emilia Romagna e in Veneto moltissime imprese, come in Lombardia, saranno cedute. Io non ho altro da dire, perche c'e un solo soggetto che puo comprare in questo momento in Italia ",(Dai banchi del gruppo della DC si grida: <<Chi e?>>),". Ah, chi e!? La domanda sorge spontanea, direbbe Lubrano. Pero, quando si fa la rivalutazione obbligatoria dei beni, onorevoli colleghi, si deve sapere la verita. La proposta di legge dell'opposizione prevedeva una patrimoniale <<leggera>>; questa e"
101,1992-04-30,11,Andreotti VII,applauso all'avversario,applausi,LEGA,DC,ALBERTO ROSSI,"Vivi, prolungati, applausi dei deputati del gruppo della lega nord Commenti",FALSE,TRUE,"ROSSI. La lega nord non rappresenta correnti, <<capi-bastone>>, lottizzazioni, ma la sovranita popolare! (Vivi, prolungati, applausi dei deputati del gruppo della lega nord Commenti). , ROSSI. La lega nord non rappresenta correnti, <<capi-bastone>>, lottizzazioni, ma la sovranita popolare! ","(Vivi, prolungati, applausi dei deputati del gruppo della lega nord Commenti)",". , ROSSI. La lega nord non rappresenta correnti, <<capi-bastone>>, lottizzazioni, ma la sovranita popolare! (Vivi, prolungati, applausi dei deputati del gruppo della lega nord Commenti). , ROSSI. La lega nord non rappresenta correnti, <<capi-bastone"
102,1992-04-30,11,Andreotti VII,applauso all'avversario,applausi,LEGA,DC,ALBERTO ROSSI,"Vivi, prolungati, applausi dei deputati del gruppo della lega nord Commenti",FALSE,TRUE,"presenta correnti, <<capi-bastone>>, lottizzazioni, ma la sovranita popolare! (Vivi, prolungati, applausi dei deputati del gruppo della lega nord Commenti). , ROSSI. La lega nord non rappresenta correnti, <<capi-bastone>>, lottizzazioni, ma la sovranita popolare! (Vivi, prolungati, applausi dei deputati del gruppo della lega nord Commenti). , ROSSI. La lega nord non rappresenta correnti, <<capi-bastone>>, lottizzazioni, ma la sovranita popolare! ","(Vivi, prolungati, applausi dei deputati del gruppo della lega nord Commenti)",. 
103,1992-07-22,11,Amato I,ostilità tra alleati,proteste,DC,PLI,VITTORIO SGARBI,Vive proteste dei deputati del gruppo della DC,FALSE,TRUE,VITTORIOSGARBI. . Lei mi deve spiegare perche ogni volta che debbo parlare ci sono rumori o colleghi che dichiarano di aver fame! ,(Vive proteste dei deputati del gruppo della DC),. 
104,1992-07-22,11,Amato I,ostilità tra alleati,proteste,DC,PLI,VITTORIO SGARBI,Vive proteste dei deputati del gruppo della DC,FALSE,TRUE,"VITTORIOSGARBI. . Ma insomma, siete ipocriti? Dite le cose e le ritirate?! Abbiate il coraggio di quello che fate! ",(Vive proteste dei deputati del gruppo della DC),". Comunque, il concetto e questo. (Proteste dei deputati del gruppo della DC)... "
105,1992-12-02,11,Amato I,applauso tra opposizioni opposte,applausi,RC,LEGA,ANTONIO MAGRI,Applausi dei deputati del gruppo di rifondazione comunista,FALSE,FALSE,"maggioranza degli aventi diritto al voto e non semplicemente dei voti validi., E una strada piu difficile; quindi propendo a consigliare prudenza sull'argomento e a non scegliere un percorso e una modifica che, oltre ad incidere pericolosamente sull'articolo 138 della Costituzione, nel merito - mentre in apparenza sembra stimolare un maggior controllo democratico - potrebbe al contrario sollecitare la ricerca di maggioranze risicate e sbrigative ",(Applausi dei deputati del gruppo di rifondazione comunista),. 
106,1993-04-20,11,Amato I,applauso tra opposizioni opposte,applausi,LEGA,PDS,MARIA ANTONIETTA SARTORI,Applausi dei deputati del gruppo della lega nord,FALSE,FALSE," di Varese sta divenendo insostenibile., Riportero un solo dato. In un anno le ore di cassa integrazione sono aumentate del 290  una provincia che continua ad essere considerata come un'oasi felice in questa nazione, mentre non lo e piu, in particolare a causa della crisi dei settori tessile, meccanico e metalmecccanico., Sono costretto a ritirare l'emendamento, signor Presidente, non sussistendo piu i termini di legge perche si vada a votazioni ",(Applausi dei deputati del gruppo della lega nord),. 
107,1994-07-21,12,Berlusconi I,ostilità tra alleati,proteste,FI,LEGA,SERGIO CASTELLANETA,Vivissime proteste dei deputati del gruppo di forza Italia,FALSE,FALSE," socialista con a capo Craxi e la democrazia cristiana con a capo Forlani, De Mita, Andreotti e via dicendo (Vivi applausi dei deputati del gruppo della lega nord). Questo per chiarire le cose perche quando noi eravamo nelle piazze, e facevamo propaganda contro i ladri di Stato a favore di mani pulite, voi eravate nei salotti di Berlusconi, complice di quel regime di ladri. E questo, se non ve lo possono dire i deputati della lega, ve lo dico io ",(Vivissime proteste dei deputati del gruppo di forza Italia),". State zitti! Berlusca, state zitti! "
108,1994-10-11,12,Berlusconi I,applauso tra opposizioni opposte,applausi,PROGR,PPI,GIUSEPPINA SERVODIO,Applausi dei deputati del gruppo progressisti-federativo,FALSE,FALSE,"o e siano tra loro collegati., Non capisco perche il documento presentato dalle opposizioni, cioe dai gruppi progressisti-federativo, di rifondazione comunista-progressisti e del partito popolare italiano, non sia stato accolto e l'altro si. Vorrei un chiarimento, perche mi sembra che entrambi abbiano il medesimo obiettivo., Debbo allora ritenere che si tratti di una posizione di parte e che non vi sia un reale desiderio di risolvere il problema ",(Applausi dei deputati del gruppo progressisti-federativo),. 
109,1994-11-20,12,Berlusconi I,applauso tra opposizioni opposte,applausi,PROGR+RC,PPI,RENZO GUBERT,"Applausi dei deputati dei gruppi del partito popolore italiano, progressisti-federativo e di rifondazione comunista-progressisti",FALSE,FALSE,"e ne citano altre, ma non questa. Si tratta di una strana dimenticanza che dimostra la scarsa attenzione fino ad oggi rivolta ad una legge dello Stato e ad un problema molto importante., La Commissione agricoltura ha approvato una risoluzione a tale riguardo. Ritengo a questo punto indispensabile dare un segnale in favore dell'effettiva attuazione della legge n. 97 del 1994 che si propone di far fronte ad uno dei piu rilevanti problemi nazionali ","(Applausi dei deputati dei gruppi del partito popolore italiano, progressisti-federativo e di rifondazione comunista-progressisti)",.  dichiarazione di voto il deputato Galdelli. Ne ha facolta. 
110,1994-11-20,12,Berlusconi I,applauso tra opposizioni opposte,applausi,PROGR+RC,PPI,RENZO GUBERT,"Applausi dei deputati dei gruppi del partito popolore italiano, progressisti-federativo e di rifondazione comunista-progressisti",FALSE,FALSE,"e ne citano altre, ma non questa. Si tratta di una strana dimenticanza che dimostra la scarsa attenzione fino ad oggi rivolta ad una legge dello Stato e ad un problema molto importante., La Commissione agricoltura ha approvato una risoluzione a tale riguardo. Ritengo a questo punto indispensabile dare un segnale in favore dell'effettiva attuazione della legge n. 97 del 1994 che si propone di far fronte ad uno dei piu rilevanti problemi nazionali ","(Applausi dei deputati dei gruppi del partito popolore italiano, progressisti-federativo e di rifondazione comunista-progressisti)",.  dichiarazione di voto il deputato Galdelli. Ne ha facolta. 
111,1994-12-21,12,Berlusconi I,ostilità tra alleati,commenti,AN+FI,LEGA,UMBERTO BOSSI,Commenti dei deputati dei gruppi di forza Italia e di alleanza nazionale-MSI,FALSE,TRUE,"UMBERTOBOSSI. . Ritengo quindi di dover fare riferimento al documento attraverso il quale abbiamo espresso sfiducia nei confronti dell'attuale Governo presieduto da lei, onorevole Berlusconi: una sfiducia che e il primo esempio di sfiducia costruttiva ",(Commenti dei deputati dei gruppi di forza Italia e di alleanza nazionale-MSI),. 
112,1994-12-21,12,Berlusconi I,ostilità tra alleati,commenti,AN+FI,LEGA,UMBERTO BOSSI,Commenti dei deputati dei gruppi di forza Italia e di alleanza nazionale-MSI,FALSE,TRUE,"UMBERTOBOSSI. . Ritengo quindi di dover fare riferimento al documento attraverso il quale abbiamo espresso sfiducia nei confronti dell'attuale Governo presieduto da lei, onorevole Berlusconi: una sfiducia che e il primo esempio di sfiducia costruttiva ",(Commenti dei deputati dei gruppi di forza Italia e di alleanza nazionale-MSI),. 
113,1994-12-21,12,Berlusconi I,ostilità tra alleati,applausi_polemici,AN+FI,LEGA,UMBERTO BOSSI,Applausi polemici dei deputati dei gruppi di forza Italia e di alleanza nazionale-MSI,FALSE,FALSE,"ubordinata solo e soltanto all'assoluto rispetto dei patti. E la lega aveva posto sul tavolo gli itineari programmatici che il Governo avrebbe dovuto seguire, sottolineando il suo ruolo di coscienza critica della coalizione per il passaggio dalla prima alla seconda Repubblica., Solo per questo patto postelettorale e pre dere al Capo dello Stato secondo la prassi costituzionale Palazzo Chigi, rinuncio a favore di Berlusconi in perfetta buona fede ",(Applausi dei deputati del gruppo della lega nord - Applausi polemici dei deputati dei gruppi di forza Italia e di alleanza nazionale-MSI),. 
114,1994-12-21,12,Berlusconi I,ostilità tra alleati,applausi_polemici,AN+FI,LEGA,UMBERTO BOSSI,Applausi polemici dei deputati dei gruppi di forza Italia e di alleanza nazionale-MSI,FALSE,FALSE,"ubordinata solo e soltanto all'assoluto rispetto dei patti. E la lega aveva posto sul tavolo gli itineari programmatici che il Governo avrebbe dovuto seguire, sottolineando il suo ruolo di coscienza critica della coalizione per il passaggio dalla prima alla seconda Repubblica., Solo per questo patto postelettorale e pre dere al Capo dello Stato secondo la prassi costituzionale Palazzo Chigi, rinuncio a favore di Berlusconi in perfetta buona fede ",(Applausi dei deputati del gruppo della lega nord - Applausi polemici dei deputati dei gruppi di forza Italia e di alleanza nazionale-MSI),. 
115,1994-12-21,12,Berlusconi I,ostilità tra alleati,applausi_polemici,AN+FI,LEGA,UMBERTO BOSSI,Applausi polemici dei deputati dei gruppi di forza Italia e di alleanza nazionale-MSI,FALSE,TRUE,UMBERTOBOSSI. . La lega portava a Berlusconi la dote maggiore sul piano politico ,(Applausi polemici dei deputati dei gruppi di forza Italia e di alleanza nazionale-MSI),. 
116,1994-12-21,12,Berlusconi I,ostilità tra alleati,applausi_polemici,AN+FI,LEGA,UMBERTO BOSSI,Applausi polemici dei deputati dei gruppi di forza Italia e di alleanza nazionale-MSI,FALSE,TRUE,UMBERTOBOSSI. . La lega portava a Berlusconi la dote maggiore sul piano politico ,(Applausi polemici dei deputati dei gruppi di forza Italia e di alleanza nazionale-MSI),. 
117,1994-12-21,12,Berlusconi I,ostilità tra alleati,applausi_polemici,FI,LEGA,UMBERTO BOSSI,Applausi polemici del deputato Sgarbi,FALSE,TRUE,UMBERTOBOSSI. . La distruzione del sistema centralistico e partitocratico: questa e la dote ,(Applausi dei deputati del gruppo della lega nord - Applausi polemici del deputato Sgarbi),". Portava in dote la lotta di liberazione democratica che, avanzando a folate sotto una gragnuola di colpi del vecchio regime, aveva atterrato le oligarchie craxiane ed andreottiane, sollecitando e cavalcando la protesta nata dalle regioni trainanti "
118,1994-12-21,12,Berlusconi I,ostilità tra alleati,applausi_polemici,AN+FI,LEGA,UMBERTO BOSSI,Vivi commenti ed applausi polemici dei deputati dei gruppi di forza Italia e di alleanza nazionale-MSI,FALSE,FALSE,"lio, l'inefficienza dell'apparato politico amministrativo dello Stato. Fattori di crisi che derivano dall'esistenza intatta di uno Stato centralizzato, che svolge ormai solo funzione redistributiva e che costituisce la principale ragione del dissesto., Si trattava e si tratta quindi di trovare le linee di fondo di un progetto di riforma federalista; e la lega lo ha realizzato! Il ministro, onorevole Speroni, ha realizzato il progetto federalista ",(Vivi commenti ed applausi polemici dei deputati dei gruppi di forza Italia e di alleanza nazionale-MSI), che e un valore medio fra riduzionismo empirico e massimalismo astratto e che e il federalismo possibile! E Speroni ha dovuto preparare il proprio progetto federalista che le ha consegnato questa mattina (Vivi commenti dei deputati dei gruppi di for
119,1994-12-21,12,Berlusconi I,ostilità tra alleati,applausi_polemici,AN+FI,LEGA,UMBERTO BOSSI,Vivi commenti ed applausi polemici dei deputati dei gruppi di forza Italia e di alleanza nazionale-MSI,FALSE,FALSE,"lio, l'inefficienza dell'apparato politico amministrativo dello Stato. Fattori di crisi che derivano dall'esistenza intatta di uno Stato centralizzato, che svolge ormai solo funzione redistributiva e che costituisce la principale ragione del dissesto., Si trattava e si tratta quindi di trovare le linee di fondo di un progetto di riforma federalista; e la lega lo ha realizzato! Il ministro, onorevole Speroni, ha realizzato il progetto federalista ",(Vivi commenti ed applausi polemici dei deputati dei gruppi di forza Italia e di alleanza nazionale-MSI), che e un valore medio fra riduzionismo empirico e massimalismo astratto e che e il federalismo possibile! E Speroni ha dovuto preparare il proprio progetto federalista che le ha consegnato questa mattina (Vivi commenti dei deputati dei gruppi di for
120,1994-12-21,12,Berlusconi I,ostilità tra alleati,commenti,AN+FI+UDC,LEGA,UMBERTO BOSSI,"Vivi commenti dei deputati dei gruppi di forza Italia, di alleanza nazionale-MSI e del centro cristiano democratico",FALSE,FALSE,"ndo di un progetto di riforma federalista; e la lega lo ha realizzato! Il ministro, onorevole Speroni, ha realizzato il progetto federalista (Vivi commenti ed applausi polemici dei deputati dei gruppi di forza Italia e di alleanza nazionale-MSI) che e un valore medio fra riduzionismo empirico e massimalismo astratto e che e il federalismo possibile! E Speroni ha dovuto preparare il proprio progetto federalista che le ha consegnato questa mattina ","(Vivi commenti dei deputati dei gruppi di forza Italia, di alleanza nazionale-MSI e del centro cristiano democratico)"," e che diventera disegno di legge in questa Camera, fra il disinteresse e l'ostilita delle forze di Governo!, Insomma, un Governo che ha inteso la governabilita come fine a se stessa, il potere per il potere, la governabilita per la governabilita (Ja"
121,1994-12-21,12,Berlusconi I,ostilità tra alleati,commenti,AN+FI+UDC,LEGA,UMBERTO BOSSI,"Vivi commenti dei deputati dei gruppi di forza Italia, di alleanza nazionale-MSI e del centro cristiano democratico",FALSE,FALSE,"ndo di un progetto di riforma federalista; e la lega lo ha realizzato! Il ministro, onorevole Speroni, ha realizzato il progetto federalista (Vivi commenti ed applausi polemici dei deputati dei gruppi di forza Italia e di alleanza nazionale-MSI) che e un valore medio fra riduzionismo empirico e massimalismo astratto e che e il federalismo possibile! E Speroni ha dovuto preparare il proprio progetto federalista che le ha consegnato questa mattina ","(Vivi commenti dei deputati dei gruppi di forza Italia, di alleanza nazionale-MSI e del centro cristiano democratico)"," e che diventera disegno di legge in questa Camera, fra il disinteresse e l'ostilita delle forze di Governo!, Insomma, un Governo che ha inteso la governabilita come fine a se stessa, il potere per il potere, la governabilita per la governabilita (Ja"
122,1994-12-21,12,Berlusconi I,ostilità tra alleati,commenti,AN+FI+UDC,LEGA,UMBERTO BOSSI,"Vivi commenti dei deputati dei gruppi di forza Italia, di alleanza nazionale-MSI e del centro cristiano democratico",FALSE,FALSE,"ndo di un progetto di riforma federalista; e la lega lo ha realizzato! Il ministro, onorevole Speroni, ha realizzato il progetto federalista (Vivi commenti ed applausi polemici dei deputati dei gruppi di forza Italia e di alleanza nazionale-MSI) che e un valore medio fra riduzionismo empirico e massimalismo astratto e che e il federalismo possibile! E Speroni ha dovuto preparare il proprio progetto federalista che le ha consegnato questa mattina ","(Vivi commenti dei deputati dei gruppi di forza Italia, di alleanza nazionale-MSI e del centro cristiano democratico)"," e che diventera disegno di legge in questa Camera, fra il disinteresse e l'ostilita delle forze di Governo!, Insomma, un Governo che ha inteso la governabilita come fine a se stessa, il potere per il potere, la governabilita per la governabilita (Ja"
123,1994-12-21,12,Berlusconi I,ostilità tra alleati,applausi_polemici,AN+FI+UDC,LEGA,UMBERTO BOSSI,"Applausi polemici dei deputati dei gruppi di forza Italia, di alleanza nazionale-MSI e del centro cristiano democratico",FALSE,FALSE,"a di un patto preventivo stipulato davanti agli elettori! E quindi solo a Berlusconi, se e vera la premessa, compete concedere la verifica e implicitamente mantenere o sciogliere le Camere. E una tesi che lede i poteri costituzionali del Presidente della Repubblica e lascia trasparire il ritorno nella politica di dogmi antiliberali!, Questa non e e non sara mai piu, onorevole Berlusconi e onorevole Fini, la Camera dei fasci e delle corporazioni! ","(Vivi applausi dei deputati dei gruppi della lega nord, progressisti-federativo, di rifondazione comunista-progressisti e del partito popolare italiano - Applausi polemici dei deputati dei gruppi di forza Italia, di alleanza nazionale-MSI e del centro cristiano democratico - I deputati del gruppo della lega nord si levano in piedi e gridano: Bossi! Bossi!)","., Onorevole Presidente, mi consenta di ricordarle che lo Stato non e lei! (Vivi applausi dei deputati dei gruppi della lega nord, progressisti-federativo, di rifondazione comunista-progressisti e del partito popolare italiano - Applausi polemici dei"
124,1994-12-21,12,Berlusconi I,ostilità tra alleati,applausi_polemici,AN+FI+UDC,LEGA,UMBERTO BOSSI,"Applausi polemici dei deputati dei gruppi di forza Italia, di alleanza nazionale-MSI e del centro cristiano democratico",FALSE,FALSE,"a di un patto preventivo stipulato davanti agli elettori! E quindi solo a Berlusconi, se e vera la premessa, compete concedere la verifica e implicitamente mantenere o sciogliere le Camere. E una tesi che lede i poteri costituzionali del Presidente della Repubblica e lascia trasparire il ritorno nella politica di dogmi antiliberali!, Questa non e e non sara mai piu, onorevole Berlusconi e onorevole Fini, la Camera dei fasci e delle corporazioni! ","(Vivi applausi dei deputati dei gruppi della lega nord, progressisti-federativo, di rifondazione comunista-progressisti e del partito popolare italiano - Applausi polemici dei deputati dei gruppi di forza Italia, di alleanza nazionale-MSI e del centro cristiano democratico - I deputati del gruppo della lega nord si levano in piedi e gridano: Bossi! Bossi!)","., Onorevole Presidente, mi consenta di ricordarle che lo Stato non e lei! (Vivi applausi dei deputati dei gruppi della lega nord, progressisti-federativo, di rifondazione comunista-progressisti e del partito popolare italiano - Applausi polemici dei"
125,1994-12-21,12,Berlusconi I,ostilità tra alleati,applausi_polemici,AN+FI+UDC,LEGA,UMBERTO BOSSI,"Applausi polemici dei deputati dei gruppi di forza Italia, di alleanza nazionale-MSI e del centro cristiano democratico",FALSE,FALSE,"a di un patto preventivo stipulato davanti agli elettori! E quindi solo a Berlusconi, se e vera la premessa, compete concedere la verifica e implicitamente mantenere o sciogliere le Camere. E una tesi che lede i poteri costituzionali del Presidente della Repubblica e lascia trasparire il ritorno nella politica di dogmi antiliberali!, Questa non e e non sara mai piu, onorevole Berlusconi e onorevole Fini, la Camera dei fasci e delle corporazioni! ","(Vivi applausi dei deputati dei gruppi della lega nord, progressisti-federativo, di rifondazione comunista-progressisti e del partito popolare italiano - Applausi polemici dei deputati dei gruppi di forza Italia, di alleanza nazionale-MSI e del centro cristiano democratico - I deputati del gruppo della lega nord si levano in piedi e gridano: Bossi! Bossi!)","., Onorevole Presidente, mi consenta di ricordarle che lo Stato non e lei! (Vivi applausi dei deputati dei gruppi della lega nord, progressisti-federativo, di rifondazione comunista-progressisti e del partito popolare italiano - Applausi polemici dei"
126,1994-12-21,12,Berlusconi I,ostilità tra alleati,applausi_polemici,AN+FI+UDC,LEGA,UMBERTO BOSSI,"Applausi polemici dei deputati dei gruppi di forza Italia, di alleanza nazionale-MSI e del centro cristiano democratico",FALSE,FALSE,"le corporazioni! (Vivi applausi dei deputati dei gruppi della lega nord, progressisti-federativo, di rifondazione comunista-progressisti e del partito popolare italiano - Applausi polemici dei deputati dei gruppi di forza Italia, di alleanza nazionale-MSI e del centro cristiano democratico - I deputati del gruppo della lega nord si levano in piedi e gridano: Bossi! Bossi!)., Onorevole Presidente, mi consenta di ricordarle che lo Stato non e lei! ","(Vivi applausi dei deputati dei gruppi della lega nord, progressisti-federativo, di rifondazione comunista-progressisti e del partito popolare italiano - Applausi polemici dei deputati dei gruppi di forza Italia, di alleanza nazionale-MSI e del centro cristiano democratico)",! 
127,1994-12-21,12,Berlusconi I,ostilità tra alleati,applausi_polemici,AN+FI+UDC,LEGA,UMBERTO BOSSI,"Applausi polemici dei deputati dei gruppi di forza Italia, di alleanza nazionale-MSI e del centro cristiano democratico",FALSE,FALSE,"le corporazioni! (Vivi applausi dei deputati dei gruppi della lega nord, progressisti-federativo, di rifondazione comunista-progressisti e del partito popolare italiano - Applausi polemici dei deputati dei gruppi di forza Italia, di alleanza nazionale-MSI e del centro cristiano democratico - I deputati del gruppo della lega nord si levano in piedi e gridano: Bossi! Bossi!)., Onorevole Presidente, mi consenta di ricordarle che lo Stato non e lei! ","(Vivi applausi dei deputati dei gruppi della lega nord, progressisti-federativo, di rifondazione comunista-progressisti e del partito popolare italiano - Applausi polemici dei deputati dei gruppi di forza Italia, di alleanza nazionale-MSI e del centro cristiano democratico)",! 
128,1994-12-21,12,Berlusconi I,ostilità tra alleati,applausi_polemici,AN+FI+UDC,LEGA,UMBERTO BOSSI,"Applausi polemici dei deputati dei gruppi di forza Italia, di alleanza nazionale-MSI e del centro cristiano democratico",FALSE,FALSE,"le corporazioni! (Vivi applausi dei deputati dei gruppi della lega nord, progressisti-federativo, di rifondazione comunista-progressisti e del partito popolare italiano - Applausi polemici dei deputati dei gruppi di forza Italia, di alleanza nazionale-MSI e del centro cristiano democratico - I deputati del gruppo della lega nord si levano in piedi e gridano: Bossi! Bossi!)., Onorevole Presidente, mi consenta di ricordarle che lo Stato non e lei! ","(Vivi applausi dei deputati dei gruppi della lega nord, progressisti-federativo, di rifondazione comunista-progressisti e del partito popolare italiano - Applausi polemici dei deputati dei gruppi di forza Italia, di alleanza nazionale-MSI e del centro cristiano democratico)",! 
129,1994-12-21,12,Berlusconi I,ostilità tra alleati,commenti,AN+FI+UDC,LEGA,UMBERTO BOSSI,"Vivi commenti dei deputati dei gruppi di forza Italia, di alleanza nazionale-MSI e del centro cristiano democratico",FALSE,FALSE,"diritti lei batte i pugni sul tavolo dichiarando la sua insostituibilita? Con quali diritti lei pretende di interpretare personalmente la Costituzione tuttora in vigore?, Onorevole Presidente, mi creda, lei non e l'uomo della provvidenza, tutt'altro! (Applausi dei deputati dei gruppi della lega nord, progressisti-federativo, di rifondazione comunista-progressisti e del partito popolare italiano)., La nostra mozione di sfiducia non e provocatoria ","(Vivi commenti dei deputati dei gruppi di forza Italia, di alleanza nazionale-MSI e del centro cristiano democratico)"," ne in contrasto con la Costituzione. E solo la conseguenza dell'impantanamento del suo Governo, la conseguenza delle due ten  no stesso fra una destra assistenzialista e monopolista - che rappresenta null'altro che il tentativo di ripristinare la fi"
130,1994-12-21,12,Berlusconi I,ostilità tra alleati,commenti,AN+FI+UDC,LEGA,UMBERTO BOSSI,"Vivi commenti dei deputati dei gruppi di forza Italia, di alleanza nazionale-MSI e del centro cristiano democratico",FALSE,FALSE,"diritti lei batte i pugni sul tavolo dichiarando la sua insostituibilita? Con quali diritti lei pretende di interpretare personalmente la Costituzione tuttora in vigore?, Onorevole Presidente, mi creda, lei non e l'uomo della provvidenza, tutt'altro! (Applausi dei deputati dei gruppi della lega nord, progressisti-federativo, di rifondazione comunista-progressisti e del partito popolare italiano)., La nostra mozione di sfiducia non e provocatoria ","(Vivi commenti dei deputati dei gruppi di forza Italia, di alleanza nazionale-MSI e del centro cristiano democratico)"," ne in contrasto con la Costituzione. E solo la conseguenza dell'impantanamento del suo Governo, la conseguenza delle due ten  no stesso fra una destra assistenzialista e monopolista - che rappresenta null'altro che il tentativo di ripristinare la fi"
131,1994-12-21,12,Berlusconi I,ostilità tra alleati,commenti,AN+FI+UDC,LEGA,UMBERTO BOSSI,"Vivi commenti dei deputati dei gruppi di forza Italia, di alleanza nazionale-MSI e del centro cristiano democratico",FALSE,FALSE,"diritti lei batte i pugni sul tavolo dichiarando la sua insostituibilita? Con quali diritti lei pretende di interpretare personalmente la Costituzione tuttora in vigore?, Onorevole Presidente, mi creda, lei non e l'uomo della provvidenza, tutt'altro! (Applausi dei deputati dei gruppi della lega nord, progressisti-federativo, di rifondazione comunista-progressisti e del partito popolare italiano)., La nostra mozione di sfiducia non e provocatoria ","(Vivi commenti dei deputati dei gruppi di forza Italia, di alleanza nazionale-MSI e del centro cristiano democratico)"," ne in contrasto con la Costituzione. E solo la conseguenza dell'impantanamento del suo Governo, la conseguenza delle due ten  no stesso fra una destra assistenzialista e monopolista - che rappresenta null'altro che il tentativo di ripristinare la fi"
132,1994-12-21,12,Berlusconi I,ostilità tra alleati,commenti,FI,LEGA,UMBERTO BOSSI,Vivi commenti dei deputati del gruppo di forza Italia,FALSE,FALSE,"tico) ne in contrasto con la Costituzione. E solo la conseguenza dell'impantanamento del suo Governo, la conseguenza delle due ten  no stesso fra una destra assistenzialista e monopolista - che rappresenta null'altro che il tentativo di ripristinare la filosofia del vecchio pentapartito scardinato dall'avanzata della lega - e la destra liberista e federalista, europea e moderna, incarnata dalla lega e mi auguro anche da una parte di forza Italia ",(Vivi commenti dei deputati del gruppo di forza Italia),. 
133,1994-12-21,12,Berlusconi I,ostilità tra alleati,proteste,AN+FI+UDC,LEGA,UMBERTO BOSSI,"Vivissime, reiterate proteste dei deputati dei gruppi di forza Italia, di alleanza nazionale-MSI e del centro cristiano democratico",FALSE,TRUE,"UMBERTOBOSSI. . La lega, onorevole Presidente, le toglie la fiducia! ","(Vivissime, reiterate proteste dei deputati dei gruppi di forza Italia, di alleanza nazionale-MSI e del centro cristiano democratico)",. 
134,1994-12-21,12,Berlusconi I,ostilità tra alleati,proteste,AN+FI+UDC,LEGA,UMBERTO BOSSI,"Vivissime, reiterate proteste dei deputati dei gruppi di forza Italia, di alleanza nazionale-MSI e del centro cristiano democratico",FALSE,TRUE,"UMBERTOBOSSI. . La lega, onorevole Presidente, le toglie la fiducia! ","(Vivissime, reiterate proteste dei deputati dei gruppi di forza Italia, di alleanza nazionale-MSI e del centro cristiano democratico)",. 
135,1994-12-21,12,Berlusconi I,ostilità tra alleati,proteste,AN+FI+UDC,LEGA,UMBERTO BOSSI,"Vivissime, reiterate proteste dei deputati dei gruppi di forza Italia, di alleanza nazionale-MSI e del centro cristiano democratico",FALSE,TRUE,"UMBERTOBOSSI. . La lega, onorevole Presidente, le toglie la fiducia! ","(Vivissime, reiterate proteste dei deputati dei gruppi di forza Italia, di alleanza nazionale-MSI e del centro cristiano democratico)",. 
136,1995-03-14,12,Dini,applauso all'avversario,applausi,RC,PPI,BENIAMINO ANDREATTA,"Vivi applausi dei deputati progressisti-federativo, della lega nord e i democratici e di deputati del gruppo di rifondazione comunista-progressisti",FALSE,TRUE,"BENIAMINOANDREATTA. . Ecco perche, signor Presidente, ritengo che soluzioni alle difficolta che incontriamo nell'approvazione di questo provvedimento debbano essere trovate nella posizione della questione di fiducia e in una chiara assunzione di responsabilita da parte di tutti di fronte alle difficolta del paese ","(Vivi applausi dei deputati  progressisti-federativo, della lega nord e i democratici e di deputati del gruppo di rifondazione comunista-progressisti)",. 
137,1995-03-14,12,Dini,applauso all'avversario,applausi,RC,PPI,BENIAMINO ANDREATTA,"Vivi applausi dei deputati progressisti-federativo, della lega nord e i democratici e di deputati del gruppo di rifondazione comunista-progressisti",FALSE,TRUE,"BENIAMINOANDREATTA. . Ecco perche, signor Presidente, ritengo che soluzioni alle difficolta che incontriamo nell'approvazione di questo provvedimento debbano essere trovate nella posizione della questione di fiducia e in una chiara assunzione di responsabilita da parte di tutti di fronte alle difficolta del paese ","(Vivi applausi dei deputati  progressisti-federativo, della lega nord e i democratici e di deputati del gruppo di rifondazione comunista-progressisti)",. 
138,1995-03-14,12,Dini,applauso all'avversario,applausi,RC,PPI,BENIAMINO ANDREATTA,"Vivi applausi dei deputati progressisti-federativo, della lega nord e i democratici e di deputati del gruppo di rifondazione comunista-progressisti",FALSE,TRUE,"BENIAMINOANDREATTA. . Ecco perche, signor Presidente, ritengo che soluzioni alle difficolta che incontriamo nell'approvazione di questo provvedimento debbano essere trovate nella posizione della questione di fiducia e in una chiara assunzione di responsabilita da parte di tutti di fronte alle difficolta del paese ","(Vivi applausi dei deputati  progressisti-federativo, della lega nord e i democratici e di deputati del gruppo di rifondazione comunista-progressisti)",. 
139,1995-10-24,12,Dini,applauso all'avversario,applausi,RC,PROGR,MASSIMO D'ALEMA,"Vivi, prolungati applausi dei deputati dei gruppi progresisti-federativo, della lega nord, del partito popolare italiano, i democratici e della componente dei comunisti unitari del gruppo misto",FALSE,TRUE,"DALEMA. Vedete, anche questo e un indice di una cultura! ","(Vivi, prolungati applausi dei deputati dei gruppi progresisti-federativo, della lega nord, del partito popolare italiano, i democratici e della componente dei comunisti unitari del gruppo misto - Molte congratulazioni)",. 
140,1995-10-24,12,Dini,applauso all'avversario,applausi,RC,PROGR,MASSIMO D'ALEMA,"Vivi, prolungati applausi dei deputati dei gruppi progresisti-federativo, della lega nord, del partito popolare italiano, i democratici e della componente dei comunisti unitari del gruppo misto",FALSE,TRUE,"DALEMA. Vedete, anche questo e un indice di una cultura! ","(Vivi, prolungati applausi dei deputati dei gruppi progresisti-federativo, della lega nord, del partito popolare italiano, i democratici e della componente dei comunisti unitari del gruppo misto - Molte congratulazioni)",. 
141,1995-10-24,12,Dini,applauso all'avversario,applausi,RC,PROGR,MASSIMO D'ALEMA,"Vivi, prolungati applausi dei deputati dei gruppi progresisti-federativo, della lega nord, del partito popolare italiano, i democratici e della componente dei comunisti unitari del gruppo misto",FALSE,TRUE,"DALEMA. Vedete, anche questo e un indice di una cultura! ","(Vivi, prolungati applausi dei deputati dei gruppi progresisti-federativo, della lega nord, del partito popolare italiano, i democratici e della componente dei comunisti unitari del gruppo misto - Molte congratulazioni)",. 
142,1996-07-18,13,Prodi I,applauso tra opposizioni opposte,applausi,UDC,LEGA,GIUSEPPE BICOCCHI,"Vivi applausi dei deputati dei gruppi di forza Italia, di alleanza nazionale e del CCD-CDU",FALSE,FALSE,"olico al di la delle stesse intenzioni ed e innegabile che la bicamerale sia, per la gran parte dei cittadini, simbolo certissimo di perdita di tempo e di sicuro fallimento. Errare e umano, perseverare e diabolico, (Applausi dei deputati dei gruppi di forza Italia, di alleanza nazionale e del CCD-CDU), !, Non riesco proprio a credere che una bicamerale ci dara la nuova Costituzione, quindi votero contro la risoluzione Mancina ed altri n.6-00006, ","(Vivi applausi dei deputati dei gruppi di forza Italia, di alleanza nazionale e del CCD-CDU)",", ."
143,1996-07-18,13,Prodi I,applauso tra opposizioni opposte,applausi,UDC,LEGA,GIUSEPPE BICOCCHI,"Vivi applausi dei deputati dei gruppi di forza Italia, di alleanza nazionale e del CCD-CDU",FALSE,FALSE,"olico al di la delle stesse intenzioni ed e innegabile che la bicamerale sia, per la gran parte dei cittadini, simbolo certissimo di perdita di tempo e di sicuro fallimento. Errare e umano, perseverare e diabolico, (Applausi dei deputati dei gruppi di forza Italia, di alleanza nazionale e del CCD-CDU), !, Non riesco proprio a credere che una bicamerale ci dara la nuova Costituzione, quindi votero contro la risoluzione Mancina ed altri n.6-00006, ","(Vivi applausi dei deputati dei gruppi di forza Italia, di alleanza nazionale e del CCD-CDU)",", ."
144,1996-07-18,13,Prodi I,applauso tra opposizioni opposte,applausi,UDC,LEGA,GIUSEPPE BICOCCHI,"Vivi applausi dei deputati dei gruppi di forza Italia, di alleanza nazionale e del CCD-CDU",FALSE,FALSE,"olico al di la delle stesse intenzioni ed e innegabile che la bicamerale sia, per la gran parte dei cittadini, simbolo certissimo di perdita di tempo e di sicuro fallimento. Errare e umano, perseverare e diabolico, (Applausi dei deputati dei gruppi di forza Italia, di alleanza nazionale e del CCD-CDU), !, Non riesco proprio a credere che una bicamerale ci dara la nuova Costituzione, quindi votero contro la risoluzione Mancina ed altri n.6-00006, ","(Vivi applausi dei deputati dei gruppi di forza Italia, di alleanza nazionale e del CCD-CDU)",", ."
145,1996-08-02,13,Prodi I,applauso all'avversario,applausi,LEGA,DS,FURIO COLOMBO,Vivi applausi Proteste dei deputati del gruppo della lega nord per l'indipendenza della Padania,FALSE,TRUE,"FURIOCOLOMBO. . Signor Presidente, vorrei ricordare a tutti i colleghi, con un normale senso della geografia e della storia, che la Padania non esiste! La Padania non esiste! La Padania non esiste!, ",(Vivi applausi Proteste dei deputati del gruppo della lega nord per l'indipendenza della Padania),", . Esiste l'Italia, l'Italia unita che questo Parlamento rappresenta. Noi, quindi, non sappiamo e non dobbiamo sapere chi e o che cos'e il presidente del consiglio della Padania, (Vivi applausi Vive proteste dei deputati del gruppo della lega nord p"
146,1997-11-26,13,Prodi I,applauso tra opposizioni opposte,applausi,UDC,FI,ALFREDO BIONDI,"Vivi, prolungati applausi dei deputati dei gruppi forza, Italia, alleanza nazionale, CCD e lega nord per l'indipendenza della Padania",FALSE,TRUE,"ALFREDOBIONDI. . Il tempo e galantuomo e mi auguro che i Presidenti siano galantuomini come il tempo. Questo e quello che mi auguro!, ","(Vivi, prolungati applausi dei deputati dei gruppi forza, Italia, alleanza nazionale, CCD e lega nord per l'indipendenza della Padania - Molte congratulazioni)",.
147,1997-11-26,13,Prodi I,applauso tra opposizioni opposte,applausi,UDC,FI,ALFREDO BIONDI,"Vivi, prolungati applausi dei deputati dei gruppi forza, Italia, alleanza nazionale, CCD e lega nord per l'indipendenza della Padania",FALSE,TRUE,"ALFREDOBIONDI. . Il tempo e galantuomo e mi auguro che i Presidenti siano galantuomini come il tempo. Questo e quello che mi auguro!, ","(Vivi, prolungati applausi dei deputati dei gruppi forza, Italia, alleanza nazionale, CCD e lega nord per l'indipendenza della Padania - Molte congratulazioni)",.
148,1997-11-26,13,Prodi I,applauso tra opposizioni opposte,applausi,UDC,FI,ALFREDO BIONDI,"Vivi, prolungati applausi dei deputati dei gruppi forza, Italia, alleanza nazionale, CCD e lega nord per l'indipendenza della Padania",FALSE,TRUE,"ALFREDOBIONDI. . Il tempo e galantuomo e mi auguro che i Presidenti siano galantuomini come il tempo. Questo e quello che mi auguro!, ","(Vivi, prolungati applausi dei deputati dei gruppi forza, Italia, alleanza nazionale, CCD e lega nord per l'indipendenza della Padania - Molte congratulazioni)",.
149,1997-12-19,13,Prodi I,applauso all'avversario,applausi,DS+PPI+RC,AN,MICHELE RALLO,"Vivi applausi dei deputati dei gruppi della sinistra democratica-l'Ulivo, dei popolari e democratici-l'Ulivo, di rifondazione comunista-progressisti e di rinnovamento italiano",FALSE,FALSE,"no del Governo) di far funzionare quegli strumenti che il Parlamento ha approvato. Mi riferisco in particolare ai patti territoriali ed ai contratti d'area. Bisogna soprattutto essere capaci di sol, lecitare nel Mezzogiorno d'Italia una maggiore capacita imprenditoriale e far si che le piccole e medie imprese, che sono state la fortuna del nostro paese e che oggi sono additate in Europa come lo strumento migliore, abbiano nel prossimo futuro..., ","(Commenti dei deputati dei gruppi di forza Italia, di alleanza nazionale e del CCD - Vivi applausi dei deputati dei gruppi della sinistra democratica-l'Ulivo, dei popolari e democratici-l'Ulivo, di rifondazione comunista-progressisti e di rinnovamento italiano)",", una possibilita di diffusione nel Mezzogiorno., Onorevoli deputati, l'euro sta per nascere e, come dicevo ieri in una riunione tecnica, non e una cosa semplice perche l'Europa che e nel sangue del paese deve entrare, come euro, nelle sue abitudini."
150,1997-12-19,13,Prodi I,applauso all'avversario,applausi,DS+PPI+RC,AN,MICHELE RALLO,"Vivi applausi dei deputati dei gruppi della sinistra democratica-l'Ulivo, dei popolari e democratici-l'Ulivo, di rifondazione comunista-progressisti e di rinnovamento italiano",FALSE,FALSE,"no del Governo) di far funzionare quegli strumenti che il Parlamento ha approvato. Mi riferisco in particolare ai patti territoriali ed ai contratti d'area. Bisogna soprattutto essere capaci di sol, lecitare nel Mezzogiorno d'Italia una maggiore capacita imprenditoriale e far si che le piccole e medie imprese, che sono state la fortuna del nostro paese e che oggi sono additate in Europa come lo strumento migliore, abbiano nel prossimo futuro..., ","(Commenti dei deputati dei gruppi di forza Italia, di alleanza nazionale e del CCD - Vivi applausi dei deputati dei gruppi della sinistra democratica-l'Ulivo, dei popolari e democratici-l'Ulivo, di rifondazione comunista-progressisti e di rinnovamento italiano)",", una possibilita di diffusione nel Mezzogiorno., Onorevoli deputati, l'euro sta per nascere e, come dicevo ieri in una riunione tecnica, non e una cosa semplice perche l'Europa che e nel sangue del paese deve entrare, come euro, nelle sue abitudini."
151,1997-12-19,13,Prodi I,applauso all'avversario,applausi,DS+PPI+RC,AN,MICHELE RALLO,"Vivi applausi dei deputati dei gruppi della sinistra democratica-l'Ulivo, dei popolari e democratici-l'Ulivo, di rifondazione comunista-progressisti e di rinnovamento italiano",FALSE,FALSE,"no del Governo) di far funzionare quegli strumenti che il Parlamento ha approvato. Mi riferisco in particolare ai patti territoriali ed ai contratti d'area. Bisogna soprattutto essere capaci di sol, lecitare nel Mezzogiorno d'Italia una maggiore capacita imprenditoriale e far si che le piccole e medie imprese, che sono state la fortuna del nostro paese e che oggi sono additate in Europa come lo strumento migliore, abbiano nel prossimo futuro..., ","(Commenti dei deputati dei gruppi di forza Italia, di alleanza nazionale e del CCD - Vivi applausi dei deputati dei gruppi della sinistra democratica-l'Ulivo, dei popolari e democratici-l'Ulivo, di rifondazione comunista-progressisti e di rinnovamento italiano)",", una possibilita di diffusione nel Mezzogiorno., Onorevoli deputati, l'euro sta per nascere e, come dicevo ieri in una riunione tecnica, non e una cosa semplice perche l'Europa che e nel sangue del paese deve entrare, come euro, nelle sue abitudini."
152,1997-12-19,13,Prodi I,applauso all'avversario,applausi,DS+PPI+RC,AN,MICHELE RALLO,"Vivi applausi dei deputati dei gruppi della sinistra democratica-l'Ulivo, dei popolari e democratici-l'Ulivo, di rifondazione comunista-progressisti e di rinnovamento italiano",FALSE,FALSE,"no del Governo) di far funzionare quegli strumenti che il Parlamento ha approvato. Mi riferisco in particolare ai patti territoriali ed ai contratti d'area. Bisogna soprattutto essere capaci di sol, lecitare nel Mezzogiorno d'Italia una maggiore capacita imprenditoriale e far si che le piccole e medie imprese, che sono state la fortuna del nostro paese e che oggi sono additate in Europa come lo strumento migliore, abbiano nel prossimo futuro..., ","(Commenti dei deputati dei gruppi di forza Italia, di alleanza nazionale e del CCD - Vivi applausi dei deputati dei gruppi della sinistra democratica-l'Ulivo, dei popolari e democratici-l'Ulivo, di rifondazione comunista-progressisti e di rinnovamento italiano)",", una possibilita di diffusione nel Mezzogiorno., Onorevoli deputati, l'euro sta per nascere e, come dicevo ieri in una riunione tecnica, non e una cosa semplice perche l'Europa che e nel sangue del paese deve entrare, come euro, nelle sue abitudini."
153,1999-05-06,13,D'Alema I,ostilità tra alleati,grida,DS,PPI,PIERLUIGI PETRINI,"Dai banchi dei deputati del gruppo dei democratici di sinistra-l'Ulivo si grida:, Dimettiti!",FALSE,TRUE,"PIERLUIGIPETRINI. . Ma sei il relatore!, ALESSANDRO CE,, Relatore, . E va bene che sono il relatore, ","(Dai banchi dei deputati del gruppo dei democratici di sinistra-l'Ulivo si grida:, <<Dimettiti!>>)",.
154,2000-07-05,13,Amato II,ostilità tra alleati,proteste,DS+PPI,VERDI,MARCO BOATO,Vive proteste dei deputati dei gruppi dei Democratici di sinistra-l'Ulivo e dei Popolari e democratici-l'Ulivo,FALSE,TRUE,"MARCOBOATO. . Siete usciti voi, ",(Vive proteste dei deputati dei gruppi dei Democratici di sinistra-l'Ulivo e dei Popolari e democratici-l'Ulivo),", !"
155,2000-07-05,13,Amato II,ostilità tra alleati,proteste,DS+PPI,VERDI,MARCO BOATO,Vive proteste dei deputati dei gruppi dei Democratici di sinistra-l'Ulivo e dei Popolari e democratici-l'Ulivo,FALSE,TRUE,"MARCOBOATO. . Siete usciti voi, ",(Vive proteste dei deputati dei gruppi dei Democratici di sinistra-l'Ulivo e dei Popolari e democratici-l'Ulivo),", !"
156,2003-07-10,14,Berlusconi II,ostilità tra alleati,grida,FI,LEGA,ALESSANDRO CÈ,"Una voce dai banchi del gruppo di Forza Italia:, E vero!",FALSE,FALSE,"ALESSANDRO CE, . Signor Presidente, siamo al momento finale, che poi rende evidente un po' il gioco che sta facendo Forza Italia su questo provvedimento: non solo il Presidente Casini ci limita la liberta di espressione, ma abbiamo addirittura i colleghi della Casa delle liberta e di Forza Italia che dicono: siamo stanchi di sentire la Lega, ","(Una voce dai banchi del gruppo di Forza Italia:, «È vero!», )",", ... E vero? Si? Allora, alzati e dillo, pero, invece di essere sordo e muto! Eppoi, rispondi ai tuoi elettori, che si vergogneranno di te, (Commenti), !"
157,2003-07-23,14,Berlusconi II,ostilità tra alleati,grida,FI,AN,VITTORIO MESSA,"Una voce dai banchi del gruppo di Forza Italia: , Dillo a Violante!",FALSE,TRUE,"VITTORIO MESSA, . Bravo, Sabattini!, ","(Una voce dai banchi del gruppo di Forza Italia: <<, Dillo a Violante!>>, )",".Sten. 345 s100, Resoconto stenografico dell'Assemblea, Seduta n. 345 del 23/7/2003, ..., (Esame dell'articolo 6 - A.C. 2579-B)"
158,2004-03-17,14,Berlusconi II,applauso all'avversario,applausi,AN,VERDI,MARCO BOATO,Vivi applausi dei deputati del gruppo di Alleanza nazionale,FALSE,FALSE," e sovrana al riguardo -, che la proposta di legge in esame, che porta la mia prima firma ma e stata sottoscritta anche da molti altri colleghi, e stata non soltanto snaturata, come gia aveva cominciato ad avvenire con la votazione precedente, ma e stata del tutto stravolta. I gruppi della Casa delle liberta hanno addirittura disatteso l'indicazione, che poco fa ha dato il relatore, di votare contro gli identici emendamenti votati in precedenza, ",(Vivi applausi dei deputati del gruppo di Alleanza nazionale),", ."
159,2004-03-17,14,Berlusconi II,applauso all'avversario,applausi,AN+FI+LEGA,VERDI,MARCO BOATO,"Vivi applausi dei deputati dei gruppi di Alleanza nazionale, della Lega Nord Federazione Padana e di deputati del gruppo di Forza Italia",FALSE,FALSE,"colto con soddisfazione i pronunciamenti che ministri di questo Governo - in particolare Castelli e Bossi - avevano espresso a favore della proposta di legge in esame., Il risultato di questo voto e quello di avere affossato questa proposta di legge, che porta la mia firma e quella di molti altri colleghi del centrosinistra (non parlo di quelli del centrodestra). Riteniamo gravissimo cio che e avvenuto e abbandoniamo l'aula in segno di protesta, ","(Vivi applausi dei deputati dei gruppi di Alleanza nazionale, della Lega Nord Federazione Padana e di deputati del gruppo di Forza Italia)",", . Noi non torniamo al codice fascista! Non siamo disposti a tornare al codice fascista..."
160,2004-03-17,14,Berlusconi II,applauso all'avversario,applausi,AN+FI+LEGA,VERDI,MARCO BOATO,"Vivi applausi dei deputati dei gruppi di Alleanza nazionale, della Lega Nord Federazione Padana e di deputati del gruppo di Forza Italia",FALSE,FALSE,"colto con soddisfazione i pronunciamenti che ministri di questo Governo - in particolare Castelli e Bossi - avevano espresso a favore della proposta di legge in esame., Il risultato di questo voto e quello di avere affossato questa proposta di legge, che porta la mia firma e quella di molti altri colleghi del centrosinistra (non parlo di quelli del centrodestra). Riteniamo gravissimo cio che e avvenuto e abbandoniamo l'aula in segno di protesta, ","(Vivi applausi dei deputati dei gruppi di Alleanza nazionale, della Lega Nord Federazione Padana e di deputati del gruppo di Forza Italia)",", . Noi non torniamo al codice fascista! Non siamo disposti a tornare al codice fascista..."
161,2004-03-17,14,Berlusconi II,applauso all'avversario,applausi,AN+FI+LEGA,VERDI,MARCO BOATO,"Vivi applausi dei deputati dei gruppi di Alleanza nazionale, della Lega Nord Federazione Padana e di deputati del gruppo di Forza Italia",FALSE,FALSE,"colto con soddisfazione i pronunciamenti che ministri di questo Governo - in particolare Castelli e Bossi - avevano espresso a favore della proposta di legge in esame., Il risultato di questo voto e quello di avere affossato questa proposta di legge, che porta la mia firma e quella di molti altri colleghi del centrosinistra (non parlo di quelli del centrodestra). Riteniamo gravissimo cio che e avvenuto e abbandoniamo l'aula in segno di protesta, ","(Vivi applausi dei deputati dei gruppi di Alleanza nazionale, della Lega Nord Federazione Padana e di deputati del gruppo di Forza Italia)",", . Noi non torniamo al codice fascista! Non siamo disposti a tornare al codice fascista..."
162,2006-11-13,15,Prodi II,ostilità tra alleati,apostrofi,RC,ULIVO,RENZO LUSETTI,Scambio di apostrofi tra deputati di Rifondazione comunista-Sinistra europea e Alleanza Nazionale,FALSE,TRUE,"RENZO LUSETTI, . Non e accettabile ","(Vive reiterate proteste dei deputati dei gruppi Forza Italia, Alleanza Nazionale e Lega nord Padania - Scambio di apostrofi tra deputati di Rifondazione comunista-Sinistra europea e Alleanza Nazionale)",.
163,2006-11-13,15,Prodi II,ostilità tra alleati,apostrofi,RC,ULIVO,RENZO LUSETTI,Scambio di apostrofi tra deputati di Rifondazione comunista-Sinistra europea e Alleanza Nazionale,FALSE,TRUE,"RENZO LUSETTI, . Non e accettabile ","(Vive reiterate proteste dei deputati dei gruppi Forza Italia, Alleanza Nazionale e Lega nord Padania - Scambio di apostrofi tra deputati di Rifondazione comunista-Sinistra europea e Alleanza Nazionale)",.
164,2007-03-22,15,Prodi II,applauso all'avversario,applausi,FI+LEGA,RNP,ROBERTO VILLETTI,Applausi dei deputati dei gruppi Lega Nord Padania e Forza Italia,FALSE,FALSE," impedire che vengano istituite questo tipo di scuole, ma non possiamo accettare che vengano finanziate dallo Stato, contro il dettato costituzionale. Invece, il ministro Fioroni ha inserito in questo decreto uno sconto fiscale che si traduce anche in un inaccettabile vantaggio per le scuole paritarie private cattoliche. Onorevoli colleghi, non c'e un buon clima per la scuola pubblica laica, direi che non c'e un clima positivo per lo Stato laico ",(Applausi dei deputati dei gruppi Lega Nord Padania e Forza Italia),"! Ho letto proprio adesso una notizia di agenzia che spero venga smentita. In essa viene detto che l'Ulivo, DS e Margherita, parteciperanno alla manifestazione cosiddetta del Family day (Commenti dei deputati del gruppo Lega Nord Padania - Applausi d"
165,2007-03-22,15,Prodi II,applauso all'avversario,applausi,FI+LEGA,RNP,ROBERTO VILLETTI,Applausi dei deputati dei gruppi Lega Nord Padania e Forza Italia,FALSE,FALSE," impedire che vengano istituite questo tipo di scuole, ma non possiamo accettare che vengano finanziate dallo Stato, contro il dettato costituzionale. Invece, il ministro Fioroni ha inserito in questo decreto uno sconto fiscale che si traduce anche in un inaccettabile vantaggio per le scuole paritarie private cattoliche. Onorevoli colleghi, non c'e un buon clima per la scuola pubblica laica, direi che non c'e un clima positivo per lo Stato laico ",(Applausi dei deputati dei gruppi Lega Nord Padania e Forza Italia),"! Ho letto proprio adesso una notizia di agenzia che spero venga smentita. In essa viene detto che l'Ulivo, DS e Margherita, parteciperanno alla manifestazione cosiddetta del Family day (Commenti dei deputati del gruppo Lega Nord Padania - Applausi d"
166,2007-06-20,15,Prodi II,ostilità tra alleati,commenti,RNP,PDCI,LUIGI CANCRINI,Commenti della deputata Poretti,FALSE,FALSE,"dovevano fare era prendere la macchina dopo aver assunto sostanze stupefacenti o alcool. Questo, pero, dobbiamo anche sostenerlo. Allora, credo che vi sia un po' di confusione. Voteremo a favore di questo articolo, perche riteniamo che esso non abbia alcun elemento di confusione, ma che sia chiaro. Qui non si punisce l'uso di alcune sostanze, ma se ne punisce l'uso daparte di persone che si mettono alla guida. E un concetto completamente diverso ",(Commenti della deputata Poretti),". Il fatto che vi sia la necessita di accertare che quello stato di alterazione era legato ad un comportamento voluto da parte del soggetto - lo dico, collega Poretti, con grande semplicita - e inevitabile: se una persona ha un infarto, si trova in u"
167,2007-10-17,15,Prodi II,applauso tra opposizioni opposte,applausi,DC+PSI,FI,GIAMPIERO CATONE,Applausi dei deputati del gruppo DCA-Democrazia Cristiana per le Autonomie-Partito Socialista-Nuovo PSI,FALSE,TRUE,"GIAMPIERO CATONE, . ...le chiedono lo scontrino. Cerchiamo di destinare le forze dell'ordine alla prevenzione anche di questi omicidi ",(Applausi dei deputati del gruppo DCA-Democrazia Cristiana per le Autonomie-Partito Socialista-Nuovo PSI),"!, (Iniziative per incrementare le risorse destinate al settore giustizia - n. 3-01349)"
168,2007-10-17,15,Prodi II,applauso tra opposizioni opposte,applausi,DC+PSI,FI,GIAMPIERO CATONE,Applausi dei deputati del gruppo DCA-Democrazia Cristiana per le Autonomie-Partito Socialista-Nuovo PSI,FALSE,TRUE,"GIAMPIERO CATONE, . ...le chiedono lo scontrino. Cerchiamo di destinare le forze dell'ordine alla prevenzione anche di questi omicidi ",(Applausi dei deputati del gruppo DCA-Democrazia Cristiana per le Autonomie-Partito Socialista-Nuovo PSI),"!, (Iniziative per incrementare le risorse destinate al settore giustizia - n. 3-01349)"
169,2007-11-14,15,Prodi II,applauso all'avversario,applausi,AN,IDV,ANTONIO RAZZI,Applausi dei deputati del gruppo Italia dei Valori e del deputato Tremaglia,FALSE,FALSE,"tanto, il Governo abbia posto come prioritari gli interventi sui pensionati. Da Governi esteri e dai Paesi in cui viviamo siamo riusciti ad ottenere sezioni italiane mediterranee delle case di riposo e di cura, proprio per consentire la vicinanza dei nostri anziani con le famiglie che rimangono all'estero. In Svizzera abbiamo raggiunto buoni risultati e molti progetti si attueranno presto. Sono convinto che anche l'Italia sapra fare la sua parte ",(Applausi dei deputati del gruppo Italia dei Valori e del deputato Tremaglia),"., (Iniziative volte alla sospensione della procedura di ingresso di lavoratori stranieri prevista dal decreto-flussi per il 2007 e all'adozione di una moratoria per l'accesso dei cittadini neocomunitari provenienti dai Paesi dell'Europa dell'est - n"
170,2007-12-19,15,Prodi II,applauso tra opposizioni opposte,applausi,DC+PSI,AN,ROBERTO SALERNO,Applausi dei deputati dei gruppi Misto-La Destra e DCA-Democrazia Cristiana per le Autonomie-Partito Socialista-Nuovo PSI,FALSE,TRUE,"ROBERTO SALERNO, . Signor Presidente, concludo annunciando il voto favorevole della Destra sulle tre mozioni del centrodestra, perche sono tutte portatrici di autorevolezza, di forza e di incoraggiamento nei confronti delle nostre Forze armate, alle quali La Destra, in questa occasione, augura da lontano un fervido buon Natale e un felice 2008, anche se sono in queste zone di guerra ",(Applausi dei deputati dei gruppi Misto-La Destra e DCA-Democrazia Cristiana per le Autonomie-Partito Socialista-Nuovo PSI),.
171,2007-12-19,15,Prodi II,applauso tra opposizioni opposte,applausi,DC+PSI,AN,ROBERTO SALERNO,Applausi dei deputati dei gruppi Misto-La Destra e DCA-Democrazia Cristiana per le Autonomie-Partito Socialista-Nuovo PSI,FALSE,TRUE,"ROBERTO SALERNO, . Signor Presidente, concludo annunciando il voto favorevole della Destra sulle tre mozioni del centrodestra, perche sono tutte portatrici di autorevolezza, di forza e di incoraggiamento nei confronti delle nostre Forze armate, alle quali La Destra, in questa occasione, augura da lontano un fervido buon Natale e un felice 2008, anche se sono in queste zone di guerra ",(Applausi dei deputati dei gruppi Misto-La Destra e DCA-Democrazia Cristiana per le Autonomie-Partito Socialista-Nuovo PSI),.
172,2008-12-03,16,Berlusconi IV (con FLI),applauso all'avversario,applausi,FI+LEGA,PD,LORENZO RIA,Applausi di deputati dei gruppi Popolo della Liberta e Lega Nord Padania,FALSE,TRUE,"LORENZO RIA, . Va bene, quindi intervengo per motivare il voto favorevole. Su queste due questioni concernenti l'insindacabilita, la decisione fu assunta all'unanimita e, quindi, anche con il voto dei gruppi della Margherita e dei Democratici di Sinistra, che oggi si riconoscono nel Partito Democratico ",(Applausi di deputati dei gruppi Popolo della Liberta e Lega Nord Padania),". Quindi, noi - coerentemente con questa decisione - siamo favorevoli alla costituzione in giudizio (Applausi dei deputati del gruppo Partito Democratico e di deputati dei gruppi Popolo della Liberta e Lega Nord Padania)."
173,2008-12-03,16,Berlusconi IV (con FLI),applauso all'avversario,applausi,FI+LEGA,PD,LORENZO RIA,Applausi di deputati dei gruppi Popolo della Liberta e Lega Nord Padania,FALSE,TRUE,"LORENZO RIA, . Va bene, quindi intervengo per motivare il voto favorevole. Su queste due questioni concernenti l'insindacabilita, la decisione fu assunta all'unanimita e, quindi, anche con il voto dei gruppi della Margherita e dei Democratici di Sinistra, che oggi si riconoscono nel Partito Democratico ",(Applausi di deputati dei gruppi Popolo della Liberta e Lega Nord Padania),". Quindi, noi - coerentemente con questa decisione - siamo favorevoli alla costituzione in giudizio (Applausi dei deputati del gruppo Partito Democratico e di deputati dei gruppi Popolo della Liberta e Lega Nord Padania)."
174,2010-05-27,16,Berlusconi IV (con FLI),applauso tra opposizioni opposte,applausi,UDC,PD,LORENZO RIA,Applausi dei deputati del gruppo Unione di Centro,FALSE,FALSE," i problemi che lo stesso provvedimento affronta. Cio, nell'ottica - che per noi e sempre un'ottica responsabile e che deve essere condivisa da tutto il Parlamento - di sconfiggere le mafie, attraverso forme di controllo e di prevenzione, nonche tramite l'accertamento di reati, dando prova che lo Stato e all'altezza del compito che gli e proprio: sconfiggere le organizzazioni criminose nell'interesse esclusivo della legalita e della collettivita ",(Applausi dei deputati del gruppo Unione di Centro),.
175,2010-07-06,16,Berlusconi IV (con FLI),applauso all'avversario,applausi,PD,FI,BENEDETTO DELLA VEDOVA,Applausi di deputati del gruppo Partito Democratico,FALSE,FALSE,"l'intermediazione politica. Ritengo che questo sia un grave errore: tuttavia capisco che in qualche modo ciascuno pensi che forse quei soldi e meglio usarli cosi piuttosto che non usarli. Ritengo che vi sarebbero modi molto migliori e piu efficaci e, lasciatemelo dire, molto piu educativi nei confronti dei giovani associati che non quello del finanziamento pubblico con il quale tu presenti un bando e, se ti va bene, riesci ad ottenere le risorse ",(Applausi di deputati del gruppo Partito Democratico),.
176,2011-01-20,16,Berlusconi IV,applauso tra opposizioni opposte,applausi,IDV,UDC,ANNA TERESA FORMISANO,Applausi del deputato Piffari,FALSE,FALSE," falde acquifere di quel territorio, che ha un bacino idrico addirittura tale da poter fornire l'acqua alla Campania. Signor Ministro, la invito ad attenzionare insieme a me questa questione e a comunicare con una nota, se possibile, alla regione Lazio che noi siamo e saremo molto attenti e vigili sul futuro progetto di questa societa. Infatti, quando ancora mi si parla di rifiuti pericolosi, ho le antenne dritte e non staro certamente a dormire ",(Applausi del deputato Piffari),"., (Rinvio dell'interpellanza urgente Mosca n. 2-00926)"
177,2011-07-20,16,Berlusconi IV,ostilità tra alleati,grida,LEGA,FI,ITALO BOCCHINO,"Dai banchi dei deputati del gruppo Lega Nord si grida: Scemo, scemo!",FALSE,FALSE,"tenzione da parte degli italiani e dell'opinione pubblica. Credo che noi abbiamo un dovere, nei confronti degli italiani, ossia quello di non avanzare, da parte di nessun gruppo, la richiesta di voto segreto (Applausi dei deputati dei gruppi Futuro e Liberta per il Terzo Polo, Partito Democratico e Italia dei Valori). Gli italiani devono sapere come ognuno di noi vota e si atteggia su questa vicenda. E molto grave la richiesta di voto segreto... ","(Dai banchi dei deputati del gruppo Lega Nord si grida: Scemo, scemo!)",.
178,2011-10-26,16,Berlusconi IV,ostilità tra alleati,apostrofi,LEGA,FI,ITALO BOCCHINO,Scambio di apostrofi tra deputati dei gruppi Lega Nord Padania e Futuro e Liberta per il Terzo Polo,FALSE,TRUE,"ITALO BOCCHINO, . Signor Presidente (Commenti dei deputati del gruppo Lega Nord Padania), e veramente anomalo che un capogruppo in Aula affronti questioni politiche trasformandole in modo diverso. Io credo che il Presidente della Camera abbia tutto il diritto, essendo anche un leader politico, ad esprimere ",(Vivi commenti dei deputati del gruppo Lega Nord Padania - Scambio di apostrofi tra deputati dei gruppi Lega Nord Padania e Futuro e Liberta per il Terzo Polo),...
179,2011-10-26,16,Berlusconi IV,ostilità tra alleati,apostrofi,LEGA,FI,ITALO BOCCHINO,Scambio di apostrofi tra deputati dei gruppi Lega Nord Padania e Futuro e Liberta per il Terzo Polo,FALSE,TRUE,"ITALO BOCCHINO, . Signor Presidente (Commenti dei deputati del gruppo Lega Nord Padania), e veramente anomalo che un capogruppo in Aula affronti questioni politiche trasformandole in modo diverso. Io credo che il Presidente della Camera abbia tutto il diritto, essendo anche un leader politico, ad esprimere ",(Vivi commenti dei deputati del gruppo Lega Nord Padania - Scambio di apostrofi tra deputati dei gruppi Lega Nord Padania e Futuro e Liberta per il Terzo Polo),...
180,2013-06-12,17,Letta (con FI),ostilità tra alleati,commenti,FI,PD,ETTORE ROSATO,"Commenti dei deputati dei gruppi Il Popolo della Liberta-Berlusconi Presidente, Lega Nord e Autonomie e Fratelli d'Italia",FALSE,TRUE,"ETTORE ROSATO. ... e ognuno voti per se, come ci siamo organizzati ","(Applausi dei deputati dei gruppi Partito Democratico, MoVimento 5 Stelle e Sinistra Ecologia Liberta - Commenti dei deputati dei gruppi Il Popolo della Liberta-Berlusconi Presidente, Lega Nord e Autonomie e Fratelli d'Italia)",.
181,2013-06-12,17,Letta (con FI),ostilità tra alleati,commenti,FI,PD,ETTORE ROSATO,"Commenti dei deputati dei gruppi Il Popolo della Liberta-Berlusconi Presidente, Lega Nord e Autonomie e Fratelli d'Italia",FALSE,TRUE,"ETTORE ROSATO. ... e ognuno voti per se, come ci siamo organizzati ","(Applausi dei deputati dei gruppi Partito Democratico, MoVimento 5 Stelle e Sinistra Ecologia Liberta - Commenti dei deputati dei gruppi Il Popolo della Liberta-Berlusconi Presidente, Lega Nord e Autonomie e Fratelli d'Italia)",.
182,2013-06-12,17,Letta (con FI),ostilità tra alleati,commenti,FI,PD,ETTORE ROSATO,"Commenti dei deputati dei gruppi Il Popolo della Liberta-Berlusconi Presidente, Lega Nord e Autonomie e Fratelli d'Italia",FALSE,TRUE,"ETTORE ROSATO. ... e ognuno voti per se, come ci siamo organizzati ","(Applausi dei deputati dei gruppi Partito Democratico, MoVimento 5 Stelle e Sinistra Ecologia Liberta - Commenti dei deputati dei gruppi Il Popolo della Liberta-Berlusconi Presidente, Lega Nord e Autonomie e Fratelli d'Italia)",.
183,2013-10-02,17,Letta (con FI),applauso tra opposizioni opposte,applausi,SEL,M5S,ADRIANO ZACCAGNINI,Applausi di deputati del gruppo Sinistra Ecologia Liberta,FALSE,FALSE,"ito l'articolo 81. Questo e un Governo che legittima quel debito, quel debito immorale che va ripensato e rinegoziato, che e <<un'usura legalizzata>>. La mia posizione e in discontinuita con le privatizzazioni e vorrei ricordare al Presidente del Consiglio di portare una questione di democrazia all'interno dell'Unione europea, perche la Commissione europea non puo essere soltanto nominata ma deve essere votata da noi cittadini. Grazie Presidente ",(Applausi di deputati del gruppo Sinistra Ecologia Liberta),.
184,2013-11-20,17,Letta (con FI),ostilità tra alleati,proteste,PD,FI,RENATO BRUNETTA,Proteste dei deputati del gruppo Partito Democratico,FALSE,FALSE,"egittimata, schizzata dal fango di chi l'ha pubblicamente sfiduciata salvo oggi salvarla per rimandare a tra un po' l'affondamento della sua barca di Governo, Presidente Letta., Con questa amarezza profonda, con questa delusione nei confronti del Partito Democratico che ha ucciso le larghe intese con la decisione di votare la decadenza di Silvio Berlusconi e oggi infila un cappio doppio attorno al collo del premier che pure viene dal suo partito ",(Proteste dei deputati del gruppo Partito Democratico),", noi diamo una fiducia morale e convinta al ministro Cancellieri..."
185,2014-03-06,17,Renzi,applauso tra opposizioni opposte,applausi,FI,SEL,FLORIAN KRONBICHLER,Applausi dei deputati del gruppo Sinistra Ecologia Liberta e della deputata Biancofiore,FALSE,FALSE,"mo frutto pure io, pero, per quello si vuole tornare assolutamente al sistema, a questa eccezione del sistema maggioritario in cui un partito della minoranza linguistica alleato col Partito Democratico, si vuole, si vogliono prendere tutto. Cioe non solo i seggi uninominali che si sono disegnati, ma anche partecipare poi ancora alla parte della proporzionale, cioe ai resti affinche ai piccoli non rimanga niente. Vogliono avere tutto, ed e troppo ",(Applausi dei deputati del gruppo Sinistra Ecologia Liberta e della deputata Biancofiore),.
186,2014-12-16,17,Renzi,applauso all'avversario,applausi,PD,M5S,TOMMASO CURRÒ,Vivi applausi dei deputati dei gruppi Partito Democratico e Nuovo Centrodestra,FALSE,FALSE,"stacoli dal MoVimento a cui appartengo rispetto agli altri partiti. Voglio sentirmi sereno e orgoglioso di lavorare per un progetto politico nel quale riconoscermi e attraverso il quale operare. Oggi, signor Presidente, queste condizioni e questo gruppo non ci sono piu e allora - concludo - nel comunicare il mio voto favorevole alla risoluzione di maggioranza, annuncio la mia uscita dolorosa, Presidente, dal MoVimento 5 Stelle, non piu evitabile ",(Vivi applausi dei deputati dei gruppi Partito Democratico e Nuovo Centrodestra - Applausi polemici dei deputati del gruppo MoVimento 5 Stelle), !
187,2014-12-16,17,Renzi,applauso all'avversario,applausi,PD,M5S,TOMMASO CURRÒ,Vivi applausi dei deputati dei gruppi Partito Democratico e Nuovo Centrodestra,FALSE,FALSE,"stacoli dal MoVimento a cui appartengo rispetto agli altri partiti. Voglio sentirmi sereno e orgoglioso di lavorare per un progetto politico nel quale riconoscermi e attraverso il quale operare. Oggi, signor Presidente, queste condizioni e questo gruppo non ci sono piu e allora - concludo - nel comunicare il mio voto favorevole alla risoluzione di maggioranza, annuncio la mia uscita dolorosa, Presidente, dal MoVimento 5 Stelle, non piu evitabile ",(Vivi applausi dei deputati dei gruppi Partito Democratico e Nuovo Centrodestra - Applausi polemici dei deputati del gruppo MoVimento 5 Stelle), !
188,2016-05-11,17,Renzi,applauso all'avversario,applausi,PD,SEL,ALESSANDRO ZAN,Vivi e prolungati applausi dei deputati dei gruppi Partito Democratico e Scelta Civica per l'Italia,FALSE,FALSE,"iuto nell'impresa familiare, e cosi tutto l'impianto di diritti essenziali che gia i tribunali riconoscono da anni. E allora, e per questo che tanti attendono una legge, perche vogliono che sia rispettata appieno l'integrita della propria identita, dei propri affetti e della propria storia. E a loro che voglio dedicare il nostro <<si>> forte e convinto: non possiamo deludere chi ha sempre sognato un futuro migliore e gli stessi diritti per tutti ",(Vivi e prolungati applausi dei deputati dei gruppi Partito Democratico e Scelta Civica per l'Italia - Applausi di deputati dei gruppi Sinistra Italiana - Sinistra Ecologia Liberta e Misto - Congratulazioni),.
189,2016-05-11,17,Renzi,applauso all'avversario,applausi,PD,SEL,ALESSANDRO ZAN,Vivi e prolungati applausi dei deputati dei gruppi Partito Democratico e Scelta Civica per l'Italia,FALSE,FALSE,"iuto nell'impresa familiare, e cosi tutto l'impianto di diritti essenziali che gia i tribunali riconoscono da anni. E allora, e per questo che tanti attendono una legge, perche vogliono che sia rispettata appieno l'integrita della propria identita, dei propri affetti e della propria storia. E a loro che voglio dedicare il nostro <<si>> forte e convinto: non possiamo deludere chi ha sempre sognato un futuro migliore e gli stessi diritti per tutti ",(Vivi e prolungati applausi dei deputati dei gruppi Partito Democratico e Scelta Civica per l'Italia - Applausi di deputati dei gruppi Sinistra Italiana - Sinistra Ecologia Liberta e Misto - Congratulazioni),.
190,2018-06-06,18,Conte I,applauso tra opposizioni opposte,applausi,FI,PD,GRAZIANO DELRIO ,Applausi dei deputati del gruppo Forza Italia-Berlusconi Presidente,FALSE,FALSE,"he i provvedimenti legislativi devono avere copertura di bilancio., Quindi, non venga qui a fare lezioni, io ho apprezzato la sua umiltà, la sua umiltà nei primi approcci, oggi sono rimasto sconcertato dall'atteggiamento che lei ha tenuto, sono rimasto sconcertato. Lei è espressione, oggi, di un Governo che nasce sull'inganno, perché nasce, come ha detto bene la deputata Gelmini, su una campagna elettorale che ha detto cose diverse agli elettori ",(Applausi dei deputati del gruppo Forza Italia-Berlusconi Presidente),.
191,2019-02-27,18,Conte I,applauso tra opposizioni opposte,applausi,FDI+FI,PD,IVAN SCALFAROTTO ,Prolungati applausi dei deputati dei gruppi Forza Italia-Berlusconi Presidente e Fratelli d'Italia,FALSE,FALSE,"IVAN SCALFAROTTO (PD). Presidente, ciò non toglie che abbiamo scoperto di non avere il Governo, perché la decisione è stata presa con l'astensione complessiva della maggioranza, e la decisione su quale sarà la linea di politica estera dell'Italia l'hanno presa Forza Italia e Fratelli d'Italia ",(Prolungati applausi dei deputati dei gruppi Forza Italia-Berlusconi Presidente e Fratelli d'Italia - I deputati del gruppo Fratelli d'Italia scandiscono: Ministero! Ministero!),. Il Governo non esiste! Non avete una politica estera! Avete abdicato al Governo del Paese!
192,2019-02-27,18,Conte I,applauso tra opposizioni opposte,applausi,FDI+FI,PD,IVAN SCALFAROTTO ,Prolungati applausi dei deputati dei gruppi Forza Italia-Berlusconi Presidente e Fratelli d'Italia,FALSE,FALSE,"IVAN SCALFAROTTO (PD). Presidente, ciò non toglie che abbiamo scoperto di non avere il Governo, perché la decisione è stata presa con l'astensione complessiva della maggioranza, e la decisione su quale sarà la linea di politica estera dell'Italia l'hanno presa Forza Italia e Fratelli d'Italia ",(Prolungati applausi dei deputati dei gruppi Forza Italia-Berlusconi Presidente e Fratelli d'Italia - I deputati del gruppo Fratelli d'Italia scandiscono: Ministero! Ministero!),. Il Governo non esiste! Non avete una politica estera! Avete abdicato al Governo del Paese!
193,2021-03-24,18,Draghi,ostilità tra alleati,grida,LEGA,M5S,FILIPPO SCERRA ,Dai banchi del gruppo Lega-Salvini Premier si grida: Basta!,FALSE,FALSE,"ente se il signor Matteo Salvini, che strizzava l'occhio ad Orbán, mentre bloccava le trattative sul Recovery Fund, adesso abbia improvvisamente cambiato idea e dice che il Recovery Fund è una grande possibilità per il nostro Paese (Applausi dei deputati del gruppo MoVimento 5 Stelle – Commenti dei deputati del gruppo Lega-Salvini Premier). Ben venga (Commenti dei deputati del gruppo Lega-Salvini Premier)! Sto esprimendo soddisfazione per quello…",(Dai banchi del gruppo Lega-Salvini Premier si grida: Basta!),.
194,2021-11-03,18,Draghi,applauso all'avversario,applausi,FDI,LEU,ROSSELLA MURONI ,"Applausi di deputati dei gruppi Partito Democratico, Misto e della deputata Giannone",FALSE,FALSE,"trato decine di madri, definite dalle consulenze tecniche d'ufficio: alienanti, malevole, ostative, assorbenti. Io le definisco madri disperate, Ministra, barricate in casa. In alcuni casi, io e alcune deputate siamo andate sotto casa di queste donne, per impedire che i bambini venissero portati via con la forza. Che cosa devono fare le donne, in Italia? Procurarsi una deputata da tenere sotto casa, per impedire che i bambini vengano portati via ","(Applausi di deputati dei gruppi Partito Democratico, Misto e della deputata Giannone)","? Non credo che sia questa la strada. Madri disperate, alle quali io non so più che dire, Ministra, non so spiegare perché lo Stato, invece di proteggerle, le punisca togliendo loro i figli. Tutte, Ministra, tutte mi dicono: era meglio non denunciare"
195,2022-05-10,18,Draghi,applauso all'avversario,applausi,FDI,LEGA,KETTY FOGLIANI ,Applausi dei deputati del gruppo Fratelli d'Italia,FALSE,FALSE,"KETTY FOGLIANI (LEGA). Grazie, Presidente. Innanzitutto, annuncio che il gruppo Lega voterà contro gli emendamenti soppressivi ",(Applausi dei deputati del gruppo Fratelli d'Italia),". Le ragioni del nostro voto contrario ci sono tutte e restiamo stupiti che la proposta di soppressione arrivi proprio da chi ha fatto del voto della base la forza del suo movimento., Questa proposta di legge pone un tema molto importante e sentito d"
196,2022-07-27,18,Draghi,ostilità tra alleati,proteste,LEGA,PD,DEBORA SERRACCHIANI ,Vive Proteste dei deputati del gruppo Lega-Salvini Premier,FALSE,FALSE,"DEBORA SERRACCHIANI (PD). C'è un Ministro Garavaglia che è stato presente in Consiglio dei Ministri, perché vorrei ricordare che, contrariamente a quello che diceva il Ministro ",(Vive Proteste dei deputati del gruppo Lega-Salvini Premier),…
