legislature,relazione,chi,a_chi,interventi,interventi_b,quota,eventi,quota_da_settore,stesso,chi_nome,a_chi_nome
1,approvazione,PCI+PSI,PCI,11,18,0.611111111111111,12,1,TRUE,PCI e PSI (blocco della sinistra),Partito Comunista Italiano
1,approvazione,PCI+PSI,GOVERNO,1,2,0.5,2,1,FALSE,PCI e PSI (blocco della sinistra),Governo
1,approvazione,PCI+PSI,PCI+PSI,2395,5502,0.435296255906943,2745,1,TRUE,PCI e PSI (blocco della sinistra),PCI e PSI (blocco della sinistra)
1,approvazione,DC,PLI,23,56,0.410714285714286,34,1,FALSE,Democrazia Cristiana,Partito Liberale Italiano
1,approvazione,DC,DC,2255,6011,0.375145566461487,3053,1,TRUE,Democrazia Cristiana,Democrazia Cristiana
1,approvazione,DC,PRI,191,620,0.308064516129032,272,0.99,FALSE,Democrazia Cristiana,Partito Repubblicano Italiano
1,approvazione,DC,PSI,19,76,0.25,27,1,FALSE,Democrazia Cristiana,Partito Socialista Italiano
1,approvazione,DC,PSDI,165,731,0.225718194254446,229,1,FALSE,Democrazia Cristiana,Partito Socialista Democratico Italiano
1,approvazione,PCI+PSI,PSI,17,76,0.223684210526316,20,1,TRUE,PCI e PSI (blocco della sinistra),Partito Socialista Italiano
1,approvazione,DC,BN,137,633,0.216429699842022,164,1,FALSE,Democrazia Cristiana,Blocco Nazionale (liberali e qualunquisti)
1,approvazione,PCI+PSI,PSDI,69,731,0.094391244870041,79,1,FALSE,PCI e PSI (blocco della sinistra),Partito Socialista Democratico Italiano
1,approvazione,PCI+PSI,PRI,32,620,0.0516129032258065,34,1,FALSE,PCI e PSI (blocco della sinistra),Partito Repubblicano Italiano
1,approvazione,DC,MON,15,322,0.046583850931677,17,1,FALSE,Democrazia Cristiana,Monarchici
1,approvazione,PCI+PSI,MON,14,322,0.0434782608695652,14,1,FALSE,PCI e PSI (blocco della sinistra),Monarchici
1,approvazione,PCI+PSI,BN,24,633,0.037914691943128,26,0.96,FALSE,PCI e PSI (blocco della sinistra),Blocco Nazionale (liberali e qualunquisti)
1,approvazione,PCI+PSI,PLI,2,56,0.0357142857142857,2,1,FALSE,PCI e PSI (blocco della sinistra),Partito Liberale Italiano
1,approvazione,DC,MSI,12,392,0.0306122448979592,12,1,FALSE,Democrazia Cristiana,Movimento Sociale Italiano
1,approvazione,PCI+PSI,DC,169,6011,0.0281151222758276,194,0.97,FALSE,PCI e PSI (blocco della sinistra),Democrazia Cristiana
1,approvazione,DC,PCI+PSI,106,5502,0.0192657215557979,141,0.98,FALSE,Democrazia Cristiana,PCI e PSI (blocco della sinistra)
1,approvazione,PCI+PSI,MSI,2,392,0.00510204081632653,2,1,FALSE,PCI e PSI (blocco della sinistra),Movimento Sociale Italiano
1,approvazione,PSDI,DC,1,6011,0.00016636167027117,1,0,FALSE,Partito Socialista Democratico Italiano,Democrazia Cristiana
1,ostilita,DC,GOVERNO,1,2,0.5,3,1,FALSE,Democrazia Cristiana,Governo
1,ostilita,DC,PCI+PSI,2451,5502,0.445474372955289,3617,0.89,FALSE,Democrazia Cristiana,PCI e PSI (blocco della sinistra)
1,ostilita,PCI+PSI,PRI,276,620,0.445161290322581,431,0.83,FALSE,PCI e PSI (blocco della sinistra),Partito Repubblicano Italiano
1,ostilita,PCI+PSI,DC,2532,6011,0.421227749126601,4080,0.8,FALSE,PCI e PSI (blocco della sinistra),Democrazia Cristiana
1,ostilita,DC,MSI,111,392,0.283163265306122,142,0.78,FALSE,Democrazia Cristiana,Movimento Sociale Italiano
1,ostilita,DC,PCI,5,18,0.277777777777778,5,0.8,FALSE,Democrazia Cristiana,Partito Comunista Italiano
1,ostilita,PCI+PSI,PLI,15,56,0.267857142857143,31,0.8,FALSE,PCI e PSI (blocco della sinistra),Partito Liberale Italiano
1,ostilita,PCI+PSI,PSDI,193,731,0.264021887824897,305,0.77,FALSE,PCI e PSI (blocco della sinistra),Partito Socialista Democratico Italiano
1,ostilita,PCI+PSI,PSI,20,76,0.263157894736842,25,0.75,TRUE,PCI e PSI (blocco della sinistra),Partito Socialista Italiano
1,ostilita,PCI+PSI,MSI,101,392,0.25765306122449,142,0.88,FALSE,PCI e PSI (blocco della sinistra),Movimento Sociale Italiano
1,ostilita,PCI+PSI,BN,148,633,0.233807266982622,220,0.7,FALSE,PCI e PSI (blocco della sinistra),Blocco Nazionale (liberali e qualunquisti)
1,ostilita,DC,MON,73,322,0.226708074534162,95,0.77,FALSE,Democrazia Cristiana,Monarchici
1,ostilita,DC,PSI,11,76,0.144736842105263,17,0.73,FALSE,Democrazia Cristiana,Partito Socialista Italiano
1,ostilita,DC,PSDI,95,731,0.129958960328317,117,0.84,FALSE,Democrazia Cristiana,Partito Socialista Democratico Italiano
1,ostilita,PCI+PSI,MON,40,322,0.124223602484472,46,0.78,FALSE,PCI e PSI (blocco della sinistra),Monarchici
1,ostilita,DC,PRI,60,620,0.0967741935483871,72,0.9,FALSE,Democrazia Cristiana,Partito Repubblicano Italiano
1,ostilita,DC,BN,58,633,0.0916271721958926,73,0.76,FALSE,Democrazia Cristiana,Blocco Nazionale (liberali e qualunquisti)
1,ostilita,DC,DC,494,6011,0.0821826651139578,643,0.78,TRUE,Democrazia Cristiana,Democrazia Cristiana
1,ostilita,PCI+PSI,PCI+PSI,400,5502,0.0727008360596147,528,0.85,TRUE,PCI e PSI (blocco della sinistra),PCI e PSI (blocco della sinistra)
1,ostilita,DC,PLI,2,56,0.0357142857142857,2,0.5,FALSE,Democrazia Cristiana,Partito Liberale Italiano
1,ostilita,PRI,PSI,1,76,0.0131578947368421,2,0,FALSE,Partito Repubblicano Italiano,Partito Socialista Italiano
1,ostilita,BN,PSI,1,76,0.0131578947368421,1,0,FALSE,Blocco Nazionale (liberali e qualunquisti),Partito Socialista Italiano
1,ostilita,MSI,MSI,5,392,0.0127551020408163,5,0,TRUE,Movimento Sociale Italiano,Movimento Sociale Italiano
1,ostilita,MSI,PRI,7,620,0.0112903225806452,7,0,FALSE,Movimento Sociale Italiano,Partito Repubblicano Italiano
1,ostilita,PSDI,MSI,4,392,0.0102040816326531,4,0,FALSE,Partito Socialista Democratico Italiano,Movimento Sociale Italiano
1,ostilita,PSDI,PSDI,7,731,0.00957592339261286,8,0,TRUE,Partito Socialista Democratico Italiano,Partito Socialista Democratico Italiano
1,ostilita,MSI,MON,3,322,0.0093167701863354,3,0,FALSE,Movimento Sociale Italiano,Monarchici
1,ostilita,PSDI,BN,5,633,0.00789889415481833,6,0,FALSE,Partito Socialista Democratico Italiano,Blocco Nazionale (liberali e qualunquisti)
1,ostilita,MSI,BN,5,633,0.00789889415481833,6,0,FALSE,Movimento Sociale Italiano,Blocco Nazionale (liberali e qualunquisti)
1,ostilita,MSI,DC,41,6011,0.00682082848111795,51,0,FALSE,Movimento Sociale Italiano,Democrazia Cristiana
1,ostilita,PSDI,PRI,4,620,0.00645161290322581,4,0,FALSE,Partito Socialista Democratico Italiano,Partito Repubblicano Italiano
1,ostilita,MON,BN,4,633,0.00631911532385466,4,0,FALSE,Monarchici,Blocco Nazionale (liberali e qualunquisti)
1,ostilita,BN,MON,2,322,0.0062111801242236,2,0,FALSE,Blocco Nazionale (liberali e qualunquisti),Monarchici
1,ostilita,PSDI,PCI+PSI,32,5502,0.00581606688476918,35,0,FALSE,Partito Socialista Democratico Italiano,PCI e PSI (blocco della sinistra)
1,ostilita,MSI,PSDI,4,731,0.00547195622435021,4,0,FALSE,Movimento Sociale Italiano,Partito Socialista Democratico Italiano
1,ostilita,MSI,PCI+PSI,28,5502,0.00508905852417303,32,0,FALSE,Movimento Sociale Italiano,PCI e PSI (blocco della sinistra)
1,ostilita,BN,PCI+PSI,19,5502,0.0034532897128317,19,0,FALSE,Blocco Nazionale (liberali e qualunquisti),PCI e PSI (blocco della sinistra)
1,ostilita,PRI,PRI,2,620,0.0032258064516129,2,0,TRUE,Partito Repubblicano Italiano,Partito Repubblicano Italiano
1,ostilita,BN,BN,2,633,0.00315955766192733,2,0,TRUE,Blocco Nazionale (liberali e qualunquisti),Blocco Nazionale (liberali e qualunquisti)
1,ostilita,MON,MON,1,322,0.0031055900621118,1,0,TRUE,Monarchici,Monarchici
1,ostilita,PSDI,MON,1,322,0.0031055900621118,1,0,FALSE,Partito Socialista Democratico Italiano,Monarchici
1,ostilita,PRI,MON,1,322,0.0031055900621118,1,0,FALSE,Partito Repubblicano Italiano,Monarchici
1,ostilita,MON,PSDI,2,731,0.0027359781121751,2,0,FALSE,Monarchici,Partito Socialista Democratico Italiano
1,ostilita,PRI,PSDI,2,731,0.0027359781121751,2,0,FALSE,Partito Repubblicano Italiano,Partito Socialista Democratico Italiano
1,ostilita,PSDI,DC,16,6011,0.00266178672433871,16,0,FALSE,Partito Socialista Democratico Italiano,Democrazia Cristiana
1,ostilita,PRI,MSI,1,392,0.00255102040816327,1,0,FALSE,Partito Repubblicano Italiano,Movimento Sociale Italiano
1,ostilita,PRI,PCI+PSI,9,5502,0.00163576881134133,10,0,FALSE,Partito Repubblicano Italiano,PCI e PSI (blocco della sinistra)
1,ostilita,BN,PRI,1,620,0.00161290322580645,1,0,FALSE,Blocco Nazionale (liberali e qualunquisti),Partito Repubblicano Italiano
1,ostilita,MON,PRI,1,620,0.00161290322580645,1,0,FALSE,Monarchici,Partito Repubblicano Italiano
1,ostilita,BN,PSDI,1,731,0.00136798905608755,1,0,FALSE,Blocco Nazionale (liberali e qualunquisti),Partito Socialista Democratico Italiano
1,ostilita,BN,DC,8,6011,0.00133089336216936,10,0,FALSE,Blocco Nazionale (liberali e qualunquisti),Democrazia Cristiana
1,ostilita,MON,DC,7,6011,0.00116453169189819,8,0,FALSE,Monarchici,Democrazia Cristiana
1,ostilita,MON,PCI+PSI,5,5502,0.000908760450745184,5,0,FALSE,Monarchici,PCI e PSI (blocco della sinistra)
1,ostilita,PRI,DC,5,6011,0.000831808351355848,6,0,FALSE,Partito Repubblicano Italiano,Democrazia Cristiana
1,ostilita,MARGH,PCI+PSI,1,5502,0.000181752090149037,1,0,FALSE,La Margherita,PCI e PSI (blocco della sinistra)
2,approvazione,PCI+PSI,PCI,743,1172,0.633959044368601,790,1,TRUE,PCI e PSI (blocco della sinistra),Partito Comunista Italiano
2,approvazione,PCI+PSI,PSI,447,708,0.63135593220339,505,1,TRUE,PCI e PSI (blocco della sinistra),Partito Socialista Italiano
2,approvazione,DC,DC,1267,2443,0.518624641833811,1518,1,TRUE,Democrazia Cristiana,Democrazia Cristiana
2,approvazione,DC,PLI,65,195,0.333333333333333,76,0.97,FALSE,Democrazia Cristiana,Partito Liberale Italiano
2,approvazione,DC,PRI,62,195,0.317948717948718,82,1,FALSE,Democrazia Cristiana,Partito Repubblicano Italiano
2,approvazione,DC,PSDI,77,301,0.255813953488372,89,1,FALSE,Democrazia Cristiana,Partito Socialista Democratico Italiano
2,approvazione,PCI+PSI,PSDI,37,301,0.122923588039867,45,1,FALSE,PCI e PSI (blocco della sinistra),Partito Socialista Democratico Italiano
2,approvazione,PCI+PSI,PRI,18,195,0.0923076923076923,19,1,FALSE,PCI e PSI (blocco della sinistra),Partito Repubblicano Italiano
2,approvazione,PCI+PSI,PLI,9,195,0.0461538461538462,9,1,FALSE,PCI e PSI (blocco della sinistra),Partito Liberale Italiano
2,approvazione,DC,MON,15,521,0.0287907869481766,18,1,FALSE,Democrazia Cristiana,Monarchici
2,approvazione,DC,PSI,20,708,0.0282485875706215,26,1,FALSE,Democrazia Cristiana,Partito Socialista Italiano
2,approvazione,PCI+PSI,MON,14,521,0.0268714011516315,14,1,FALSE,PCI e PSI (blocco della sinistra),Monarchici
2,approvazione,PCI+PSI,DC,54,2443,0.0221039705280393,62,1,FALSE,PCI e PSI (blocco della sinistra),Democrazia Cristiana
2,approvazione,DC,PCI,17,1172,0.0145051194539249,18,1,FALSE,Democrazia Cristiana,Partito Comunista Italiano
2,approvazione,PCI+PSI,MSI,5,406,0.0123152709359606,5,1,FALSE,PCI e PSI (blocco della sinistra),Movimento Sociale Italiano
2,approvazione,PCI,PCI,6,1172,0.00511945392491468,8,1,TRUE,Partito Comunista Italiano,Partito Comunista Italiano
2,approvazione,DC,MSI,2,406,0.00492610837438424,3,1,FALSE,Democrazia Cristiana,Movimento Sociale Italiano
2,approvazione,PCI,MSI,1,406,0.00246305418719212,1,1,FALSE,Partito Comunista Italiano,Movimento Sociale Italiano
2,approvazione,PSDI,MON,1,521,0.00191938579654511,1,0,FALSE,Partito Socialista Democratico Italiano,Monarchici
2,approvazione,PCI,PSI,1,708,0.00141242937853107,1,1,FALSE,Partito Comunista Italiano,Partito Socialista Italiano
2,approvazione,PCI,DC,3,2443,0.00122799836266885,3,0.67,FALSE,Partito Comunista Italiano,Democrazia Cristiana
2,ostilita,PCI+PSI,DC,738,2443,0.302087597216537,1114,1,FALSE,PCI e PSI (blocco della sinistra),Democrazia Cristiana
2,ostilita,PCI+PSI,PSDI,74,301,0.245847176079734,115,1,FALSE,PCI e PSI (blocco della sinistra),Partito Socialista Democratico Italiano
2,ostilita,PCI+PSI,MSI,89,406,0.219211822660099,127,1,FALSE,PCI e PSI (blocco della sinistra),Movimento Sociale Italiano
2,ostilita,DC,PCI,250,1172,0.213310580204778,321,0.8,FALSE,Democrazia Cristiana,Partito Comunista Italiano
2,ostilita,PCI+PSI,PLI,40,195,0.205128205128205,43,1,FALSE,PCI e PSI (blocco della sinistra),Partito Liberale Italiano
2,ostilita,PCI+PSI,PRI,31,195,0.158974358974359,42,1,FALSE,PCI e PSI (blocco della sinistra),Partito Repubblicano Italiano
2,ostilita,DC,MSI,54,406,0.133004926108374,76,0.8,FALSE,Democrazia Cristiana,Movimento Sociale Italiano
2,ostilita,DC,PSI,94,708,0.132768361581921,116,0.8,FALSE,Democrazia Cristiana,Partito Socialista Italiano
2,ostilita,DC,PSDI,35,301,0.116279069767442,41,0.83,FALSE,Democrazia Cristiana,Partito Socialista Democratico Italiano
2,ostilita,PCI,PLI,22,195,0.112820512820513,25,0.18,FALSE,Partito Comunista Italiano,Partito Liberale Italiano
2,ostilita,PCI+PSI,MON,58,521,0.111324376199616,80,1,FALSE,PCI e PSI (blocco della sinistra),Monarchici
2,ostilita,DC,MON,55,521,0.105566218809981,61,0.78,FALSE,Democrazia Cristiana,Monarchici
2,ostilita,PCI,DC,251,2443,0.102742529676627,296,0.05,FALSE,Partito Comunista Italiano,Democrazia Cristiana
2,ostilita,PCI,PRI,19,195,0.0974358974358974,29,0.21,FALSE,Partito Comunista Italiano,Partito Repubblicano Italiano
2,ostilita,PCI,PSDI,22,301,0.0730897009966778,23,0.05,FALSE,Partito Comunista Italiano,Partito Socialista Democratico Italiano
2,ostilita,PCI,MSI,28,406,0.0689655172413793,35,0.29,FALSE,Partito Comunista Italiano,Movimento Sociale Italiano
2,ostilita,DC,PRI,11,195,0.0564102564102564,13,0.73,FALSE,Democrazia Cristiana,Partito Repubblicano Italiano
2,ostilita,PCI+PSI,PSI,39,708,0.0550847457627119,51,1,TRUE,PCI e PSI (blocco della sinistra),Partito Socialista Italiano
2,ostilita,PCI+PSI,PCI,57,1172,0.0486348122866894,70,1,TRUE,PCI e PSI (blocco della sinistra),Partito Comunista Italiano
2,ostilita,PSI,PLI,7,195,0.0358974358974359,8,0,FALSE,Partito Socialista Italiano,Partito Liberale Italiano
2,ostilita,PCI,MON,18,521,0.0345489443378119,19,0,FALSE,Partito Comunista Italiano,Monarchici
2,ostilita,PSI,PSDI,10,301,0.0332225913621263,11,0,FALSE,Partito Socialista Italiano,Partito Socialista Democratico Italiano
2,ostilita,MSI,PSDI,8,301,0.026578073089701,8,0,FALSE,Movimento Sociale Italiano,Partito Socialista Democratico Italiano
2,ostilita,DC,DC,60,2443,0.024559967253377,67,0.62,TRUE,Democrazia Cristiana,Democrazia Cristiana
2,ostilita,PSI,DC,59,2443,0.0241506344658207,63,0,FALSE,Partito Socialista Italiano,Democrazia Cristiana
2,ostilita,DC,PLI,4,195,0.0205128205128205,5,1,FALSE,Democrazia Cristiana,Partito Liberale Italiano
2,ostilita,MON,PRI,4,195,0.0205128205128205,5,0,FALSE,Monarchici,Partito Repubblicano Italiano
2,ostilita,MON,PSI,14,708,0.019774011299435,18,0,FALSE,Monarchici,Partito Socialista Italiano
2,ostilita,MSI,PLI,3,195,0.0153846153846154,3,0,FALSE,Movimento Sociale Italiano,Partito Liberale Italiano
2,ostilita,PSI,PRI,3,195,0.0153846153846154,3,0,FALSE,Partito Socialista Italiano,Partito Repubblicano Italiano
2,ostilita,PSI,MON,8,521,0.0153550863723608,8,0,FALSE,Partito Socialista Italiano,Monarchici
2,ostilita,PCI,PCI,15,1172,0.0127986348122867,15,0.07,TRUE,Partito Comunista Italiano,Partito Comunista Italiano
2,ostilita,PSI,MSI,5,406,0.0123152709359606,6,0,FALSE,Partito Socialista Italiano,Movimento Sociale Italiano
2,ostilita,MON,MON,6,521,0.0115163147792706,8,0,TRUE,Monarchici,Monarchici
2,ostilita,PSI,PSI,8,708,0.0112994350282486,9,0,TRUE,Partito Socialista Italiano,Partito Socialista Italiano
2,ostilita,PRI,PSI,7,708,0.00988700564971752,7,0,FALSE,Partito Repubblicano Italiano,Partito Socialista Italiano
2,ostilita,PCI,PSI,7,708,0.00988700564971752,8,0,FALSE,Partito Comunista Italiano,Partito Socialista Italiano
2,ostilita,MON,MSI,3,406,0.00738916256157635,4,0,FALSE,Monarchici,Movimento Sociale Italiano
2,ostilita,MON,DC,16,2443,0.00654932460090053,18,0,FALSE,Monarchici,Democrazia Cristiana
2,ostilita,PRI,MON,3,521,0.00575815738963532,5,0,FALSE,Partito Repubblicano Italiano,Monarchici
2,ostilita,MON,PLI,1,195,0.00512820512820513,1,0,FALSE,Monarchici,Partito Liberale Italiano
2,ostilita,MSI,PRI,1,195,0.00512820512820513,1,0,FALSE,Movimento Sociale Italiano,Partito Repubblicano Italiano
2,ostilita,MSI,PCI,6,1172,0.00511945392491468,7,0,FALSE,Movimento Sociale Italiano,Partito Comunista Italiano
2,ostilita,MSI,DC,12,2443,0.0049119934506754,12,0,FALSE,Movimento Sociale Italiano,Democrazia Cristiana
2,ostilita,MSI,MON,2,521,0.00383877159309021,2,0,FALSE,Movimento Sociale Italiano,Monarchici
2,ostilita,PSI,PCI,4,1172,0.00341296928327645,4,0,FALSE,Partito Socialista Italiano,Partito Comunista Italiano
2,ostilita,MON,PSDI,1,301,0.00332225913621262,1,0,FALSE,Monarchici,Partito Socialista Democratico Italiano
2,ostilita,PRI,PSDI,1,301,0.00332225913621262,1,0,FALSE,Partito Repubblicano Italiano,Partito Socialista Democratico Italiano
2,ostilita,PRI,DC,7,2443,0.00286532951289398,7,0,FALSE,Partito Repubblicano Italiano,Democrazia Cristiana
2,ostilita,PSDI,PSI,2,708,0.00282485875706215,2,0,FALSE,Partito Socialista Democratico Italiano,Partito Socialista Italiano
2,ostilita,MSI,PSI,2,708,0.00282485875706215,2,0,FALSE,Movimento Sociale Italiano,Partito Socialista Italiano
2,ostilita,PLI,MSI,1,406,0.00246305418719212,1,0,FALSE,Partito Liberale Italiano,Movimento Sociale Italiano
2,ostilita,PSDI,MON,1,521,0.00191938579654511,1,0,FALSE,Partito Socialista Democratico Italiano,Monarchici
2,ostilita,PSDI,PCI,2,1172,0.00170648464163823,3,0,FALSE,Partito Socialista Democratico Italiano,Partito Comunista Italiano
2,ostilita,MON,PCI,2,1172,0.00170648464163823,2,0,FALSE,Monarchici,Partito Comunista Italiano
2,ostilita,PLI,PSI,1,708,0.00141242937853107,1,0,FALSE,Partito Liberale Italiano,Partito Socialista Italiano
2,ostilita,PLI,PCI,1,1172,0.000853242320819113,1,0,FALSE,Partito Liberale Italiano,Partito Comunista Italiano
2,ostilita,PRI,PCI,1,1172,0.000853242320819113,1,0,FALSE,Partito Repubblicano Italiano,Partito Comunista Italiano
2,ostilita,PLI,DC,2,2443,0.000818665575112567,2,0,FALSE,Partito Liberale Italiano,Democrazia Cristiana
3,approvazione,PCI+PSI,PSI,386,593,0.650927487352445,440,1,TRUE,PCI e PSI (blocco della sinistra),Partito Socialista Italiano
3,approvazione,DC,DC,1338,2296,0.582752613240418,1542,1,TRUE,Democrazia Cristiana,Democrazia Cristiana
3,approvazione,PCI+PSI,PCI,596,1076,0.553903345724907,645,1,TRUE,PCI e PSI (blocco della sinistra),Partito Comunista Italiano
3,approvazione,DC,PRI,41,143,0.286713286713287,48,1,FALSE,Democrazia Cristiana,Partito Repubblicano Italiano
3,approvazione,DC,PLI,63,344,0.183139534883721,68,1,FALSE,Democrazia Cristiana,Partito Liberale Italiano
3,approvazione,DC,PSDI,41,224,0.183035714285714,57,1,FALSE,Democrazia Cristiana,Partito Socialista Democratico Italiano
3,approvazione,PCI+PSI,PSDI,34,224,0.151785714285714,43,1,FALSE,PCI e PSI (blocco della sinistra),Partito Socialista Democratico Italiano
3,approvazione,PCI+PSI,PRI,20,143,0.13986013986014,21,1,FALSE,PCI e PSI (blocco della sinistra),Partito Repubblicano Italiano
3,approvazione,PCI,PCI,131,1076,0.121747211895911,144,1,TRUE,Partito Comunista Italiano,Partito Comunista Italiano
3,approvazione,DC,MON,12,364,0.032967032967033,16,1,FALSE,Democrazia Cristiana,Monarchici
3,approvazione,DC,PCI,35,1076,0.0325278810408922,55,1,FALSE,Democrazia Cristiana,Partito Comunista Italiano
3,approvazione,DC,PSI,11,593,0.0185497470489039,11,1,FALSE,Democrazia Cristiana,Partito Socialista Italiano
3,approvazione,PCI,PSDI,4,224,0.0178571428571429,4,1,FALSE,Partito Comunista Italiano,Partito Socialista Democratico Italiano
3,approvazione,PCI+PSI,DC,39,2296,0.01698606271777,43,1,FALSE,PCI e PSI (blocco della sinistra),Democrazia Cristiana
3,approvazione,PCI+PSI,PLI,5,344,0.0145348837209302,7,1,FALSE,PCI e PSI (blocco della sinistra),Partito Liberale Italiano
3,approvazione,DC,MSI,9,642,0.014018691588785,15,1,FALSE,Democrazia Cristiana,Movimento Sociale Italiano
3,approvazione,PCI,PLI,4,344,0.0116279069767442,4,0.75,FALSE,Partito Comunista Italiano,Partito Liberale Italiano
3,approvazione,PCI+PSI,MON,4,364,0.010989010989011,4,1,FALSE,PCI e PSI (blocco della sinistra),Monarchici
3,approvazione,PCI,PSI,3,593,0.00505902192242833,3,1,FALSE,Partito Comunista Italiano,Partito Socialista Italiano
3,approvazione,PCI+PSI,MSI,3,642,0.00467289719626168,4,1,FALSE,PCI e PSI (blocco della sinistra),Movimento Sociale Italiano
3,approvazione,PCI,DC,6,2296,0.00261324041811847,6,1,FALSE,Partito Comunista Italiano,Democrazia Cristiana
3,approvazione,PSDI,PCI,1,1076,0.000929368029739777,1,0,FALSE,Partito Socialista Democratico Italiano,Partito Comunista Italiano
3,ostilita,DC,PCI,236,1076,0.219330855018587,291,0.83,FALSE,Democrazia Cristiana,Partito Comunista Italiano
3,ostilita,PCI+PSI,DC,503,2296,0.219076655052265,722,1,FALSE,PCI e PSI (blocco della sinistra),Democrazia Cristiana
3,ostilita,PCI+PSI,PSDI,35,224,0.15625,61,1,FALSE,PCI e PSI (blocco della sinistra),Partito Socialista Democratico Italiano
3,ostilita,DC,PSDI,35,224,0.15625,38,0.83,FALSE,Democrazia Cristiana,Partito Socialista Democratico Italiano
3,ostilita,PCI+PSI,PLI,49,344,0.142441860465116,67,1,FALSE,PCI e PSI (blocco della sinistra),Partito Liberale Italiano
3,ostilita,PCI+PSI,MON,48,364,0.131868131868132,70,1,FALSE,PCI e PSI (blocco della sinistra),Monarchici
3,ostilita,PCI+PSI,MSI,81,642,0.126168224299065,102,1,FALSE,PCI e PSI (blocco della sinistra),Movimento Sociale Italiano
3,ostilita,PCI,PRI,17,143,0.118881118881119,23,0.71,FALSE,Partito Comunista Italiano,Partito Repubblicano Italiano
3,ostilita,PCI+PSI,PRI,16,143,0.111888111888112,32,1,FALSE,PCI e PSI (blocco della sinistra),Partito Repubblicano Italiano
3,ostilita,PCI,DC,248,2296,0.10801393728223,294,0.25,FALSE,Partito Comunista Italiano,Democrazia Cristiana
3,ostilita,DC,MSI,68,642,0.105919003115265,76,0.66,FALSE,Democrazia Cristiana,Movimento Sociale Italiano
3,ostilita,DC,PSI,53,593,0.0893760539629005,80,0.75,FALSE,Democrazia Cristiana,Partito Socialista Italiano
3,ostilita,PCI,PSDI,20,224,0.0892857142857143,26,0.5,FALSE,Partito Comunista Italiano,Partito Socialista Democratico Italiano
3,ostilita,DC,MON,30,364,0.0824175824175824,40,0.83,FALSE,Democrazia Cristiana,Monarchici
3,ostilita,DC,PLI,25,344,0.0726744186046512,30,0.56,FALSE,Democrazia Cristiana,Partito Liberale Italiano
3,ostilita,PCI,MSI,46,642,0.0716510903426791,49,0.5,FALSE,Partito Comunista Italiano,Movimento Sociale Italiano
3,ostilita,PCI,PLI,23,344,0.0668604651162791,30,0.57,FALSE,Partito Comunista Italiano,Partito Liberale Italiano
3,ostilita,PSI,PLI,17,344,0.0494186046511628,20,0,FALSE,Partito Socialista Italiano,Partito Liberale Italiano
3,ostilita,PCI+PSI,PCI,53,1076,0.0492565055762082,75,1,TRUE,PCI e PSI (blocco della sinistra),Partito Comunista Italiano
3,ostilita,DC,PRI,7,143,0.048951048951049,7,0.86,FALSE,Democrazia Cristiana,Partito Repubblicano Italiano
3,ostilita,PCI,MON,15,364,0.0412087912087912,19,0.33,FALSE,Partito Comunista Italiano,Monarchici
3,ostilita,PCI,PSI,23,593,0.0387858347386172,28,0.22,FALSE,Partito Comunista Italiano,Partito Socialista Italiano
3,ostilita,PCI+PSI,PSI,22,593,0.0370994940978078,27,1,TRUE,PCI e PSI (blocco della sinistra),Partito Socialista Italiano
3,ostilita,PSI,MSI,21,642,0.0327102803738318,21,0,FALSE,Partito Socialista Italiano,Movimento Sociale Italiano
3,ostilita,MSI,PRI,4,143,0.027972027972028,4,0,FALSE,Movimento Sociale Italiano,Partito Repubblicano Italiano
3,ostilita,PCI,PCI,27,1076,0.025092936802974,37,0.41,TRUE,Partito Comunista Italiano,Partito Comunista Italiano
3,ostilita,MSI,PSI,14,593,0.0236087689713322,14,0,FALSE,Movimento Sociale Italiano,Partito Socialista Italiano
3,ostilita,MSI,PSDI,5,224,0.0223214285714286,6,0,FALSE,Movimento Sociale Italiano,Partito Socialista Democratico Italiano
3,ostilita,MSI,PCI,24,1076,0.0223048327137546,29,0,FALSE,Movimento Sociale Italiano,Partito Comunista Italiano
3,ostilita,MSI,DC,44,2296,0.0191637630662021,49,0,FALSE,Movimento Sociale Italiano,Democrazia Cristiana
3,ostilita,MON,PSDI,4,224,0.0178571428571429,4,0,FALSE,Monarchici,Partito Socialista Democratico Italiano
3,ostilita,DC,DC,40,2296,0.0174216027874564,44,0.58,TRUE,Democrazia Cristiana,Democrazia Cristiana
3,ostilita,MSI,PLI,5,344,0.0145348837209302,5,0,FALSE,Movimento Sociale Italiano,Partito Liberale Italiano
3,ostilita,PSI,PRI,2,143,0.013986013986014,2,0,FALSE,Partito Socialista Italiano,Partito Repubblicano Italiano
3,ostilita,PLI,PRI,2,143,0.013986013986014,3,0,FALSE,Partito Liberale Italiano,Partito Repubblicano Italiano
3,ostilita,PSI,DC,31,2296,0.0135017421602787,34,0,FALSE,Partito Socialista Italiano,Democrazia Cristiana
3,ostilita,PSI,PSDI,3,224,0.0133928571428571,3,0,FALSE,Partito Socialista Italiano,Partito Socialista Democratico Italiano
3,ostilita,PSI,MON,4,364,0.010989010989011,4,0,FALSE,Partito Socialista Italiano,Monarchici
3,ostilita,MSI,MON,4,364,0.010989010989011,5,0,FALSE,Movimento Sociale Italiano,Monarchici
3,ostilita,MSI,MSI,6,642,0.00934579439252336,7,0,TRUE,Movimento Sociale Italiano,Movimento Sociale Italiano
3,ostilita,PRI,PSDI,2,224,0.00892857142857143,2,0,FALSE,Partito Repubblicano Italiano,Partito Socialista Democratico Italiano
3,ostilita,PSDI,PSDI,2,224,0.00892857142857143,2,0,TRUE,Partito Socialista Democratico Italiano,Partito Socialista Democratico Italiano
3,ostilita,PSDI,MSI,5,642,0.00778816199376947,5,0,FALSE,Partito Socialista Democratico Italiano,Movimento Sociale Italiano
3,ostilita,PLI,PSI,4,593,0.00674536256323777,5,0,FALSE,Partito Liberale Italiano,Partito Socialista Italiano
3,ostilita,MON,PLI,2,344,0.00581395348837209,2,0,FALSE,Monarchici,Partito Liberale Italiano
3,ostilita,PSDI,PLI,2,344,0.00581395348837209,2,0,FALSE,Partito Socialista Democratico Italiano,Partito Liberale Italiano
3,ostilita,PRI,PLI,2,344,0.00581395348837209,2,0,FALSE,Partito Repubblicano Italiano,Partito Liberale Italiano
3,ostilita,MON,MON,2,364,0.0054945054945055,2,0,TRUE,Monarchici,Monarchici
3,ostilita,PSI,PSI,3,593,0.00505902192242833,5,0,TRUE,Partito Socialista Italiano,Partito Socialista Italiano
3,ostilita,MON,DC,11,2296,0.00479094076655052,11,0,FALSE,Monarchici,Democrazia Cristiana
3,ostilita,PLI,PSDI,1,224,0.00446428571428571,1,0,FALSE,Partito Liberale Italiano,Partito Socialista Democratico Italiano
3,ostilita,PRI,PSI,2,593,0.00337268128161889,2,0,FALSE,Partito Repubblicano Italiano,Partito Socialista Italiano
3,ostilita,MON,MSI,2,642,0.00311526479750779,2,0,FALSE,Monarchici,Movimento Sociale Italiano
3,ostilita,PRI,PCI,3,1076,0.00278810408921933,6,0,FALSE,Partito Repubblicano Italiano,Partito Comunista Italiano
3,ostilita,PLI,PCI,3,1076,0.00278810408921933,3,0,FALSE,Partito Liberale Italiano,Partito Comunista Italiano
3,ostilita,PRI,MON,1,364,0.00274725274725275,1,0,FALSE,Partito Repubblicano Italiano,Monarchici
3,ostilita,PSDI,MON,1,364,0.00274725274725275,1,0,FALSE,Partito Socialista Democratico Italiano,Monarchici
3,ostilita,PSDI,DC,6,2296,0.00261324041811847,7,0,FALSE,Partito Socialista Democratico Italiano,Democrazia Cristiana
3,ostilita,PLI,DC,6,2296,0.00261324041811847,6,0,FALSE,Partito Liberale Italiano,Democrazia Cristiana
3,ostilita,MON,PCI,2,1076,0.00185873605947955,2,0,FALSE,Monarchici,Partito Comunista Italiano
3,ostilita,PRI,DC,4,2296,0.00174216027874564,4,0,FALSE,Partito Repubblicano Italiano,Democrazia Cristiana
3,ostilita,MON,PSI,1,593,0.00168634064080944,1,0,FALSE,Monarchici,Partito Socialista Italiano
3,ostilita,PSDI,PSI,1,593,0.00168634064080944,1,0,FALSE,Partito Socialista Democratico Italiano,Partito Socialista Italiano
3,ostilita,PSDI,PCI,1,1076,0.000929368029739777,1,0,FALSE,Partito Socialista Democratico Italiano,Partito Comunista Italiano
3,ostilita,PSI,PCI,1,1076,0.000929368029739777,1,0,FALSE,Partito Socialista Italiano,Partito Comunista Italiano
4,approvazione,MSI,MON,87,137,0.635036496350365,88,1,FALSE,Movimento Sociale Italiano,Monarchici
4,approvazione,PCI,PCI,815,1434,0.568340306834031,925,1,TRUE,Partito Comunista Italiano,Partito Comunista Italiano
4,approvazione,MSI,MSI,428,789,0.542458808618505,436,1,TRUE,Movimento Sociale Italiano,Movimento Sociale Italiano
4,approvazione,DC,DC,995,2004,0.496506986027944,1069,1,TRUE,Democrazia Cristiana,Democrazia Cristiana
4,approvazione,PCI,PSI,261,941,0.277364505844846,276,1,FALSE,Partito Comunista Italiano,Partito Socialista Italiano
4,approvazione,DC,PSDI,44,215,0.204651162790698,45,1,FALSE,Democrazia Cristiana,Partito Socialista Democratico Italiano
4,approvazione,DC,PSI,102,941,0.108395324123273,109,1,FALSE,Democrazia Cristiana,Partito Socialista Italiano
4,approvazione,DC,PRI,17,157,0.10828025477707,19,1,FALSE,Democrazia Cristiana,Partito Repubblicano Italiano
4,approvazione,PCI,PRI,7,157,0.0445859872611465,7,1,FALSE,Partito Comunista Italiano,Partito Repubblicano Italiano
4,approvazione,PCI,PSDI,7,215,0.0325581395348837,10,1,FALSE,Partito Comunista Italiano,Partito Socialista Democratico Italiano
4,approvazione,DC,PLI,14,820,0.0170731707317073,14,0.93,FALSE,Democrazia Cristiana,Partito Liberale Italiano
4,approvazione,DC,MSI,13,789,0.0164765525982256,17,1,FALSE,Democrazia Cristiana,Movimento Sociale Italiano
4,approvazione,DC,PCI,22,1434,0.0153417015341702,24,0.91,FALSE,Democrazia Cristiana,Partito Comunista Italiano
4,approvazione,PCI,DC,30,2004,0.0149700598802395,33,1,FALSE,Partito Comunista Italiano,Democrazia Cristiana
4,approvazione,MSI,PCI,16,1434,0.0111576011157601,19,1,FALSE,Movimento Sociale Italiano,Partito Comunista Italiano
4,approvazione,PLI,PLI,9,820,0.0109756097560976,10,0,TRUE,Partito Liberale Italiano,Partito Liberale Italiano
4,approvazione,MSI,PLI,6,820,0.00731707317073171,7,0.67,FALSE,Movimento Sociale Italiano,Partito Liberale Italiano
4,approvazione,MSI,DC,14,2004,0.00698602794411178,14,1,FALSE,Movimento Sociale Italiano,Democrazia Cristiana
4,approvazione,MSI,PSI,5,941,0.0053134962805526,5,0.8,FALSE,Movimento Sociale Italiano,Partito Socialista Italiano
4,approvazione,PSDI,PSDI,1,215,0.00465116279069768,1,0,TRUE,Partito Socialista Democratico Italiano,Partito Socialista Democratico Italiano
4,approvazione,MSI,PSDI,1,215,0.00465116279069768,1,1,FALSE,Movimento Sociale Italiano,Partito Socialista Democratico Italiano
4,approvazione,PCI,PLI,3,820,0.00365853658536585,3,1,FALSE,Partito Comunista Italiano,Partito Liberale Italiano
4,approvazione,PCI,MSI,2,789,0.00253485424588086,2,1,FALSE,Partito Comunista Italiano,Movimento Sociale Italiano
4,approvazione,MON,PLI,2,820,0.0024390243902439,3,0,FALSE,Monarchici,Partito Liberale Italiano
4,approvazione,PSI,PLI,1,820,0.00121951219512195,1,0,FALSE,Partito Socialista Italiano,Partito Liberale Italiano
4,approvazione,PSDI,PLI,1,820,0.00121951219512195,1,0,FALSE,Partito Socialista Democratico Italiano,Partito Liberale Italiano
4,approvazione,PSI,DC,2,2004,0.000998003992015968,2,0,FALSE,Partito Socialista Italiano,Democrazia Cristiana
4,approvazione,MARGH,PCI,1,1434,0.000697350069735007,1,0,FALSE,La Margherita,Partito Comunista Italiano
4,ostilita,PCI,PSDI,71,215,0.330232558139535,105,0.7,FALSE,Partito Comunista Italiano,Partito Socialista Democratico Italiano
4,ostilita,PCI,DC,615,2004,0.30688622754491,849,0.61,FALSE,Partito Comunista Italiano,Democrazia Cristiana
4,ostilita,PCI,PRI,41,157,0.261146496815287,45,0.66,FALSE,Partito Comunista Italiano,Partito Repubblicano Italiano
4,ostilita,PCI,MON,33,137,0.240875912408759,43,0.88,FALSE,Partito Comunista Italiano,Monarchici
4,ostilita,DC,PCI,280,1434,0.195258019525802,403,0.65,FALSE,Democrazia Cristiana,Partito Comunista Italiano
4,ostilita,PCI,PSI,163,941,0.173219978746015,212,0.57,FALSE,Partito Comunista Italiano,Partito Socialista Italiano
4,ostilita,DC,MON,23,137,0.167883211678832,26,0.83,FALSE,Democrazia Cristiana,Monarchici
4,ostilita,PCI,MSI,111,789,0.140684410646388,139,0.83,FALSE,Partito Comunista Italiano,Movimento Sociale Italiano
4,ostilita,PCI,PLI,102,820,0.124390243902439,125,0.71,FALSE,Partito Comunista Italiano,Partito Liberale Italiano
4,ostilita,DC,MSI,96,789,0.121673003802281,109,0.57,FALSE,Democrazia Cristiana,Movimento Sociale Italiano
4,ostilita,DC,PLI,75,820,0.0914634146341463,84,0.49,FALSE,Democrazia Cristiana,Partito Liberale Italiano
4,ostilita,MSI,PRI,13,157,0.0828025477707006,15,0.62,FALSE,Movimento Sociale Italiano,Partito Repubblicano Italiano
4,ostilita,PCI,PCI,109,1434,0.0760111576011158,130,0.74,TRUE,Partito Comunista Italiano,Partito Comunista Italiano
4,ostilita,MSI,DC,141,2004,0.0703592814371257,184,0.5,FALSE,Movimento Sociale Italiano,Democrazia Cristiana
4,ostilita,MSI,PSDI,15,215,0.0697674418604651,18,0.73,FALSE,Movimento Sociale Italiano,Partito Socialista Democratico Italiano
4,ostilita,MSI,PSI,56,941,0.0595111583421892,70,0.5,FALSE,Movimento Sociale Italiano,Partito Socialista Italiano
4,ostilita,MSI,MSI,45,789,0.0570342205323194,50,0.47,TRUE,Movimento Sociale Italiano,Movimento Sociale Italiano
4,ostilita,DC,PSI,51,941,0.0541976620616366,72,0.63,FALSE,Democrazia Cristiana,Partito Socialista Italiano
4,ostilita,PLI,PRI,8,157,0.0509554140127389,8,0,FALSE,Partito Liberale Italiano,Partito Repubblicano Italiano
4,ostilita,MSI,PCI,58,1434,0.0404463040446304,89,0.6,FALSE,Movimento Sociale Italiano,Partito Comunista Italiano
4,ostilita,PSI,PLI,28,820,0.0341463414634146,29,0,FALSE,Partito Socialista Italiano,Partito Liberale Italiano
4,ostilita,PSI,PRI,5,157,0.0318471337579618,6,0,FALSE,Partito Socialista Italiano,Partito Repubblicano Italiano
4,ostilita,PSI,PCI,37,1434,0.0258019525801953,39,0,FALSE,Partito Socialista Italiano,Partito Comunista Italiano
4,ostilita,DC,PRI,4,157,0.0254777070063694,4,1,FALSE,Democrazia Cristiana,Partito Repubblicano Italiano
4,ostilita,PSI,MSI,19,789,0.0240811153358682,19,0,FALSE,Partito Socialista Italiano,Movimento Sociale Italiano
4,ostilita,PSI,PSDI,5,215,0.0232558139534884,5,0,FALSE,Partito Socialista Italiano,Partito Socialista Democratico Italiano
4,ostilita,PLI,PSI,21,941,0.0223166843783209,26,0,FALSE,Partito Liberale Italiano,Partito Socialista Italiano
4,ostilita,DC,PSDI,4,215,0.0186046511627907,4,0.5,FALSE,Democrazia Cristiana,Partito Socialista Democratico Italiano
4,ostilita,PLI,DC,35,2004,0.0174650698602794,38,0,FALSE,Partito Liberale Italiano,Democrazia Cristiana
4,ostilita,PSI,PSI,16,941,0.0170031880977683,17,0,TRUE,Partito Socialista Italiano,Partito Socialista Italiano
4,ostilita,DC,DC,33,2004,0.0164670658682635,39,0.36,TRUE,Democrazia Cristiana,Democrazia Cristiana
4,ostilita,MSI,MON,2,137,0.0145985401459854,2,0.5,FALSE,Movimento Sociale Italiano,Monarchici
4,ostilita,PSDI,MON,2,137,0.0145985401459854,3,0,FALSE,Partito Socialista Democratico Italiano,Monarchici
4,ostilita,PSI,MON,2,137,0.0145985401459854,3,0,FALSE,Partito Socialista Italiano,Monarchici
4,ostilita,PRI,PRI,2,157,0.0127388535031847,2,0,TRUE,Partito Repubblicano Italiano,Partito Repubblicano Italiano
4,ostilita,MON,PRI,2,157,0.0127388535031847,3,0,FALSE,Monarchici,Partito Repubblicano Italiano
4,ostilita,PSI,DC,25,2004,0.0124750499001996,26,0,FALSE,Partito Socialista Italiano,Democrazia Cristiana
4,ostilita,PLI,PCI,17,1434,0.0118549511854951,20,0,FALSE,Partito Liberale Italiano,Partito Comunista Italiano
4,ostilita,PLI,MSI,9,789,0.0114068441064639,12,0,FALSE,Partito Liberale Italiano,Movimento Sociale Italiano
4,ostilita,PLI,PLI,9,820,0.0109756097560976,9,0,TRUE,Partito Liberale Italiano,Partito Liberale Italiano
4,ostilita,MSI,PLI,8,820,0.00975609756097561,8,0.88,FALSE,Movimento Sociale Italiano,Partito Liberale Italiano
4,ostilita,PLI,PSDI,2,215,0.00930232558139535,2,0,FALSE,Partito Liberale Italiano,Partito Socialista Democratico Italiano
4,ostilita,PSDI,MSI,7,789,0.00887198986058302,7,0,FALSE,Partito Socialista Democratico Italiano,Movimento Sociale Italiano
4,ostilita,PSDI,PLI,7,820,0.00853658536585366,7,0,FALSE,Partito Socialista Democratico Italiano,Partito Liberale Italiano
4,ostilita,PRI,PSI,7,941,0.00743889479277365,7,0,FALSE,Partito Repubblicano Italiano,Partito Socialista Italiano
4,ostilita,MON,MON,1,137,0.0072992700729927,1,0,TRUE,Monarchici,Monarchici
4,ostilita,PSDI,PRI,1,157,0.00636942675159236,1,0,FALSE,Partito Socialista Democratico Italiano,Partito Repubblicano Italiano
4,ostilita,PRI,PCI,8,1434,0.00557880055788006,9,0,FALSE,Partito Repubblicano Italiano,Partito Comunista Italiano
4,ostilita,PSDI,PSI,5,941,0.0053134962805526,5,0,FALSE,Partito Socialista Democratico Italiano,Partito Socialista Italiano
4,ostilita,MON,PSI,4,941,0.00425079702444208,4,0,FALSE,Monarchici,Partito Socialista Italiano
4,ostilita,PSDI,PCI,6,1434,0.00418410041841004,7,0,FALSE,Partito Socialista Democratico Italiano,Partito Comunista Italiano
4,ostilita,MON,DC,8,2004,0.00399201596806387,8,0,FALSE,Monarchici,Democrazia Cristiana
4,ostilita,PRI,PLI,3,820,0.00365853658536585,3,0,FALSE,Partito Repubblicano Italiano,Partito Liberale Italiano
4,ostilita,PRI,MSI,2,789,0.00253485424588086,2,0,FALSE,Partito Repubblicano Italiano,Movimento Sociale Italiano
4,ostilita,PSDI,DC,3,2004,0.00149700598802395,3,0,FALSE,Partito Socialista Democratico Italiano,Democrazia Cristiana
4,ostilita,MON,PCI,2,1434,0.00139470013947001,2,0,FALSE,Monarchici,Partito Comunista Italiano
4,ostilita,PRI,DC,1,2004,0.000499001996007984,1,0,FALSE,Partito Repubblicano Italiano,Democrazia Cristiana
5,approvazione,PCI,PCI,434,678,0.640117994100295,454,1,TRUE,Partito Comunista Italiano,Partito Comunista Italiano
5,approvazione,MSI,MSI,382,629,0.60731319554849,395,1,TRUE,Movimento Sociale Italiano,Movimento Sociale Italiano
5,approvazione,DC,DC,662,1159,0.571182053494392,711,1,TRUE,Democrazia Cristiana,Democrazia Cristiana
5,approvazione,MSI,MON,28,60,0.466666666666667,29,1,FALSE,Movimento Sociale Italiano,Monarchici
5,approvazione,PCI,PSIUP,140,307,0.456026058631922,144,0.99,FALSE,Partito Comunista Italiano,Partito Socialista di Unità Proletaria
5,approvazione,PLI,PLI,158,373,0.423592493297587,160,0,TRUE,Partito Liberale Italiano,Partito Liberale Italiano
5,approvazione,DC,PSI,2,9,0.222222222222222,2,1,FALSE,Democrazia Cristiana,Partito Socialista Italiano
5,approvazione,PSIUP,PSIUP,51,307,0.166123778501629,52,0,TRUE,Partito Socialista di Unità Proletaria,Partito Socialista di Unità Proletaria
5,approvazione,DC,PRI,15,110,0.136363636363636,17,1,FALSE,Democrazia Cristiana,Partito Repubblicano Italiano
5,approvazione,PRI,PRI,15,110,0.136363636363636,15,0,TRUE,Partito Repubblicano Italiano,Partito Repubblicano Italiano
5,approvazione,MSI,PSI,1,9,0.111111111111111,1,1,FALSE,Movimento Sociale Italiano,Partito Socialista Italiano
5,approvazione,PCI,PSU,38,395,0.0962025316455696,43,1,FALSE,Partito Comunista Italiano,Partito Socialista Unificato
5,approvazione,DC,PSU,34,395,0.0860759493670886,44,1,FALSE,Democrazia Cristiana,Partito Socialista Unificato
5,approvazione,DC,PSDI,2,29,0.0689655172413793,2,1,FALSE,Democrazia Cristiana,Partito Socialista Democratico Italiano
5,approvazione,DC,MON,2,60,0.0333333333333333,2,1,FALSE,Democrazia Cristiana,Monarchici
5,approvazione,DC,PCI,16,678,0.0235988200589971,16,1,FALSE,Democrazia Cristiana,Partito Comunista Italiano
5,approvazione,DC,PSIUP,6,307,0.0195439739413681,7,1,FALSE,Democrazia Cristiana,Partito Socialista di Unità Proletaria
5,approvazione,PCI,PRI,2,110,0.0181818181818182,2,1,FALSE,Partito Comunista Italiano,Partito Repubblicano Italiano
5,approvazione,PSDI,PSU,7,395,0.0177215189873418,7,0,FALSE,Partito Socialista Democratico Italiano,Partito Socialista Unificato
5,approvazione,DC,PLI,6,373,0.0160857908847185,6,1,FALSE,Democrazia Cristiana,Partito Liberale Italiano
5,approvazione,PCI,DC,15,1159,0.0129421915444349,15,1,FALSE,Partito Comunista Italiano,Democrazia Cristiana
5,approvazione,DC,MSI,8,629,0.0127186009538951,8,0.75,FALSE,Democrazia Cristiana,Movimento Sociale Italiano
5,approvazione,PLI,PSU,4,395,0.010126582278481,4,0,FALSE,Partito Liberale Italiano,Partito Socialista Unificato
5,approvazione,MSI,DC,10,1159,0.00862812769628991,10,1,FALSE,Movimento Sociale Italiano,Democrazia Cristiana
5,approvazione,PCI,PLI,3,373,0.00804289544235925,4,1,FALSE,Partito Comunista Italiano,Partito Liberale Italiano
5,approvazione,PCI,MSI,5,629,0.00794912559618442,5,1,FALSE,Partito Comunista Italiano,Movimento Sociale Italiano
5,approvazione,MSI,PSU,3,395,0.00759493670886076,3,1,FALSE,Movimento Sociale Italiano,Partito Socialista Unificato
5,approvazione,MSI,PSIUP,2,307,0.00651465798045603,2,1,FALSE,Movimento Sociale Italiano,Partito Socialista di Unità Proletaria
5,approvazione,PSI,PSU,2,395,0.00506329113924051,2,0,FALSE,Partito Socialista Italiano,Partito Socialista Unificato
5,approvazione,PSU,PSU,2,395,0.00506329113924051,2,0,TRUE,Partito Socialista Unificato,Partito Socialista Unificato
5,approvazione,PLI,DC,4,1159,0.00345125107851596,4,0,FALSE,Partito Liberale Italiano,Democrazia Cristiana
5,approvazione,MSI,PLI,1,373,0.00268096514745308,1,1,FALSE,Movimento Sociale Italiano,Partito Liberale Italiano
5,approvazione,PLI,MSI,1,629,0.00158982511923688,1,0,FALSE,Partito Liberale Italiano,Movimento Sociale Italiano
5,approvazione,PLI,PCI,1,678,0.00147492625368732,1,0,FALSE,Partito Liberale Italiano,Partito Comunista Italiano
5,approvazione,PSIUP,PCI,1,678,0.00147492625368732,1,0,FALSE,Partito Socialista di Unità Proletaria,Partito Comunista Italiano
5,approvazione,MSI,PCI,1,678,0.00147492625368732,1,1,FALSE,Movimento Sociale Italiano,Partito Comunista Italiano
5,approvazione,MARGH,DC,1,1159,0.000862812769628991,1,0,FALSE,La Margherita,Democrazia Cristiana
5,approvazione,PSIUP,DC,1,1159,0.000862812769628991,1,0,FALSE,Partito Socialista di Unità Proletaria,Democrazia Cristiana
5,ostilita,PCI,PSDI,13,29,0.448275862068966,17,0.77,FALSE,Partito Comunista Italiano,Partito Socialista Democratico Italiano
5,ostilita,PCI,DC,329,1159,0.283865401207938,438,0.73,FALSE,Partito Comunista Italiano,Democrazia Cristiana
5,ostilita,PCI,MON,15,60,0.25,21,0.8,FALSE,Partito Comunista Italiano,Monarchici
5,ostilita,PCI,PRI,25,110,0.227272727272727,29,0.68,FALSE,Partito Comunista Italiano,Partito Repubblicano Italiano
5,ostilita,MSI,PSDI,6,29,0.206896551724138,6,0.67,FALSE,Movimento Sociale Italiano,Partito Socialista Democratico Italiano
5,ostilita,PCI,PSU,64,395,0.162025316455696,109,0.59,FALSE,Partito Comunista Italiano,Partito Socialista Unificato
5,ostilita,PCI,PLI,51,373,0.136729222520107,57,0.61,FALSE,Partito Comunista Italiano,Partito Liberale Italiano
5,ostilita,PCI,MSI,85,629,0.135135135135135,107,0.74,FALSE,Partito Comunista Italiano,Movimento Sociale Italiano
5,ostilita,DC,PSIUP,39,307,0.127035830618893,51,0.64,FALSE,Democrazia Cristiana,Partito Socialista di Unità Proletaria
5,ostilita,MSI,PSU,48,395,0.121518987341772,63,0.65,FALSE,Movimento Sociale Italiano,Partito Socialista Unificato
5,ostilita,DC,PCI,78,678,0.115044247787611,99,0.65,FALSE,Democrazia Cristiana,Partito Comunista Italiano
5,ostilita,MSI,PSI,1,9,0.111111111111111,1,0,FALSE,Movimento Sociale Italiano,Partito Socialista Italiano
5,ostilita,DC,PSI,1,9,0.111111111111111,1,0,FALSE,Democrazia Cristiana,Partito Socialista Italiano
5,ostilita,MSI,PSIUP,32,307,0.104234527687296,45,0.59,FALSE,Movimento Sociale Italiano,Partito Socialista di Unità Proletaria
5,ostilita,DC,PSDI,3,29,0.103448275862069,3,0.33,FALSE,Democrazia Cristiana,Partito Socialista Democratico Italiano
5,ostilita,PSU,MON,6,60,0.1,6,0,FALSE,Partito Socialista Unificato,Monarchici
5,ostilita,MSI,DC,87,1159,0.0750647109577222,103,0.47,FALSE,Movimento Sociale Italiano,Democrazia Cristiana
5,ostilita,DC,MSI,46,629,0.0731319554848967,51,0.48,FALSE,Democrazia Cristiana,Movimento Sociale Italiano
5,ostilita,MSI,PRI,8,110,0.0727272727272727,9,0.5,FALSE,Movimento Sociale Italiano,Partito Repubblicano Italiano
5,ostilita,PSIUP,PSDI,2,29,0.0689655172413793,2,0,FALSE,Partito Socialista di Unità Proletaria,Partito Socialista Democratico Italiano
5,ostilita,MSI,PCI,41,678,0.0604719764011799,52,0.56,FALSE,Movimento Sociale Italiano,Partito Comunista Italiano
5,ostilita,DC,PLI,22,373,0.0589812332439678,25,0.55,FALSE,Democrazia Cristiana,Partito Liberale Italiano
5,ostilita,DC,PSU,22,395,0.0556962025316456,31,0.41,FALSE,Democrazia Cristiana,Partito Socialista Unificato
5,ostilita,PCI,PCI,35,678,0.0516224188790561,41,0.66,TRUE,Partito Comunista Italiano,Partito Comunista Italiano
5,ostilita,PCI,PSIUP,15,307,0.0488599348534202,18,0.67,FALSE,Partito Comunista Italiano,Partito Socialista di Unità Proletaria
5,ostilita,MSI,MSI,28,629,0.0445151033386327,30,0.54,TRUE,Movimento Sociale Italiano,Movimento Sociale Italiano
5,ostilita,DC,MON,2,60,0.0333333333333333,2,0.5,FALSE,Democrazia Cristiana,Monarchici
5,ostilita,PLI,MON,2,60,0.0333333333333333,2,0,FALSE,Partito Liberale Italiano,Monarchici
5,ostilita,PLI,PSIUP,10,307,0.0325732899022801,11,0,FALSE,Partito Liberale Italiano,Partito Socialista di Unità Proletaria
5,ostilita,MSI,PLI,12,373,0.032171581769437,17,0.83,FALSE,Movimento Sociale Italiano,Partito Liberale Italiano
5,ostilita,DC,PRI,3,110,0.0272727272727273,3,0.67,FALSE,Democrazia Cristiana,Partito Repubblicano Italiano
5,ostilita,PLI,PRI,3,110,0.0272727272727273,3,0,FALSE,Partito Liberale Italiano,Partito Repubblicano Italiano
5,ostilita,PSIUP,PLI,10,373,0.0268096514745308,11,0,FALSE,Partito Socialista di Unità Proletaria,Partito Liberale Italiano
5,ostilita,PSU,PLI,10,373,0.0268096514745308,10,0,FALSE,Partito Socialista Unificato,Partito Liberale Italiano
5,ostilita,PSIUP,DC,27,1159,0.0232959447799827,30,0,FALSE,Partito Socialista di Unità Proletaria,Democrazia Cristiana
5,ostilita,PSU,PSIUP,7,307,0.0228013029315961,7,0,FALSE,Partito Socialista Unificato,Partito Socialista di Unità Proletaria
5,ostilita,PLI,PCI,15,678,0.0221238938053097,17,0,FALSE,Partito Liberale Italiano,Partito Comunista Italiano
5,ostilita,PLI,PSU,8,395,0.020253164556962,11,0,FALSE,Partito Liberale Italiano,Partito Socialista Unificato
5,ostilita,PLI,PLI,7,373,0.0187667560321716,7,0,TRUE,Partito Liberale Italiano,Partito Liberale Italiano
5,ostilita,MSI,MON,1,60,0.0166666666666667,1,0,FALSE,Movimento Sociale Italiano,Monarchici
5,ostilita,PSU,PCI,10,678,0.0147492625368732,11,0,FALSE,Partito Socialista Unificato,Partito Comunista Italiano
5,ostilita,PSU,MSI,9,629,0.014308426073132,9,0,FALSE,Partito Socialista Unificato,Movimento Sociale Italiano
5,ostilita,PLI,MSI,9,629,0.014308426073132,9,0,FALSE,Partito Liberale Italiano,Movimento Sociale Italiano
5,ostilita,PLI,DC,15,1159,0.0129421915444349,16,0,FALSE,Partito Liberale Italiano,Democrazia Cristiana
5,ostilita,DC,DC,12,1159,0.0103537532355479,12,0.42,TRUE,Democrazia Cristiana,Democrazia Cristiana
5,ostilita,PSIUP,PSU,4,395,0.010126582278481,4,0,FALSE,Partito Socialista di Unità Proletaria,Partito Socialista Unificato
5,ostilita,PSU,PSU,4,395,0.010126582278481,5,0,TRUE,Partito Socialista Unificato,Partito Socialista Unificato
5,ostilita,MON,PSU,4,395,0.010126582278481,5,0,FALSE,Monarchici,Partito Socialista Unificato
5,ostilita,PRI,PSIUP,3,307,0.00977198697068404,4,0,FALSE,Partito Repubblicano Italiano,Partito Socialista di Unità Proletaria
5,ostilita,PSIUP,PRI,1,110,0.00909090909090909,2,0,FALSE,Partito Socialista di Unità Proletaria,Partito Repubblicano Italiano
5,ostilita,PSU,PRI,1,110,0.00909090909090909,1,0,FALSE,Partito Socialista Unificato,Partito Repubblicano Italiano
5,ostilita,MON,PRI,1,110,0.00909090909090909,1,0,FALSE,Monarchici,Partito Repubblicano Italiano
5,ostilita,PRI,PCI,6,678,0.00884955752212389,6,0,FALSE,Partito Repubblicano Italiano,Partito Comunista Italiano
5,ostilita,PSU,DC,10,1159,0.00862812769628991,10,0,FALSE,Partito Socialista Unificato,Democrazia Cristiana
5,ostilita,PSIUP,MSI,5,629,0.00794912559618442,5,0,FALSE,Partito Socialista di Unità Proletaria,Movimento Sociale Italiano
5,ostilita,MON,DC,7,1159,0.00603968938740293,7,0,FALSE,Monarchici,Democrazia Cristiana
5,ostilita,PSIUP,PSIUP,1,307,0.00325732899022801,1,0,TRUE,Partito Socialista di Unità Proletaria,Partito Socialista di Unità Proletaria
5,ostilita,MON,PSIUP,1,307,0.00325732899022801,1,0,FALSE,Monarchici,Partito Socialista di Unità Proletaria
5,ostilita,PRI,PSU,1,395,0.00253164556962025,1,0,FALSE,Partito Repubblicano Italiano,Partito Socialista Unificato
5,ostilita,PSI,PSU,1,395,0.00253164556962025,1,0,FALSE,Partito Socialista Italiano,Partito Socialista Unificato
5,ostilita,MARGH,MSI,1,629,0.00158982511923688,1,0,FALSE,La Margherita,Movimento Sociale Italiano
5,ostilita,PSI,MSI,1,629,0.00158982511923688,1,0,FALSE,Partito Socialista Italiano,Movimento Sociale Italiano
6,approvazione,DC,PSU,2,2,1,2,1,FALSE,Democrazia Cristiana,Partito Socialista Unificato
6,approvazione,PLI,PLI,155,191,0.81151832460733,157,0,TRUE,Partito Liberale Italiano,Partito Liberale Italiano
6,approvazione,PCI,PCI,507,664,0.76355421686747,518,1,TRUE,Partito Comunista Italiano,Partito Comunista Italiano
6,approvazione,MSI,MSI,684,896,0.763392857142857,717,1,TRUE,Movimento Sociale Italiano,Movimento Sociale Italiano
6,approvazione,DC,DC,492,704,0.698863636363636,507,1,TRUE,Democrazia Cristiana,Democrazia Cristiana
6,approvazione,PSDI,PSDI,100,144,0.694444444444445,101,0,TRUE,Partito Socialista Democratico Italiano,Partito Socialista Democratico Italiano
6,approvazione,PRI,PRI,74,110,0.672727272727273,74,0,TRUE,Partito Repubblicano Italiano,Partito Repubblicano Italiano
6,approvazione,PSI,PSI,116,288,0.402777777777778,117,0,TRUE,Partito Socialista Italiano,Partito Socialista Italiano
6,approvazione,DC,PRI,12,110,0.109090909090909,12,0.92,FALSE,Democrazia Cristiana,Partito Repubblicano Italiano
6,approvazione,PCI,PSI,28,288,0.0972222222222222,28,0.96,FALSE,Partito Comunista Italiano,Partito Socialista Italiano
6,approvazione,DC,PSDI,12,144,0.0833333333333333,12,0.83,FALSE,Democrazia Cristiana,Partito Socialista Democratico Italiano
6,approvazione,DC,PSI,19,288,0.0659722222222222,19,1,FALSE,Democrazia Cristiana,Partito Socialista Italiano
6,approvazione,PCI,PRI,5,110,0.0454545454545455,5,1,FALSE,Partito Comunista Italiano,Partito Repubblicano Italiano
6,approvazione,DC,PLI,5,191,0.0261780104712042,5,0.8,FALSE,Democrazia Cristiana,Partito Liberale Italiano
6,approvazione,DC,PCI,14,664,0.0210843373493976,14,1,FALSE,Democrazia Cristiana,Partito Comunista Italiano
6,approvazione,PCI,PSDI,3,144,0.0208333333333333,3,1,FALSE,Partito Comunista Italiano,Partito Socialista Democratico Italiano
6,approvazione,MSI,DC,13,704,0.0184659090909091,14,1,FALSE,Movimento Sociale Italiano,Democrazia Cristiana
6,approvazione,DC,MSI,16,896,0.0178571428571429,16,0.88,FALSE,Democrazia Cristiana,Movimento Sociale Italiano
6,approvazione,PCI,DC,9,704,0.0127840909090909,10,1,FALSE,Partito Comunista Italiano,Democrazia Cristiana
6,approvazione,MSI,PRI,1,110,0.00909090909090909,1,1,FALSE,Movimento Sociale Italiano,Partito Repubblicano Italiano
6,approvazione,PLI,PCI,4,664,0.00602409638554217,4,0,FALSE,Partito Liberale Italiano,Partito Comunista Italiano
6,approvazione,PSDI,PLI,1,191,0.00523560209424084,1,0,FALSE,Partito Socialista Democratico Italiano,Partito Liberale Italiano
6,approvazione,PRI,PCI,3,664,0.00451807228915663,3,0,FALSE,Partito Repubblicano Italiano,Partito Comunista Italiano
6,approvazione,MSI,PSI,1,288,0.00347222222222222,1,1,FALSE,Movimento Sociale Italiano,Partito Socialista Italiano
6,approvazione,PRI,PSI,1,288,0.00347222222222222,1,0,FALSE,Partito Repubblicano Italiano,Partito Socialista Italiano
6,approvazione,PLI,DC,2,704,0.00284090909090909,2,0,FALSE,Partito Liberale Italiano,Democrazia Cristiana
6,approvazione,PCI,MSI,2,896,0.00223214285714286,2,1,FALSE,Partito Comunista Italiano,Movimento Sociale Italiano
6,approvazione,MSI,PCI,1,664,0.00150602409638554,2,1,FALSE,Movimento Sociale Italiano,Partito Comunista Italiano
6,approvazione,MARGH,DC,1,704,0.00142045454545455,1,0,FALSE,La Margherita,Democrazia Cristiana
6,approvazione,PSDI,DC,1,704,0.00142045454545455,1,0,FALSE,Partito Socialista Democratico Italiano,Democrazia Cristiana
6,approvazione,PRI,MSI,1,896,0.00111607142857143,1,0,FALSE,Partito Repubblicano Italiano,Movimento Sociale Italiano
6,ostilita,PCI,DC,104,704,0.147727272727273,135,0.7,FALSE,Partito Comunista Italiano,Democrazia Cristiana
6,ostilita,PCI,MSI,106,896,0.118303571428571,140,0.88,FALSE,Partito Comunista Italiano,Movimento Sociale Italiano
6,ostilita,MSI,DC,82,704,0.116477272727273,93,0.5,FALSE,Movimento Sociale Italiano,Democrazia Cristiana
6,ostilita,MSI,PCI,61,664,0.0918674698795181,79,0.67,FALSE,Movimento Sociale Italiano,Partito Comunista Italiano
6,ostilita,PCI,PRI,10,110,0.0909090909090909,11,0.7,FALSE,Partito Comunista Italiano,Partito Repubblicano Italiano
6,ostilita,PCI,PSDI,12,144,0.0833333333333333,20,0.42,FALSE,Partito Comunista Italiano,Partito Socialista Democratico Italiano
6,ostilita,MSI,PSI,24,288,0.0833333333333333,28,0.79,FALSE,Movimento Sociale Italiano,Partito Socialista Italiano
6,ostilita,MSI,PSDI,9,144,0.0625,9,0.67,FALSE,Movimento Sociale Italiano,Partito Socialista Democratico Italiano
6,ostilita,PCI,PLI,11,191,0.0575916230366492,13,0.64,FALSE,Partito Comunista Italiano,Partito Liberale Italiano
6,ostilita,MSI,PRI,6,110,0.0545454545454545,6,0.67,FALSE,Movimento Sociale Italiano,Partito Repubblicano Italiano
6,ostilita,MSI,MSI,35,896,0.0390625,38,0.71,TRUE,Movimento Sociale Italiano,Movimento Sociale Italiano
6,ostilita,DC,MSI,34,896,0.0379464285714286,38,0.71,FALSE,Democrazia Cristiana,Movimento Sociale Italiano
6,ostilita,DC,PCI,22,664,0.0331325301204819,23,0.68,FALSE,Democrazia Cristiana,Partito Comunista Italiano
6,ostilita,PCI,PCI,16,664,0.0240963855421687,17,0.69,TRUE,Partito Comunista Italiano,Partito Comunista Italiano
6,ostilita,MSI,PLI,4,191,0.0209424083769634,5,0.25,FALSE,Movimento Sociale Italiano,Partito Liberale Italiano
6,ostilita,DC,PSI,6,288,0.0208333333333333,6,0.83,FALSE,Democrazia Cristiana,Partito Socialista Italiano
6,ostilita,PRI,PLI,3,191,0.0157068062827225,4,0,FALSE,Partito Repubblicano Italiano,Partito Liberale Italiano
6,ostilita,PCI,PSI,4,288,0.0138888888888889,4,1,FALSE,Partito Comunista Italiano,Partito Socialista Italiano
6,ostilita,DC,DC,6,704,0.00852272727272727,6,0.67,TRUE,Democrazia Cristiana,Democrazia Cristiana
6,ostilita,PSI,MSI,7,896,0.0078125,9,0,FALSE,Partito Socialista Italiano,Movimento Sociale Italiano
6,ostilita,PSI,PSDI,1,144,0.00694444444444444,1,0,FALSE,Partito Socialista Italiano,Partito Socialista Democratico Italiano
6,ostilita,PLI,PCI,4,664,0.00602409638554217,4,0,FALSE,Partito Liberale Italiano,Partito Comunista Italiano
6,ostilita,PSDI,PLI,1,191,0.00523560209424084,1,0,FALSE,Partito Socialista Democratico Italiano,Partito Liberale Italiano
6,ostilita,DC,PLI,1,191,0.00523560209424084,1,1,FALSE,Democrazia Cristiana,Partito Liberale Italiano
6,ostilita,PSI,DC,3,704,0.00426136363636364,3,0,FALSE,Partito Socialista Italiano,Democrazia Cristiana
6,ostilita,PSI,PSI,1,288,0.00347222222222222,1,0,TRUE,Partito Socialista Italiano,Partito Socialista Italiano
6,ostilita,PLI,PSI,1,288,0.00347222222222222,1,0,FALSE,Partito Liberale Italiano,Partito Socialista Italiano
6,ostilita,PSDI,MSI,3,896,0.00334821428571429,3,0,FALSE,Partito Socialista Democratico Italiano,Movimento Sociale Italiano
6,ostilita,PSDI,DC,2,704,0.00284090909090909,2,0,FALSE,Partito Socialista Democratico Italiano,Democrazia Cristiana
6,ostilita,PLI,MSI,2,896,0.00223214285714286,2,0,FALSE,Partito Liberale Italiano,Movimento Sociale Italiano
6,ostilita,PRI,MSI,2,896,0.00223214285714286,2,0,FALSE,Partito Repubblicano Italiano,Movimento Sociale Italiano
6,ostilita,PRI,PCI,1,664,0.00150602409638554,1,0,FALSE,Partito Repubblicano Italiano,Partito Comunista Italiano
6,ostilita,PRI,DC,1,704,0.00142045454545455,1,0,FALSE,Partito Repubblicano Italiano,Democrazia Cristiana
7,approvazione,PSI,PSI,118,158,0.746835443037975,118,0,TRUE,Partito Socialista Italiano,Partito Socialista Italiano
7,approvazione,PCI,PCI,244,328,0.74390243902439,252,1,TRUE,Partito Comunista Italiano,Partito Comunista Italiano
7,approvazione,PLI,PLI,44,62,0.709677419354839,44,0,TRUE,Partito Liberale Italiano,Partito Liberale Italiano
7,approvazione,DC,DC,431,633,0.68088467614534,456,1,TRUE,Democrazia Cristiana,Democrazia Cristiana
7,approvazione,PRI,PRI,38,62,0.612903225806452,40,0,TRUE,Partito Repubblicano Italiano,Partito Repubblicano Italiano
7,approvazione,MSI,MSI,330,565,0.584070796460177,335,0.15,TRUE,Movimento Sociale Italiano,Movimento Sociale Italiano
7,approvazione,PSDI,PSDI,45,80,0.5625,45,0,TRUE,Partito Socialista Democratico Italiano,Partito Socialista Democratico Italiano
7,approvazione,DN,MSI,90,565,0.15929203539823,90,0,FALSE,Democrazia Nazionale,Movimento Sociale Italiano
7,approvazione,DP,DP,16,116,0.137931034482759,16,0,TRUE,Democrazia Proletaria,Democrazia Proletaria
7,approvazione,PCI,PRI,6,62,0.0967741935483871,9,1,FALSE,Partito Comunista Italiano,Partito Repubblicano Italiano
7,approvazione,DC,PRI,4,62,0.0645161290322581,5,1,FALSE,Democrazia Cristiana,Partito Repubblicano Italiano
7,approvazione,DC,PSDI,4,80,0.05,4,0.5,FALSE,Democrazia Cristiana,Partito Socialista Democratico Italiano
7,approvazione,RAD,RAD,14,324,0.0432098765432099,14,0,TRUE,Radicali,Radicali
7,approvazione,PLI,DC,18,633,0.028436018957346,18,0,FALSE,Partito Liberale Italiano,Democrazia Cristiana
7,approvazione,RAD,DP,3,116,0.0258620689655172,4,0,FALSE,Radicali,Democrazia Proletaria
7,approvazione,DC,PCI,7,328,0.0213414634146341,7,1,FALSE,Democrazia Cristiana,Partito Comunista Italiano
7,approvazione,PCI,PSI,3,158,0.0189873417721519,3,1,FALSE,Partito Comunista Italiano,Partito Socialista Italiano
7,approvazione,PCI,DC,11,633,0.0173775671406003,12,1,FALSE,Partito Comunista Italiano,Democrazia Cristiana
7,approvazione,PCI,DP,2,116,0.0172413793103448,2,1,FALSE,Partito Comunista Italiano,Democrazia Proletaria
7,approvazione,DC,DP,2,116,0.0172413793103448,2,1,FALSE,Democrazia Cristiana,Democrazia Proletaria
7,approvazione,RAD,PLI,1,62,0.0161290322580645,1,0,FALSE,Radicali,Partito Liberale Italiano
7,approvazione,DP,PRI,1,62,0.0161290322580645,1,0,FALSE,Democrazia Proletaria,Partito Repubblicano Italiano
7,approvazione,PSI,PRI,1,62,0.0161290322580645,1,0,FALSE,Partito Socialista Italiano,Partito Repubblicano Italiano
7,approvazione,RAD,PRI,1,62,0.0161290322580645,1,0,FALSE,Radicali,Partito Repubblicano Italiano
7,approvazione,DP,PSI,2,158,0.0126582278481013,2,0,FALSE,Democrazia Proletaria,Partito Socialista Italiano
7,approvazione,RAD,PSI,2,158,0.0126582278481013,2,0,FALSE,Radicali,Partito Socialista Italiano
7,approvazione,PCI,PSDI,1,80,0.0125,1,0,FALSE,Partito Comunista Italiano,Partito Socialista Democratico Italiano
7,approvazione,PSI,PSDI,1,80,0.0125,1,0,FALSE,Partito Socialista Italiano,Partito Socialista Democratico Italiano
7,approvazione,DC,RAD,4,324,0.0123456790123457,4,1,FALSE,Democrazia Cristiana,Radicali
7,approvazione,PCI,RAD,4,324,0.0123456790123457,4,0.5,FALSE,Partito Comunista Italiano,Radicali
7,approvazione,RAD,PCI,4,328,0.0121951219512195,4,0,FALSE,Radicali,Partito Comunista Italiano
7,approvazione,PDUP,DP,1,116,0.00862068965517241,1,0,FALSE,Partito di Unità Proletaria per il comunismo,Democrazia Proletaria
7,approvazione,DC,PSI,1,158,0.00632911392405063,1,1,FALSE,Democrazia Cristiana,Partito Socialista Italiano
7,approvazione,DP,RAD,2,324,0.00617283950617284,2,0,FALSE,Democrazia Proletaria,Radicali
7,approvazione,MSI,RAD,2,324,0.00617283950617284,2,0.5,FALSE,Movimento Sociale Italiano,Radicali
7,approvazione,DP,PCI,2,328,0.00609756097560976,2,0,FALSE,Democrazia Proletaria,Partito Comunista Italiano
7,approvazione,PSI,PCI,2,328,0.00609756097560976,2,0,FALSE,Partito Socialista Italiano,Partito Comunista Italiano
7,approvazione,MSI,PCI,2,328,0.00609756097560976,2,0,FALSE,Movimento Sociale Italiano,Partito Comunista Italiano
7,approvazione,RAD,DC,3,633,0.004739336492891,3,0,FALSE,Radicali,Democrazia Cristiana
7,approvazione,MSI,DC,3,633,0.004739336492891,3,1,FALSE,Movimento Sociale Italiano,Democrazia Cristiana
7,approvazione,PSI,RAD,1,324,0.00308641975308642,1,0,FALSE,Partito Socialista Italiano,Radicali
7,approvazione,PDUP,PCI,1,328,0.00304878048780488,1,0,FALSE,Partito di Unità Proletaria per il comunismo,Partito Comunista Italiano
7,approvazione,DC,MSI,1,565,0.00176991150442478,1,1,FALSE,Democrazia Cristiana,Movimento Sociale Italiano
7,approvazione,PCI,MSI,1,565,0.00176991150442478,1,1,FALSE,Partito Comunista Italiano,Movimento Sociale Italiano
7,approvazione,PLI,MSI,1,565,0.00176991150442478,1,0,FALSE,Partito Liberale Italiano,Movimento Sociale Italiano
7,approvazione,DN,DC,1,633,0.00157977883096367,1,0,FALSE,Democrazia Nazionale,Democrazia Cristiana
7,approvazione,PRI,DC,1,633,0.00157977883096367,1,0,FALSE,Partito Repubblicano Italiano,Democrazia Cristiana
7,ostilita,PCI,RAD,128,324,0.395061728395062,157,0.75,FALSE,Partito Comunista Italiano,Radicali
7,ostilita,DC,RAD,65,324,0.200617283950617,79,0.92,FALSE,Democrazia Cristiana,Radicali
7,ostilita,PCI,DP,19,116,0.163793103448276,31,0.42,FALSE,Partito Comunista Italiano,Democrazia Proletaria
7,ostilita,DC,DP,17,116,0.146551724137931,25,0.71,FALSE,Democrazia Cristiana,Democrazia Proletaria
7,ostilita,PCI,MSI,58,565,0.102654867256637,67,0.83,FALSE,Partito Comunista Italiano,Movimento Sociale Italiano
7,ostilita,RAD,DC,53,633,0.0837282780410743,56,0,FALSE,Radicali,Democrazia Cristiana
7,ostilita,RAD,PRI,5,62,0.0806451612903226,5,0,FALSE,Radicali,Partito Repubblicano Italiano
7,ostilita,MSI,PRI,5,62,0.0806451612903226,5,0.2,FALSE,Movimento Sociale Italiano,Partito Repubblicano Italiano
7,ostilita,RAD,PSI,12,158,0.0759493670886076,13,0,FALSE,Radicali,Partito Socialista Italiano
7,ostilita,MSI,RAD,24,324,0.0740740740740741,28,0.5,FALSE,Movimento Sociale Italiano,Radicali
7,ostilita,PCI,DC,43,633,0.0679304897314376,48,0.63,FALSE,Partito Comunista Italiano,Democrazia Cristiana
7,ostilita,RAD,PLI,4,62,0.0645161290322581,4,0,FALSE,Radicali,Partito Liberale Italiano
7,ostilita,RAD,PSDI,5,80,0.0625,6,0,FALSE,Radicali,Partito Socialista Democratico Italiano
7,ostilita,MSI,PSDI,5,80,0.0625,5,0.2,FALSE,Movimento Sociale Italiano,Partito Socialista Democratico Italiano
7,ostilita,RAD,DP,7,116,0.0603448275862069,8,0,FALSE,Radicali,Democrazia Proletaria
7,ostilita,MSI,DC,37,633,0.0584518167456556,43,0.24,FALSE,Movimento Sociale Italiano,Democrazia Cristiana
7,ostilita,MSI,DP,6,116,0.0517241379310345,11,0.33,FALSE,Movimento Sociale Italiano,Democrazia Proletaria
7,ostilita,DC,PSI,8,158,0.0506329113924051,15,0.38,FALSE,Democrazia Cristiana,Partito Socialista Italiano
7,ostilita,PCI,PRI,3,62,0.0483870967741936,4,0.33,FALSE,Partito Comunista Italiano,Partito Repubblicano Italiano
7,ostilita,MSI,PCI,15,328,0.0457317073170732,15,0.2,FALSE,Movimento Sociale Italiano,Partito Comunista Italiano
7,ostilita,PSI,DP,5,116,0.0431034482758621,8,0,FALSE,Partito Socialista Italiano,Democrazia Proletaria
7,ostilita,RAD,PCI,13,328,0.0396341463414634,15,0,FALSE,Radicali,Partito Comunista Italiano
7,ostilita,MSI,PSI,6,158,0.0379746835443038,6,0.17,FALSE,Movimento Sociale Italiano,Partito Socialista Italiano
7,ostilita,RAD,RAD,11,324,0.0339506172839506,11,0,TRUE,Radicali,Radicali
7,ostilita,DC,PRI,2,62,0.032258064516129,5,0.5,FALSE,Democrazia Cristiana,Partito Repubblicano Italiano
7,ostilita,DC,MSI,18,565,0.031858407079646,22,0.56,FALSE,Democrazia Cristiana,Movimento Sociale Italiano
7,ostilita,DC,PCI,10,328,0.0304878048780488,10,0.7,FALSE,Democrazia Cristiana,Partito Comunista Italiano
7,ostilita,MSI,MSI,13,565,0.0230088495575221,13,0,TRUE,Movimento Sociale Italiano,Movimento Sociale Italiano
7,ostilita,PCI,PCI,6,328,0.0182926829268293,6,0.83,TRUE,Partito Comunista Italiano,Partito Comunista Italiano
7,ostilita,PCI,PLI,1,62,0.0161290322580645,1,0,FALSE,Partito Comunista Italiano,Partito Liberale Italiano
7,ostilita,DC,PLI,1,62,0.0161290322580645,1,0,FALSE,Democrazia Cristiana,Partito Liberale Italiano
7,ostilita,DP,PRI,1,62,0.0161290322580645,1,0,FALSE,Democrazia Proletaria,Partito Repubblicano Italiano
7,ostilita,RAD,MSI,9,565,0.015929203539823,10,0,FALSE,Radicali,Movimento Sociale Italiano
7,ostilita,DC,DC,10,633,0.0157977883096367,10,0.6,TRUE,Democrazia Cristiana,Democrazia Cristiana
7,ostilita,PCI,PSI,2,158,0.0126582278481013,3,0,FALSE,Partito Comunista Italiano,Partito Socialista Italiano
7,ostilita,PCI,PSDI,1,80,0.0125,1,1,FALSE,Partito Comunista Italiano,Partito Socialista Democratico Italiano
7,ostilita,DP,PSDI,1,80,0.0125,1,0,FALSE,Democrazia Proletaria,Partito Socialista Democratico Italiano
7,ostilita,PSI,RAD,3,324,0.00925925925925926,3,0,FALSE,Partito Socialista Italiano,Radicali
7,ostilita,DP,PCI,3,328,0.00914634146341463,3,0,FALSE,Democrazia Proletaria,Partito Comunista Italiano
7,ostilita,PSDI,PSI,1,158,0.00632911392405063,1,0,FALSE,Partito Socialista Democratico Italiano,Partito Socialista Italiano
7,ostilita,PRI,PSI,1,158,0.00632911392405063,1,0,FALSE,Partito Repubblicano Italiano,Partito Socialista Italiano
7,ostilita,PSI,DC,4,633,0.00631911532385466,4,0,FALSE,Partito Socialista Italiano,Democrazia Cristiana
7,ostilita,PSDI,RAD,2,324,0.00617283950617284,2,0,FALSE,Partito Socialista Democratico Italiano,Radicali
7,ostilita,PSI,MSI,2,565,0.00353982300884956,2,0,FALSE,Partito Socialista Italiano,Movimento Sociale Italiano
7,ostilita,PSI,PCI,1,328,0.00304878048780488,2,0,FALSE,Partito Socialista Italiano,Partito Comunista Italiano
7,ostilita,PRI,MSI,1,565,0.00176991150442478,1,0,FALSE,Partito Repubblicano Italiano,Movimento Sociale Italiano
7,ostilita,PSDI,MSI,1,565,0.00176991150442478,1,0,FALSE,Partito Socialista Democratico Italiano,Movimento Sociale Italiano
7,ostilita,PRI,DC,1,633,0.00157977883096367,1,0,FALSE,Partito Repubblicano Italiano,Democrazia Cristiana
7,ostilita,PLI,DC,1,633,0.00157977883096367,1,0,FALSE,Partito Liberale Italiano,Democrazia Cristiana
7,ostilita,DP,DC,1,633,0.00157977883096367,1,0,FALSE,Democrazia Proletaria,Democrazia Cristiana
8,approvazione,MSI,MSI,729,990,0.736363636363636,739,1,TRUE,Movimento Sociale Italiano,Movimento Sociale Italiano
8,approvazione,PCI,PCI,620,917,0.676117775354417,654,1,TRUE,Partito Comunista Italiano,Partito Comunista Italiano
8,approvazione,DC,DC,557,1041,0.535062439961576,586,1,TRUE,Democrazia Cristiana,Democrazia Cristiana
8,approvazione,PLI,PLI,79,157,0.503184713375796,80,0,TRUE,Partito Liberale Italiano,Partito Liberale Italiano
8,approvazione,PDUP,PDUP,60,121,0.495867768595041,62,0,TRUE,Partito di Unità Proletaria per il comunismo,Partito di Unità Proletaria per il comunismo
8,approvazione,PSDI,PSDI,60,130,0.461538461538462,60,0,TRUE,Partito Socialista Democratico Italiano,Partito Socialista Democratico Italiano
8,approvazione,PSI,PSI,150,337,0.445103857566766,152,0,TRUE,Partito Socialista Italiano,Partito Socialista Italiano
8,approvazione,PRI,PRI,51,165,0.309090909090909,51,0,TRUE,Partito Repubblicano Italiano,Partito Repubblicano Italiano
8,approvazione,RAD,RAD,388,1701,0.228101116990006,403,0,TRUE,Radicali,Radicali
8,approvazione,DC,PRI,27,165,0.163636363636364,30,1,FALSE,Democrazia Cristiana,Partito Repubblicano Italiano
8,approvazione,DC,PLI,15,157,0.0955414012738854,19,1,FALSE,Democrazia Cristiana,Partito Liberale Italiano
8,approvazione,PCI,PDUP,11,121,0.0909090909090909,13,1,FALSE,Partito Comunista Italiano,Partito di Unità Proletaria per il comunismo
8,approvazione,SI,PCI,52,917,0.0567066521264995,52,0,FALSE,Sinistra Indipendente,Partito Comunista Italiano
8,approvazione,DC,PSDI,7,130,0.0538461538461539,7,1,FALSE,Democrazia Cristiana,Partito Socialista Democratico Italiano
8,approvazione,RAD,PSI,18,337,0.0534124629080119,20,0,FALSE,Radicali,Partito Socialista Italiano
8,approvazione,RAD,PDUP,5,121,0.0413223140495868,5,0,FALSE,Radicali,Partito di Unità Proletaria per il comunismo
8,approvazione,PCI,PSI,13,337,0.0385756676557864,13,1,FALSE,Partito Comunista Italiano,Partito Socialista Italiano
8,approvazione,DC,PSI,11,337,0.0326409495548961,11,0.91,FALSE,Democrazia Cristiana,Partito Socialista Italiano
8,approvazione,PCI,PLI,5,157,0.0318471337579618,6,1,FALSE,Partito Comunista Italiano,Partito Liberale Italiano
8,approvazione,PCI,PRI,5,165,0.0303030303030303,6,1,FALSE,Partito Comunista Italiano,Partito Repubblicano Italiano
8,approvazione,RAD,PCI,20,917,0.0218102508178844,20,0,FALSE,Radicali,Partito Comunista Italiano
8,approvazione,DC,RAD,36,1701,0.0211640211640212,39,0.92,FALSE,Democrazia Cristiana,Radicali
8,approvazione,DC,PCI,18,917,0.019629225736096,18,1,FALSE,Democrazia Cristiana,Partito Comunista Italiano
8,approvazione,PSDI,PLI,3,157,0.0191082802547771,3,0,FALSE,Partito Socialista Democratico Italiano,Partito Liberale Italiano
8,approvazione,MSI,PLI,3,157,0.0191082802547771,3,1,FALSE,Movimento Sociale Italiano,Partito Liberale Italiano
8,approvazione,RAD,PLI,3,157,0.0191082802547771,3,0,FALSE,Radicali,Partito Liberale Italiano
8,approvazione,PCI,DC,18,1041,0.0172910662824208,18,1,FALSE,Partito Comunista Italiano,Democrazia Cristiana
8,approvazione,RAD,DC,17,1041,0.0163304514889529,17,0,FALSE,Radicali,Democrazia Cristiana
8,approvazione,SI,PSI,5,337,0.0148367952522255,5,0,FALSE,Sinistra Indipendente,Partito Socialista Italiano
8,approvazione,PSDI,PSI,5,337,0.0148367952522255,5,0,FALSE,Partito Socialista Democratico Italiano,Partito Socialista Italiano
8,approvazione,PDUP,PCI,13,917,0.0141766630316249,13,0,FALSE,Partito di Unità Proletaria per il comunismo,Partito Comunista Italiano
8,approvazione,PCI,RAD,19,1701,0.0111699000587889,21,0.89,FALSE,Partito Comunista Italiano,Radicali
8,approvazione,DC,MSI,10,990,0.0101010101010101,10,1,FALSE,Democrazia Cristiana,Movimento Sociale Italiano
8,approvazione,PDUP,PSI,3,337,0.00890207715133531,3,0,FALSE,Partito di Unità Proletaria per il comunismo,Partito Socialista Italiano
8,approvazione,PSI,PDUP,1,121,0.00826446280991736,1,0,FALSE,Partito Socialista Italiano,Partito di Unità Proletaria per il comunismo
8,approvazione,DC,PDUP,1,121,0.00826446280991736,1,1,FALSE,Democrazia Cristiana,Partito di Unità Proletaria per il comunismo
8,approvazione,SI,PDUP,1,121,0.00826446280991736,1,0,FALSE,Sinistra Indipendente,Partito di Unità Proletaria per il comunismo
8,approvazione,PCI,PSDI,1,130,0.00769230769230769,1,1,FALSE,Partito Comunista Italiano,Partito Socialista Democratico Italiano
8,approvazione,MSI,PSDI,1,130,0.00769230769230769,1,1,FALSE,Movimento Sociale Italiano,Partito Socialista Democratico Italiano
8,approvazione,PSI,PLI,1,157,0.00636942675159236,1,0,FALSE,Partito Socialista Italiano,Partito Liberale Italiano
8,approvazione,PRI,PLI,1,157,0.00636942675159236,1,0,FALSE,Partito Repubblicano Italiano,Partito Liberale Italiano
8,approvazione,MSI,PCI,5,917,0.0054525627044711,5,1,FALSE,Movimento Sociale Italiano,Partito Comunista Italiano
8,approvazione,PCI,MSI,5,990,0.00505050505050505,6,1,FALSE,Partito Comunista Italiano,Movimento Sociale Italiano
8,approvazione,MSI,DC,5,1041,0.0048030739673391,5,1,FALSE,Movimento Sociale Italiano,Democrazia Cristiana
8,approvazione,PSDI,PCI,4,917,0.00436205016357688,4,0,FALSE,Partito Socialista Democratico Italiano,Partito Comunista Italiano
8,approvazione,MSI,RAD,7,1701,0.00411522633744856,7,0.86,FALSE,Movimento Sociale Italiano,Radicali
8,approvazione,SI,RAD,7,1701,0.00411522633744856,7,0,FALSE,Sinistra Indipendente,Radicali
8,approvazione,RAD,MSI,4,990,0.00404040404040404,5,0,FALSE,Radicali,Movimento Sociale Italiano
8,approvazione,PLI,DC,4,1041,0.00384245917387128,4,0,FALSE,Partito Liberale Italiano,Democrazia Cristiana
8,approvazione,PSI,DC,4,1041,0.00384245917387128,4,0,FALSE,Partito Socialista Italiano,Democrazia Cristiana
8,approvazione,PSI,PCI,3,917,0.00327153762268266,3,0,FALSE,Partito Socialista Italiano,Partito Comunista Italiano
8,approvazione,PRI,PSI,1,337,0.0029673590504451,1,0,FALSE,Partito Repubblicano Italiano,Partito Socialista Italiano
8,approvazione,PLI,PSI,1,337,0.0029673590504451,1,0,FALSE,Partito Liberale Italiano,Partito Socialista Italiano
8,approvazione,PSI,RAD,5,1701,0.00293944738389183,5,0,FALSE,Partito Socialista Italiano,Radicali
8,approvazione,PRI,DC,3,1041,0.00288184438040346,3,0,FALSE,Partito Repubblicano Italiano,Democrazia Cristiana
8,approvazione,PSI,MSI,2,990,0.00202020202020202,2,0,FALSE,Partito Socialista Italiano,Movimento Sociale Italiano
8,approvazione,PDUP,DC,2,1041,0.00192122958693564,2,0,FALSE,Partito di Unità Proletaria per il comunismo,Democrazia Cristiana
8,approvazione,PSDI,RAD,3,1701,0.0017636684303351,3,0,FALSE,Partito Socialista Democratico Italiano,Radicali
8,approvazione,PLI,RAD,2,1701,0.00117577895355673,2,0,FALSE,Partito Liberale Italiano,Radicali
8,approvazione,PLI,PCI,1,917,0.00109051254089422,1,0,FALSE,Partito Liberale Italiano,Partito Comunista Italiano
8,approvazione,PRI,MSI,1,990,0.00101010101010101,1,0,FALSE,Partito Repubblicano Italiano,Movimento Sociale Italiano
8,approvazione,PDUP,RAD,1,1701,0.000587889476778366,1,0,FALSE,Partito di Unità Proletaria per il comunismo,Radicali
8,ostilita,RAD,PRI,47,165,0.284848484848485,55,0,FALSE,Radicali,Partito Repubblicano Italiano
8,ostilita,DC,RAD,421,1701,0.247501469723692,507,0.75,FALSE,Democrazia Cristiana,Radicali
8,ostilita,PCI,RAD,384,1701,0.225749559082892,464,0.57,FALSE,Partito Comunista Italiano,Radicali
8,ostilita,RAD,PSI,47,337,0.13946587537092,52,0,FALSE,Radicali,Partito Socialista Italiano
8,ostilita,PCI,DC,139,1041,0.133525456292027,180,0.61,FALSE,Partito Comunista Italiano,Democrazia Cristiana
8,ostilita,RAD,PSDI,16,130,0.123076923076923,16,0,FALSE,Radicali,Partito Socialista Democratico Italiano
8,ostilita,PCI,PSDI,16,130,0.123076923076923,21,0.69,FALSE,Partito Comunista Italiano,Partito Socialista Democratico Italiano
8,ostilita,RAD,DC,126,1041,0.121037463976945,141,0,FALSE,Radicali,Democrazia Cristiana
8,ostilita,PCI,PRI,19,165,0.115151515151515,26,0.53,FALSE,Partito Comunista Italiano,Partito Repubblicano Italiano
8,ostilita,DC,PDUP,13,121,0.107438016528926,13,0.38,FALSE,Democrazia Cristiana,Partito di Unità Proletaria per il comunismo
8,ostilita,PCI,PSI,31,337,0.0919881305637982,36,0.45,FALSE,Partito Comunista Italiano,Partito Socialista Italiano
8,ostilita,PCI,PLI,12,157,0.0764331210191083,12,0.5,FALSE,Partito Comunista Italiano,Partito Liberale Italiano
8,ostilita,RAD,PLI,12,157,0.0764331210191083,13,0,FALSE,Radicali,Partito Liberale Italiano
8,ostilita,RAD,PDUP,9,121,0.0743801652892562,14,0,FALSE,Radicali,Partito di Unità Proletaria per il comunismo
8,ostilita,MSI,PSI,25,337,0.0741839762611276,29,0.24,FALSE,Movimento Sociale Italiano,Partito Socialista Italiano
8,ostilita,RAD,PCI,67,917,0.0730643402399128,81,0,FALSE,Radicali,Partito Comunista Italiano
8,ostilita,MSI,PRI,12,165,0.0727272727272727,14,0.33,FALSE,Movimento Sociale Italiano,Partito Repubblicano Italiano
8,ostilita,RAD,RAD,122,1701,0.0717225161669606,134,0,TRUE,Radicali,Radicali
8,ostilita,MSI,DC,67,1041,0.0643611911623439,73,0.4,FALSE,Movimento Sociale Italiano,Democrazia Cristiana
8,ostilita,MSI,PSDI,8,130,0.0615384615384615,8,0.38,FALSE,Movimento Sociale Italiano,Partito Socialista Democratico Italiano
8,ostilita,PCI,PCI,55,917,0.0599781897491821,75,0.62,TRUE,Partito Comunista Italiano,Partito Comunista Italiano
8,ostilita,DC,MSI,53,990,0.0535353535353535,57,0.55,FALSE,Democrazia Cristiana,Movimento Sociale Italiano
8,ostilita,PCI,MSI,52,990,0.0525252525252525,55,0.87,FALSE,Partito Comunista Italiano,Movimento Sociale Italiano
8,ostilita,PCI,PDUP,6,121,0.0495867768595041,6,0.67,FALSE,Partito Comunista Italiano,Partito di Unità Proletaria per il comunismo
8,ostilita,MSI,MSI,48,990,0.0484848484848485,57,0.35,TRUE,Movimento Sociale Italiano,Movimento Sociale Italiano
8,ostilita,MSI,RAD,81,1701,0.0476190476190476,92,0.51,FALSE,Movimento Sociale Italiano,Radicali
8,ostilita,DC,PCI,40,917,0.0436205016357688,47,0.68,FALSE,Democrazia Cristiana,Partito Comunista Italiano
8,ostilita,DC,DC,40,1041,0.0384245917387128,46,0.7,TRUE,Democrazia Cristiana,Democrazia Cristiana
8,ostilita,DC,PLI,5,157,0.0318471337579618,6,0.4,FALSE,Democrazia Cristiana,Partito Liberale Italiano
8,ostilita,DC,PSI,10,337,0.029673590504451,14,0.8,FALSE,Democrazia Cristiana,Partito Socialista Italiano
8,ostilita,MSI,PCI,27,917,0.0294438386041439,30,0.48,FALSE,Movimento Sociale Italiano,Partito Comunista Italiano
8,ostilita,RAD,MSI,28,990,0.0282828282828283,29,0,FALSE,Radicali,Movimento Sociale Italiano
8,ostilita,MSI,PLI,4,157,0.0254777070063694,4,0.25,FALSE,Movimento Sociale Italiano,Partito Liberale Italiano
8,ostilita,MSI,PDUP,2,121,0.0165289256198347,2,0.5,FALSE,Movimento Sociale Italiano,Partito di Unità Proletaria per il comunismo
8,ostilita,PSI,PLI,2,157,0.0127388535031847,2,0,FALSE,Partito Socialista Italiano,Partito Liberale Italiano
8,ostilita,PSI,RAD,20,1701,0.0117577895355673,22,0,FALSE,Partito Socialista Italiano,Radicali
8,ostilita,PSI,MSI,9,990,0.00909090909090909,9,0,FALSE,Partito Socialista Italiano,Movimento Sociale Italiano
8,ostilita,PSI,PDUP,1,121,0.00826446280991736,1,0,FALSE,Partito Socialista Italiano,Partito di Unità Proletaria per il comunismo
8,ostilita,PSDI,PDUP,1,121,0.00826446280991736,1,0,FALSE,Partito Socialista Democratico Italiano,Partito di Unità Proletaria per il comunismo
8,ostilita,DC,PSDI,1,130,0.00769230769230769,2,0,FALSE,Democrazia Cristiana,Partito Socialista Democratico Italiano
8,ostilita,PRI,RAD,12,1701,0.00705467372134039,13,0,FALSE,Partito Repubblicano Italiano,Radicali
8,ostilita,PSI,PCI,6,917,0.00654307524536532,6,0,FALSE,Partito Socialista Italiano,Partito Comunista Italiano
8,ostilita,PDUP,PLI,1,157,0.00636942675159236,1,0,FALSE,Partito di Unità Proletaria per il comunismo,Partito Liberale Italiano
8,ostilita,PDUP,PRI,1,165,0.00606060606060606,1,0,FALSE,Partito di Unità Proletaria per il comunismo,Partito Repubblicano Italiano
8,ostilita,PSDI,PRI,1,165,0.00606060606060606,1,0,FALSE,Partito Socialista Democratico Italiano,Partito Repubblicano Italiano
8,ostilita,DC,PRI,1,165,0.00606060606060606,2,1,FALSE,Democrazia Cristiana,Partito Repubblicano Italiano
8,ostilita,PRI,PRI,1,165,0.00606060606060606,1,0,TRUE,Partito Repubblicano Italiano,Partito Repubblicano Italiano
8,ostilita,PSI,PRI,1,165,0.00606060606060606,1,0,FALSE,Partito Socialista Italiano,Partito Repubblicano Italiano
8,ostilita,PSI,PSI,2,337,0.00593471810089021,3,0,TRUE,Partito Socialista Italiano,Partito Socialista Italiano
8,ostilita,PDUP,DC,4,1041,0.00384245917387128,5,0,FALSE,Partito di Unità Proletaria per il comunismo,Democrazia Cristiana
8,ostilita,PSDI,PSI,1,337,0.0029673590504451,1,0,FALSE,Partito Socialista Democratico Italiano,Partito Socialista Italiano
8,ostilita,PRI,PSI,1,337,0.0029673590504451,1,0,FALSE,Partito Repubblicano Italiano,Partito Socialista Italiano
8,ostilita,PLI,RAD,5,1701,0.00293944738389183,5,0,FALSE,Partito Liberale Italiano,Radicali
8,ostilita,PDUP,RAD,5,1701,0.00293944738389183,7,0,FALSE,Partito di Unità Proletaria per il comunismo,Radicali
8,ostilita,PRI,MSI,2,990,0.00202020202020202,2,0,FALSE,Partito Repubblicano Italiano,Movimento Sociale Italiano
8,ostilita,PSDI,DC,2,1041,0.00192122958693564,2,0,FALSE,Partito Socialista Democratico Italiano,Democrazia Cristiana
8,ostilita,PRI,PCI,1,917,0.00109051254089422,1,0,FALSE,Partito Repubblicano Italiano,Partito Comunista Italiano
8,ostilita,PSDI,MSI,1,990,0.00101010101010101,1,0,FALSE,Partito Socialista Democratico Italiano,Movimento Sociale Italiano
8,ostilita,PLI,DC,1,1041,0.000960614793467819,1,0,FALSE,Partito Liberale Italiano,Democrazia Cristiana
8,ostilita,PSI,DC,1,1041,0.000960614793467819,1,0,FALSE,Partito Socialista Italiano,Democrazia Cristiana
8,ostilita,PSDI,RAD,1,1701,0.000587889476778366,1,0,FALSE,Partito Socialista Democratico Italiano,Radicali
8,ostilita,SI,RAD,1,1701,0.000587889476778366,1,0,FALSE,Sinistra Indipendente,Radicali
9,approvazione,MSI,MSI,984,1120,0.878571428571429,1025,1,TRUE,Movimento Sociale Italiano,Movimento Sociale Italiano
9,approvazione,DP,DP,456,588,0.775510204081633,459,0,TRUE,Democrazia Proletaria,Democrazia Proletaria
9,approvazione,PCI,PCI,1763,2337,0.754385964912281,1887,1,TRUE,Partito Comunista Italiano,Partito Comunista Italiano
9,approvazione,PLI,PLI,152,248,0.612903225806452,153,0,TRUE,Partito Liberale Italiano,Partito Liberale Italiano
9,approvazione,DC,DC,488,968,0.504132231404959,506,1,TRUE,Democrazia Cristiana,Democrazia Cristiana
9,approvazione,PSDI,PSDI,83,182,0.456043956043956,85,0,TRUE,Partito Socialista Democratico Italiano,Partito Socialista Democratico Italiano
9,approvazione,RAD,RAD,214,517,0.413926499032882,214,0,TRUE,Radicali,Radicali
9,approvazione,PSI,PSI,233,578,0.403114186851211,236,0,TRUE,Partito Socialista Italiano,Partito Socialista Italiano
9,approvazione,PRI,PRI,132,332,0.397590361445783,133,0,TRUE,Partito Repubblicano Italiano,Partito Repubblicano Italiano
9,approvazione,SI,PCI,618,2337,0.264441591784339,649,0,FALSE,Sinistra Indipendente,Partito Comunista Italiano
9,approvazione,SI,PRI,28,332,0.0843373493975904,28,0,FALSE,Sinistra Indipendente,Partito Repubblicano Italiano
9,approvazione,PCI,PRI,24,332,0.072289156626506,24,1,FALSE,Partito Comunista Italiano,Partito Repubblicano Italiano
9,approvazione,PDUP,PCI,161,2337,0.0688917415489944,169,0,FALSE,Partito di Unità Proletaria per il comunismo,Partito Comunista Italiano
9,approvazione,DC,PLI,17,248,0.0685483870967742,20,1,FALSE,Democrazia Cristiana,Partito Liberale Italiano
9,approvazione,PCI,DP,38,588,0.0646258503401361,39,1,FALSE,Partito Comunista Italiano,Democrazia Proletaria
9,approvazione,DP,PCI,132,2337,0.0564826700898588,139,0,FALSE,Democrazia Proletaria,Partito Comunista Italiano
9,approvazione,DC,PSI,32,578,0.055363321799308,32,1,FALSE,Democrazia Cristiana,Partito Socialista Italiano
9,approvazione,DP,DC,39,968,0.0402892561983471,45,0,FALSE,Democrazia Proletaria,Democrazia Cristiana
9,approvazione,SI,DP,20,588,0.0340136054421769,20,0,FALSE,Sinistra Indipendente,Democrazia Proletaria
9,approvazione,DC,PRI,10,332,0.0301204819277108,10,1,FALSE,Democrazia Cristiana,Partito Repubblicano Italiano
9,approvazione,PDUP,DP,17,588,0.0289115646258503,17,0,FALSE,Partito di Unità Proletaria per il comunismo,Democrazia Proletaria
9,approvazione,DP,PRI,9,332,0.0271084337349398,9,0,FALSE,Democrazia Proletaria,Partito Repubblicano Italiano
9,approvazione,PCI,PSI,15,578,0.0259515570934256,15,1,FALSE,Partito Comunista Italiano,Partito Socialista Italiano
9,approvazione,RAD,PSI,14,578,0.0242214532871972,14,0,FALSE,Radicali,Partito Socialista Italiano
9,approvazione,PCI,DC,22,968,0.0227272727272727,27,0.95,FALSE,Partito Comunista Italiano,Democrazia Cristiana
9,approvazione,DC,PSDI,4,182,0.021978021978022,4,1,FALSE,Democrazia Cristiana,Partito Socialista Democratico Italiano
9,approvazione,PSI,PSDI,4,182,0.021978021978022,4,0,FALSE,Partito Socialista Italiano,Partito Socialista Democratico Italiano
9,approvazione,PCI,PLI,5,248,0.0201612903225806,7,1,FALSE,Partito Comunista Italiano,Partito Liberale Italiano
9,approvazione,MSI,DC,19,968,0.0196280991735537,20,1,FALSE,Movimento Sociale Italiano,Democrazia Cristiana
9,approvazione,DP,RAD,10,517,0.0193423597678917,10,0,FALSE,Democrazia Proletaria,Radicali
9,approvazione,PCI,RAD,9,517,0.0174081237911025,9,1,FALSE,Partito Comunista Italiano,Radicali
9,approvazione,DP,PSI,10,578,0.0173010380622837,10,0,FALSE,Democrazia Proletaria,Partito Socialista Italiano
9,approvazione,PCI,PSDI,3,182,0.0164835164835165,3,1,FALSE,Partito Comunista Italiano,Partito Socialista Democratico Italiano
9,approvazione,RAD,PSDI,3,182,0.0164835164835165,3,0,FALSE,Radicali,Partito Socialista Democratico Italiano
9,approvazione,PSI,PLI,4,248,0.0161290322580645,4,0,FALSE,Partito Socialista Italiano,Partito Liberale Italiano
9,approvazione,PRI,PLI,4,248,0.0161290322580645,4,0,FALSE,Partito Repubblicano Italiano,Partito Liberale Italiano
9,approvazione,DP,PLI,4,248,0.0161290322580645,7,0,FALSE,Democrazia Proletaria,Partito Liberale Italiano
9,approvazione,RAD,PLI,4,248,0.0161290322580645,4,0,FALSE,Radicali,Partito Liberale Italiano
9,approvazione,SI,PSI,9,578,0.0155709342560554,9,0,FALSE,Sinistra Indipendente,Partito Socialista Italiano
9,approvazione,PLI,PRI,5,332,0.0150602409638554,5,0,FALSE,Partito Liberale Italiano,Partito Repubblicano Italiano
9,approvazione,PRI,PSI,8,578,0.013840830449827,8,0,FALSE,Partito Repubblicano Italiano,Partito Socialista Italiano
9,approvazione,RAD,PCI,29,2337,0.0124090714591356,32,0,FALSE,Radicali,Partito Comunista Italiano
9,approvazione,PDUP,PSI,7,578,0.0121107266435986,7,0,FALSE,Partito di Unità Proletaria per il comunismo,Partito Socialista Italiano
9,approvazione,PLI,PSI,7,578,0.0121107266435986,7,0,FALSE,Partito Liberale Italiano,Partito Socialista Italiano
9,approvazione,SI,PLI,3,248,0.0120967741935484,4,0,FALSE,Sinistra Indipendente,Partito Liberale Italiano
9,approvazione,RAD,PRI,4,332,0.0120481927710843,4,0,FALSE,Radicali,Partito Repubblicano Italiano
9,approvazione,RAD,DP,7,588,0.0119047619047619,7,0,FALSE,Radicali,Democrazia Proletaria
9,approvazione,MSI,PSDI,2,182,0.010989010989011,2,0.5,FALSE,Movimento Sociale Italiano,Partito Socialista Democratico Italiano
9,approvazione,PSDI,PSI,6,578,0.0103806228373702,6,0,FALSE,Partito Socialista Democratico Italiano,Partito Socialista Italiano
9,approvazione,RAD,DC,10,968,0.0103305785123967,10,0,FALSE,Radicali,Democrazia Cristiana
9,approvazione,SI,RAD,5,517,0.00967117988394584,5,0,FALSE,Sinistra Indipendente,Radicali
9,approvazione,PSI,PCI,22,2337,0.0094137783483098,23,0,FALSE,Partito Socialista Italiano,Partito Comunista Italiano
9,approvazione,PSDI,PRI,3,332,0.00903614457831325,3,0,FALSE,Partito Socialista Democratico Italiano,Partito Repubblicano Italiano
9,approvazione,PSI,PRI,3,332,0.00903614457831325,3,0,FALSE,Partito Socialista Italiano,Partito Repubblicano Italiano
9,approvazione,PDUP,PRI,3,332,0.00903614457831325,3,0,FALSE,Partito di Unità Proletaria per il comunismo,Partito Repubblicano Italiano
9,approvazione,DC,MSI,10,1120,0.00892857142857143,11,0.9,FALSE,Democrazia Cristiana,Movimento Sociale Italiano
9,approvazione,MSI,PCI,20,2337,0.00855798031664527,21,0.95,FALSE,Movimento Sociale Italiano,Partito Comunista Italiano
9,approvazione,PDUP,PLI,2,248,0.00806451612903226,4,0,FALSE,Partito di Unità Proletaria per il comunismo,Partito Liberale Italiano
9,approvazione,PSDI,PLI,2,248,0.00806451612903226,2,0,FALSE,Partito Socialista Democratico Italiano,Partito Liberale Italiano
9,approvazione,PCI,MSI,9,1120,0.00803571428571429,9,1,FALSE,Partito Comunista Italiano,Movimento Sociale Italiano
9,approvazione,MSI,PSI,4,578,0.0069204152249135,4,1,FALSE,Movimento Sociale Italiano,Partito Socialista Italiano
9,approvazione,PSI,DC,6,968,0.00619834710743802,6,0,FALSE,Partito Socialista Italiano,Democrazia Cristiana
9,approvazione,DC,RAD,3,517,0.00580270793036751,3,1,FALSE,Democrazia Cristiana,Radicali
9,approvazione,PSI,RAD,3,517,0.00580270793036751,3,0,FALSE,Partito Socialista Italiano,Radicali
9,approvazione,DC,PCI,13,2337,0.00556268720581943,13,1,FALSE,Democrazia Cristiana,Partito Comunista Italiano
9,approvazione,PRI,PSDI,1,182,0.0054945054945055,1,0,FALSE,Partito Repubblicano Italiano,Partito Socialista Democratico Italiano
9,approvazione,SI,PSDI,1,182,0.0054945054945055,1,0,FALSE,Sinistra Indipendente,Partito Socialista Democratico Italiano
9,approvazione,MSI,DP,3,588,0.00510204081632653,3,1,FALSE,Movimento Sociale Italiano,Democrazia Proletaria
9,approvazione,PRI,DC,4,968,0.00413223140495868,4,0,FALSE,Partito Repubblicano Italiano,Democrazia Cristiana
9,approvazione,SI,DC,4,968,0.00413223140495868,4,0,FALSE,Sinistra Indipendente,Democrazia Cristiana
9,approvazione,MSI,RAD,2,517,0.00386847195357834,2,1,FALSE,Movimento Sociale Italiano,Radicali
9,approvazione,DC,DP,2,588,0.00340136054421769,2,1,FALSE,Democrazia Cristiana,Democrazia Proletaria
9,approvazione,PLI,DC,3,968,0.00309917355371901,3,0,FALSE,Partito Liberale Italiano,Democrazia Cristiana
9,approvazione,MSI,PRI,1,332,0.00301204819277108,1,1,FALSE,Movimento Sociale Italiano,Partito Repubblicano Italiano
9,approvazione,PDUP,MSI,2,1120,0.00178571428571429,2,0,FALSE,Partito di Unità Proletaria per il comunismo,Movimento Sociale Italiano
9,approvazione,PRI,MSI,2,1120,0.00178571428571429,2,0,FALSE,Partito Repubblicano Italiano,Movimento Sociale Italiano
9,approvazione,RAD,MSI,2,1120,0.00178571428571429,2,0,FALSE,Radicali,Movimento Sociale Italiano
9,approvazione,PSI,DP,1,588,0.00170068027210884,1,0,FALSE,Partito Socialista Italiano,Democrazia Proletaria
9,approvazione,PRI,PCI,3,2337,0.00128369704749679,3,0,FALSE,Partito Repubblicano Italiano,Partito Comunista Italiano
9,approvazione,PSDI,DC,1,968,0.00103305785123967,1,0,FALSE,Partito Socialista Democratico Italiano,Democrazia Cristiana
9,approvazione,DP,MSI,1,1120,0.000892857142857143,1,0,FALSE,Democrazia Proletaria,Movimento Sociale Italiano
9,approvazione,SI,MSI,1,1120,0.000892857142857143,1,0,FALSE,Sinistra Indipendente,Movimento Sociale Italiano
9,approvazione,PSI,MSI,1,1120,0.000892857142857143,1,0,FALSE,Partito Socialista Italiano,Movimento Sociale Italiano
9,approvazione,PLI,PCI,1,2337,0.000427899015832264,1,0,FALSE,Partito Liberale Italiano,Partito Comunista Italiano
9,approvazione,PSDI,PCI,1,2337,0.000427899015832264,1,0,FALSE,Partito Socialista Democratico Italiano,Partito Comunista Italiano
9,ostilita,PCI,RAD,158,517,0.305609284332689,206,0.62,FALSE,Partito Comunista Italiano,Radicali
9,ostilita,PCI,PRI,59,332,0.177710843373494,66,0.71,FALSE,Partito Comunista Italiano,Partito Repubblicano Italiano
9,ostilita,PCI,PSI,92,578,0.15916955017301,114,0.63,FALSE,Partito Comunista Italiano,Partito Socialista Italiano
9,ostilita,PCI,DC,133,968,0.137396694214876,164,0.65,FALSE,Partito Comunista Italiano,Democrazia Cristiana
9,ostilita,PCI,PSDI,23,182,0.126373626373626,29,0.78,FALSE,Partito Comunista Italiano,Partito Socialista Democratico Italiano
9,ostilita,PSI,LEGA,1,9,0.111111111111111,1,0,FALSE,Partito Socialista Italiano,Lega
9,ostilita,DC,RAD,45,517,0.0870406189555126,50,0.78,FALSE,Democrazia Cristiana,Radicali
9,ostilita,MSI,DC,78,968,0.0805785123966942,96,0.49,FALSE,Movimento Sociale Italiano,Democrazia Cristiana
9,ostilita,MSI,PSI,41,578,0.0709342560553633,46,0.73,FALSE,Movimento Sociale Italiano,Partito Socialista Italiano
9,ostilita,MSI,PRI,20,332,0.0602409638554217,27,0.7,FALSE,Movimento Sociale Italiano,Partito Repubblicano Italiano
9,ostilita,MSI,PLI,14,248,0.0564516129032258,16,0.43,FALSE,Movimento Sociale Italiano,Partito Liberale Italiano
9,ostilita,PCI,PLI,14,248,0.0564516129032258,19,0.5,FALSE,Partito Comunista Italiano,Partito Liberale Italiano
9,ostilita,MSI,RAD,27,517,0.0522243713733075,33,0.67,FALSE,Movimento Sociale Italiano,Radicali
9,ostilita,DP,PRI,17,332,0.0512048192771084,18,0,FALSE,Democrazia Proletaria,Partito Repubblicano Italiano
9,ostilita,MSI,DP,27,588,0.0459183673469388,30,0.67,FALSE,Movimento Sociale Italiano,Democrazia Proletaria
9,ostilita,DC,DP,25,588,0.0425170068027211,28,0.88,FALSE,Democrazia Cristiana,Democrazia Proletaria
9,ostilita,DP,PSI,24,578,0.041522491349481,27,0,FALSE,Democrazia Proletaria,Partito Socialista Italiano
9,ostilita,PCI,DP,21,588,0.0357142857142857,24,0.43,FALSE,Partito Comunista Italiano,Democrazia Proletaria
9,ostilita,DC,PSDI,6,182,0.032967032967033,6,0.33,FALSE,Democrazia Cristiana,Partito Socialista Democratico Italiano
9,ostilita,DP,DC,30,968,0.0309917355371901,36,0,FALSE,Democrazia Proletaria,Democrazia Cristiana
9,ostilita,DP,DP,18,588,0.0306122448979592,19,0,TRUE,Democrazia Proletaria,Democrazia Proletaria
9,ostilita,PCI,MSI,33,1120,0.0294642857142857,35,0.64,FALSE,Partito Comunista Italiano,Movimento Sociale Italiano
9,ostilita,RAD,RAD,15,517,0.0290135396518375,15,0,TRUE,Radicali,Radicali
9,ostilita,DC,PCI,66,2337,0.0282413350449294,90,0.85,FALSE,Democrazia Cristiana,Partito Comunista Italiano
9,ostilita,RAD,DC,27,968,0.0278925619834711,33,0,FALSE,Radicali,Democrazia Cristiana
9,ostilita,DC,MSI,29,1120,0.0258928571428571,31,0.45,FALSE,Democrazia Cristiana,Movimento Sociale Italiano
9,ostilita,DC,PSI,14,578,0.0242214532871972,19,0.5,FALSE,Democrazia Cristiana,Partito Socialista Italiano
9,ostilita,MSI,MSI,27,1120,0.0241071428571429,29,0.37,TRUE,Movimento Sociale Italiano,Movimento Sociale Italiano
9,ostilita,RAD,PRI,8,332,0.0240963855421687,9,0,FALSE,Radicali,Partito Repubblicano Italiano
9,ostilita,DP,RAD,12,517,0.02321083172147,12,0,FALSE,Democrazia Proletaria,Radicali
9,ostilita,SI,PRI,7,332,0.0210843373493976,7,0,FALSE,Sinistra Indipendente,Partito Repubblicano Italiano
9,ostilita,PCI,PCI,47,2337,0.0201112537441164,57,0.51,TRUE,Partito Comunista Italiano,Partito Comunista Italiano
9,ostilita,RAD,PSDI,3,182,0.0164835164835165,4,0,FALSE,Radicali,Partito Socialista Democratico Italiano
9,ostilita,DP,PSDI,3,182,0.0164835164835165,3,0,FALSE,Democrazia Proletaria,Partito Socialista Democratico Italiano
9,ostilita,RAD,PLI,4,248,0.0161290322580645,5,0,FALSE,Radicali,Partito Liberale Italiano
9,ostilita,DC,PRI,5,332,0.0150602409638554,5,0.6,FALSE,Democrazia Cristiana,Partito Repubblicano Italiano
9,ostilita,MSI,PCI,35,2337,0.0149764655541292,39,0.69,FALSE,Movimento Sociale Italiano,Partito Comunista Italiano
9,ostilita,RAD,PSI,8,578,0.013840830449827,9,0,FALSE,Radicali,Partito Socialista Italiano
9,ostilita,DC,DC,13,968,0.0134297520661157,14,0.85,TRUE,Democrazia Cristiana,Democrazia Cristiana
9,ostilita,DC,PLI,3,248,0.0120967741935484,4,1,FALSE,Democrazia Cristiana,Partito Liberale Italiano
9,ostilita,DP,MSI,13,1120,0.0116071428571429,13,0,FALSE,Democrazia Proletaria,Movimento Sociale Italiano
9,ostilita,PSI,DC,11,968,0.0113636363636364,16,0,FALSE,Partito Socialista Italiano,Democrazia Cristiana
9,ostilita,MSI,PSDI,2,182,0.010989010989011,3,0.5,FALSE,Movimento Sociale Italiano,Partito Socialista Democratico Italiano
9,ostilita,DP,PCI,23,2337,0.00984167736414206,25,0,FALSE,Democrazia Proletaria,Partito Comunista Italiano
9,ostilita,PSI,RAD,5,517,0.00967117988394584,5,0,FALSE,Partito Socialista Italiano,Radicali
9,ostilita,RAD,PCI,22,2337,0.0094137783483098,22,0,FALSE,Radicali,Partito Comunista Italiano
9,ostilita,PSI,PRI,3,332,0.00903614457831325,3,0,FALSE,Partito Socialista Italiano,Partito Repubblicano Italiano
9,ostilita,PDUP,PRI,3,332,0.00903614457831325,3,0,FALSE,Partito di Unità Proletaria per il comunismo,Partito Repubblicano Italiano
9,ostilita,PRI,PRI,3,332,0.00903614457831325,3,0,TRUE,Partito Repubblicano Italiano,Partito Repubblicano Italiano
9,ostilita,SI,PSI,5,578,0.00865051903114187,5,0,FALSE,Sinistra Indipendente,Partito Socialista Italiano
9,ostilita,PSI,PSI,5,578,0.00865051903114187,5,0,TRUE,Partito Socialista Italiano,Partito Socialista Italiano
9,ostilita,PSI,DP,5,588,0.00850340136054422,5,0,FALSE,Partito Socialista Italiano,Democrazia Proletaria
9,ostilita,DP,PLI,2,248,0.00806451612903226,2,0,FALSE,Democrazia Proletaria,Partito Liberale Italiano
9,ostilita,PRI,PLI,2,248,0.00806451612903226,2,0,FALSE,Partito Repubblicano Italiano,Partito Liberale Italiano
9,ostilita,PDUP,PSI,4,578,0.0069204152249135,4,0,FALSE,Partito di Unità Proletaria per il comunismo,Partito Socialista Italiano
9,ostilita,RAD,DP,4,588,0.00680272108843537,5,0,FALSE,Radicali,Democrazia Proletaria
9,ostilita,RAD,MSI,7,1120,0.00625,8,0,FALSE,Radicali,Movimento Sociale Italiano
9,ostilita,PSI,PCI,14,2337,0.00599058622165169,16,0,FALSE,Partito Socialista Italiano,Partito Comunista Italiano
9,ostilita,PRI,RAD,3,517,0.00580270793036751,3,0,FALSE,Partito Repubblicano Italiano,Radicali
9,ostilita,SI,PSDI,1,182,0.0054945054945055,1,0,FALSE,Sinistra Indipendente,Partito Socialista Democratico Italiano
9,ostilita,PRI,PSI,3,578,0.00519031141868512,3,0,FALSE,Partito Repubblicano Italiano,Partito Socialista Italiano
9,ostilita,PSI,MSI,5,1120,0.00446428571428571,6,0,FALSE,Partito Socialista Italiano,Movimento Sociale Italiano
9,ostilita,PDUP,DC,4,968,0.00413223140495868,5,0,FALSE,Partito di Unità Proletaria per il comunismo,Democrazia Cristiana
9,ostilita,SI,PLI,1,248,0.00403225806451613,1,0,FALSE,Sinistra Indipendente,Partito Liberale Italiano
9,ostilita,PLI,PLI,1,248,0.00403225806451613,1,0,TRUE,Partito Liberale Italiano,Partito Liberale Italiano
9,ostilita,PSI,PLI,1,248,0.00403225806451613,1,0,FALSE,Partito Socialista Italiano,Partito Liberale Italiano
9,ostilita,PRI,DP,2,588,0.00340136054421769,3,0,FALSE,Partito Repubblicano Italiano,Democrazia Proletaria
9,ostilita,SI,DC,3,968,0.00309917355371901,4,0,FALSE,Sinistra Indipendente,Democrazia Cristiana
9,ostilita,PRI,PCI,6,2337,0.00256739409499358,6,0,FALSE,Partito Repubblicano Italiano,Partito Comunista Italiano
9,ostilita,SI,MSI,2,1120,0.00178571428571429,2,0,FALSE,Sinistra Indipendente,Movimento Sociale Italiano
9,ostilita,PSDI,MSI,2,1120,0.00178571428571429,2,0,FALSE,Partito Socialista Democratico Italiano,Movimento Sociale Italiano
9,ostilita,LEGA,PSI,1,578,0.00173010380622837,2,0,FALSE,Lega,Partito Socialista Italiano
9,ostilita,PDUP,DP,1,588,0.00170068027210884,1,0,FALSE,Partito di Unità Proletaria per il comunismo,Democrazia Proletaria
9,ostilita,PLI,DP,1,588,0.00170068027210884,1,0,FALSE,Partito Liberale Italiano,Democrazia Proletaria
9,ostilita,PSDI,DP,1,588,0.00170068027210884,1,0,FALSE,Partito Socialista Democratico Italiano,Democrazia Proletaria
9,ostilita,PRI,DC,1,968,0.00103305785123967,1,0,FALSE,Partito Repubblicano Italiano,Democrazia Cristiana
9,ostilita,PSDI,DC,1,968,0.00103305785123967,2,0,FALSE,Partito Socialista Democratico Italiano,Democrazia Cristiana
9,ostilita,PDUP,MSI,1,1120,0.000892857142857143,1,0,FALSE,Partito di Unità Proletaria per il comunismo,Movimento Sociale Italiano
9,ostilita,PRI,MSI,1,1120,0.000892857142857143,1,0,FALSE,Partito Repubblicano Italiano,Movimento Sociale Italiano
9,ostilita,PDUP,PCI,2,2337,0.000855798031664527,2,0,FALSE,Partito di Unità Proletaria per il comunismo,Partito Comunista Italiano
9,ostilita,SI,PCI,2,2337,0.000855798031664527,2,0,FALSE,Sinistra Indipendente,Partito Comunista Italiano
9,ostilita,PSDI,PCI,2,2337,0.000855798031664527,2,0,FALSE,Partito Socialista Democratico Italiano,Partito Comunista Italiano
10,approvazione,DP,GOVERNO,1,1,1,1,0,FALSE,Democrazia Proletaria,Governo
10,approvazione,PCI,GOVERNO,1,1,1,1,0,FALSE,Partito Comunista Italiano,Governo
10,approvazione,MSI,MSI,1076,1287,0.836052836052836,1124,0.17,TRUE,Movimento Sociale Italiano,Movimento Sociale Italiano
10,approvazione,VERDI,VERDI,563,691,0.814761215629522,578,0,TRUE,Verdi,Verdi
10,approvazione,PCI,PCI,1929,2583,0.746806039488966,2018,0.17,TRUE,Partito Comunista Italiano,Partito Comunista Italiano
10,approvazione,RAD,RAD,471,698,0.674785100286533,484,0,TRUE,Radicali,Radicali
10,approvazione,PSDI,PSDI,111,179,0.620111731843575,111,0,TRUE,Partito Socialista Democratico Italiano,Partito Socialista Democratico Italiano
10,approvazione,PRI,PRI,219,380,0.576315789473684,224,0,TRUE,Partito Repubblicano Italiano,Partito Repubblicano Italiano
10,approvazione,PLI,PLI,128,236,0.542372881355932,131,0,TRUE,Partito Liberale Italiano,Partito Liberale Italiano
10,approvazione,DC,DC,759,1478,0.513531799729364,804,0.21,TRUE,Democrazia Cristiana,Democrazia Cristiana
10,approvazione,DP,DP,233,468,0.497863247863248,235,0,TRUE,Democrazia Proletaria,Democrazia Proletaria
10,approvazione,PSI,PSI,388,949,0.408851422550053,408,0,TRUE,Partito Socialista Italiano,Partito Socialista Italiano
10,approvazione,VERDI,DP,180,468,0.384615384615385,184,0,FALSE,Verdi,Democrazia Proletaria
10,approvazione,SI,PCI,968,2583,0.374758033294619,1013,0,FALSE,Sinistra Indipendente,Partito Comunista Italiano
10,approvazione,VERDI,RAD,146,698,0.209169054441261,152,0,FALSE,Verdi,Radicali
10,approvazione,RAD,VERDI,100,691,0.144717800289436,102,0,FALSE,Radicali,Verdi
10,approvazione,MISTO,LEGA,1,7,0.142857142857143,1,0,FALSE,Gruppo misto,Lega
10,approvazione,PSI,LEGA,1,7,0.142857142857143,1,0,FALSE,Partito Socialista Italiano,Lega
10,approvazione,DP,VERDI,98,691,0.141823444283647,102,0,FALSE,Democrazia Proletaria,Verdi
10,approvazione,DP,PCI,325,2583,0.125822686798297,338,0,FALSE,Democrazia Proletaria,Partito Comunista Italiano
10,approvazione,VERDI,PCI,306,2583,0.118466898954704,324,0,FALSE,Verdi,Partito Comunista Italiano
10,approvazione,SI,VERDI,72,691,0.104196816208394,75,0,FALSE,Sinistra Indipendente,Verdi
10,approvazione,VERDI,PLI,24,236,0.101694915254237,30,0,FALSE,Verdi,Partito Liberale Italiano
10,approvazione,RAD,DP,45,468,0.0961538461538462,46,0,FALSE,Radicali,Democrazia Proletaria
10,approvazione,RAD,PLI,21,236,0.0889830508474576,24,0,FALSE,Radicali,Partito Liberale Italiano
10,approvazione,SI,RAD,61,698,0.0873925501432665,64,0,FALSE,Sinistra Indipendente,Radicali
10,approvazione,RAD,PCI,223,2583,0.0863337204800619,236,0,FALSE,Radicali,Partito Comunista Italiano
10,approvazione,PCI,DP,40,468,0.0854700854700855,41,0.28,FALSE,Partito Comunista Italiano,Democrazia Proletaria
10,approvazione,SI,DP,39,468,0.0833333333333333,40,0,FALSE,Sinistra Indipendente,Democrazia Proletaria
10,approvazione,PSI,DC,122,1478,0.0825439783491204,135,0,FALSE,Partito Socialista Italiano,Democrazia Cristiana
10,approvazione,DP,RAD,57,698,0.0816618911174785,57,0,FALSE,Democrazia Proletaria,Radicali
10,approvazione,RAD,PSI,74,949,0.0779768177028451,78,0,FALSE,Radicali,Partito Socialista Italiano
10,approvazione,DC,PSI,74,949,0.0779768177028451,80,0.08,FALSE,Democrazia Cristiana,Partito Socialista Italiano
10,approvazione,VERDI,DC,95,1478,0.064276048714479,104,0,FALSE,Verdi,Democrazia Cristiana
10,approvazione,PCI,RAD,43,698,0.0616045845272206,45,0.14,FALSE,Partito Comunista Italiano,Radicali
10,approvazione,PSI,PSDI,11,179,0.0614525139664804,11,0,FALSE,Partito Socialista Italiano,Partito Socialista Democratico Italiano
10,approvazione,DC,PLI,14,236,0.0593220338983051,15,0.21,FALSE,Democrazia Cristiana,Partito Liberale Italiano
10,approvazione,MSI,PRI,21,380,0.0552631578947368,23,0,FALSE,Movimento Sociale Italiano,Partito Repubblicano Italiano
10,approvazione,PCI,VERDI,36,691,0.0520984081041968,39,0.25,FALSE,Partito Comunista Italiano,Verdi
10,approvazione,PSI,PLI,12,236,0.0508474576271187,17,0,FALSE,Partito Socialista Italiano,Partito Liberale Italiano
10,approvazione,DC,PRI,17,380,0.0447368421052632,17,0.12,FALSE,Democrazia Cristiana,Partito Repubblicano Italiano
10,approvazione,VERDI,PSI,37,949,0.0389884088514226,42,0,FALSE,Verdi,Partito Socialista Italiano
10,approvazione,DP,PLI,9,236,0.038135593220339,12,0,FALSE,Democrazia Proletaria,Partito Liberale Italiano
10,approvazione,MSI,PLI,9,236,0.038135593220339,12,0.22,FALSE,Movimento Sociale Italiano,Partito Liberale Italiano
10,approvazione,PSI,MSI,49,1287,0.0380730380730381,61,0,FALSE,Partito Socialista Italiano,Movimento Sociale Italiano
10,approvazione,PCI,DC,55,1478,0.037212449255751,66,0.13,FALSE,Partito Comunista Italiano,Democrazia Cristiana
10,approvazione,PSI,PRI,14,380,0.0368421052631579,15,0,FALSE,Partito Socialista Italiano,Partito Repubblicano Italiano
10,approvazione,PRI,DC,53,1478,0.0358592692828146,56,0,FALSE,Partito Repubblicano Italiano,Democrazia Cristiana
10,approvazione,PCI,PLI,8,236,0.0338983050847458,9,0.25,FALSE,Partito Comunista Italiano,Partito Liberale Italiano
10,approvazione,PSDI,DC,50,1478,0.03382949932341,51,0,FALSE,Partito Socialista Democratico Italiano,Democrazia Cristiana
10,approvazione,DC,PSDI,6,179,0.0335195530726257,6,0,FALSE,Democrazia Cristiana,Partito Socialista Democratico Italiano
10,approvazione,PLI,DC,49,1478,0.0331529093369418,51,0,FALSE,Partito Liberale Italiano,Democrazia Cristiana
10,approvazione,DP,DC,48,1478,0.0324763193504736,56,0,FALSE,Democrazia Proletaria,Democrazia Cristiana
10,approvazione,PSDI,PLI,7,236,0.0296610169491525,7,0,FALSE,Partito Socialista Democratico Italiano,Partito Liberale Italiano
10,approvazione,PCI,PSI,28,949,0.029504741833509,30,0.04,FALSE,Partito Comunista Italiano,Partito Socialista Italiano
10,approvazione,VERDI,PRI,11,380,0.0289473684210526,11,0,FALSE,Verdi,Partito Repubblicano Italiano
10,approvazione,PSI,PCI,71,2583,0.0274874177313202,81,0,FALSE,Partito Socialista Italiano,Partito Comunista Italiano
10,approvazione,RAD,DC,37,1478,0.0250338294993234,42,0,FALSE,Radicali,Democrazia Cristiana
10,approvazione,SI,DC,35,1478,0.023680649526387,43,0,FALSE,Sinistra Indipendente,Democrazia Cristiana
10,approvazione,PRI,PSI,22,949,0.0231822971548999,23,0,FALSE,Partito Repubblicano Italiano,Partito Socialista Italiano
10,approvazione,VERDI,PSDI,4,179,0.0223463687150838,4,0,FALSE,Verdi,Partito Socialista Democratico Italiano
10,approvazione,PSDI,PSI,21,949,0.0221285563751317,21,0,FALSE,Partito Socialista Democratico Italiano,Partito Socialista Italiano
10,approvazione,PSI,RAD,15,698,0.0214899713467049,15,0,FALSE,Partito Socialista Italiano,Radicali
10,approvazione,SI,PLI,5,236,0.0211864406779661,5,0,FALSE,Sinistra Indipendente,Partito Liberale Italiano
10,approvazione,PRI,PLI,5,236,0.0211864406779661,6,0,FALSE,Partito Repubblicano Italiano,Partito Liberale Italiano
10,approvazione,MSI,PSI,20,949,0.0210748155953635,23,0,FALSE,Movimento Sociale Italiano,Partito Socialista Italiano
10,approvazione,RAD,PSDI,3,179,0.0167597765363129,3,0,FALSE,Radicali,Partito Socialista Democratico Italiano
10,approvazione,PCI,PSDI,3,179,0.0167597765363129,3,0.33,FALSE,Partito Comunista Italiano,Partito Socialista Democratico Italiano
10,approvazione,PCI,PRI,6,380,0.0157894736842105,7,0,FALSE,Partito Comunista Italiano,Partito Repubblicano Italiano
10,approvazione,DP,PSI,14,949,0.0147523709167545,15,0,FALSE,Democrazia Proletaria,Partito Socialista Italiano
10,approvazione,PLI,PSI,14,949,0.0147523709167545,14,0,FALSE,Partito Liberale Italiano,Partito Socialista Italiano
10,approvazione,SI,PSI,14,949,0.0147523709167545,14,0,FALSE,Sinistra Indipendente,Partito Socialista Italiano
10,approvazione,MSI,RAD,10,698,0.0143266475644699,10,0,FALSE,Movimento Sociale Italiano,Radicali
10,approvazione,RC,PCI,30,2583,0.0116144018583043,30,0,FALSE,Rifondazione Comunista,Partito Comunista Italiano
10,approvazione,MSI,DC,17,1478,0.0115020297699594,19,0.12,FALSE,Movimento Sociale Italiano,Democrazia Cristiana
10,approvazione,DP,PSDI,2,179,0.0111731843575419,2,0,FALSE,Democrazia Proletaria,Partito Socialista Democratico Italiano
10,approvazione,SI,PSDI,2,179,0.0111731843575419,2,0,FALSE,Sinistra Indipendente,Partito Socialista Democratico Italiano
10,approvazione,SI,PRI,4,380,0.0105263157894737,4,0,FALSE,Sinistra Indipendente,Partito Repubblicano Italiano
10,approvazione,RAD,PRI,4,380,0.0105263157894737,5,0,FALSE,Radicali,Partito Repubblicano Italiano
10,approvazione,PSI,VERDI,7,691,0.0101302460202605,8,0,FALSE,Partito Socialista Italiano,Verdi
10,approvazione,VERDI,MSI,13,1287,0.0101010101010101,18,0,FALSE,Verdi,Movimento Sociale Italiano
10,approvazione,PLI,RAD,7,698,0.0100286532951289,7,0,FALSE,Partito Liberale Italiano,Radicali
10,approvazione,DC,RAD,7,698,0.0100286532951289,7,0.14,FALSE,Democrazia Cristiana,Radicali
10,approvazione,DC,MSI,12,1287,0.00932400932400932,15,0,FALSE,Democrazia Cristiana,Movimento Sociale Italiano
10,approvazione,DC,PCI,24,2583,0.00929152148664344,24,0.08,FALSE,Democrazia Cristiana,Partito Comunista Italiano
10,approvazione,PCI,MSI,11,1287,0.00854700854700855,11,0.09,FALSE,Partito Comunista Italiano,Movimento Sociale Italiano
10,approvazione,PLI,PRI,3,380,0.00789473684210526,3,0,FALSE,Partito Liberale Italiano,Partito Repubblicano Italiano
10,approvazione,RAD,MSI,10,1287,0.00777000777000777,11,0,FALSE,Radicali,Movimento Sociale Italiano
10,approvazione,DC,VERDI,5,691,0.00723589001447178,6,0,FALSE,Democrazia Cristiana,Verdi
10,approvazione,PRI,RAD,4,698,0.00573065902578797,4,0,FALSE,Partito Repubblicano Italiano,Radicali
10,approvazione,PSDI,RAD,4,698,0.00573065902578797,4,0,FALSE,Partito Socialista Democratico Italiano,Radicali
10,approvazione,MSI,PSDI,1,179,0.00558659217877095,1,1,FALSE,Movimento Sociale Italiano,Partito Socialista Democratico Italiano
10,approvazione,PLI,PSDI,1,179,0.00558659217877095,1,0,FALSE,Partito Liberale Italiano,Partito Socialista Democratico Italiano
10,approvazione,DP,PRI,2,380,0.00526315789473684,2,0,FALSE,Democrazia Proletaria,Partito Repubblicano Italiano
10,approvazione,PSDI,PRI,2,380,0.00526315789473684,2,0,FALSE,Partito Socialista Democratico Italiano,Partito Repubblicano Italiano
10,approvazione,MSI,VERDI,3,691,0.00434153400868307,3,0.33,FALSE,Movimento Sociale Italiano,Verdi
10,approvazione,DC,DP,2,468,0.00427350427350427,2,0,FALSE,Democrazia Cristiana,Democrazia Proletaria
10,approvazione,MSI,DP,2,468,0.00427350427350427,2,0,FALSE,Movimento Sociale Italiano,Democrazia Proletaria
10,approvazione,PSI,DP,2,468,0.00427350427350427,4,0,FALSE,Partito Socialista Italiano,Democrazia Proletaria
10,approvazione,PRI,MSI,5,1287,0.00388500388500389,5,0,FALSE,Partito Repubblicano Italiano,Movimento Sociale Italiano
10,approvazione,SI,MSI,5,1287,0.00388500388500389,6,0,FALSE,Sinistra Indipendente,Movimento Sociale Italiano
10,approvazione,MSI,PCI,9,2583,0.00348432055749129,9,0.11,FALSE,Movimento Sociale Italiano,Partito Comunista Italiano
10,approvazione,RC,PSI,3,949,0.00316122233930453,3,0,FALSE,Rifondazione Comunista,Partito Socialista Italiano
10,approvazione,PRI,PCI,8,2583,0.00309717382888115,8,0,FALSE,Partito Repubblicano Italiano,Partito Comunista Italiano
10,approvazione,PLI,VERDI,2,691,0.00289435600578871,2,0,FALSE,Partito Liberale Italiano,Verdi
10,approvazione,PRI,VERDI,2,691,0.00289435600578871,2,0,FALSE,Partito Repubblicano Italiano,Verdi
10,approvazione,PLI,MSI,3,1287,0.00233100233100233,3,0,FALSE,Partito Liberale Italiano,Movimento Sociale Italiano
10,approvazione,PSDI,PCI,6,2583,0.00232288037166086,6,0,FALSE,Partito Socialista Democratico Italiano,Partito Comunista Italiano
10,approvazione,MISTO,DP,1,468,0.00213675213675214,1,0,FALSE,Gruppo misto,Democrazia Proletaria
10,approvazione,PSDI,VERDI,1,691,0.00144717800289436,1,0,FALSE,Partito Socialista Democratico Italiano,Verdi
10,approvazione,RC,VERDI,1,691,0.00144717800289436,1,0,FALSE,Rifondazione Comunista,Verdi
10,approvazione,DP,MSI,1,1287,0.000777000777000777,1,0,FALSE,Democrazia Proletaria,Movimento Sociale Italiano
10,approvazione,PSDI,MSI,1,1287,0.000777000777000777,1,0,FALSE,Partito Socialista Democratico Italiano,Movimento Sociale Italiano
10,approvazione,PLI,PCI,2,2583,0.000774293457220287,2,0,FALSE,Partito Liberale Italiano,Partito Comunista Italiano
10,approvazione,LEGA,DC,1,1478,0.0006765899864682,1,0,FALSE,Lega,Democrazia Cristiana
10,approvazione,RC,DC,1,1478,0.0006765899864682,1,0,FALSE,Rifondazione Comunista,Democrazia Cristiana
10,ostilita,DC,LEGA,1,7,0.142857142857143,1,1,FALSE,Democrazia Cristiana,Lega
10,ostilita,MSI,LEGA,1,7,0.142857142857143,1,0,FALSE,Movimento Sociale Italiano,Lega
10,ostilita,DC,DP,28,468,0.0598290598290598,32,0.29,FALSE,Democrazia Cristiana,Democrazia Proletaria
10,ostilita,PCI,PSI,55,949,0.0579557428872497,70,0.36,FALSE,Partito Comunista Italiano,Partito Socialista Italiano
10,ostilita,DC,RAD,37,698,0.0530085959885387,41,0.65,FALSE,Democrazia Cristiana,Radicali
10,ostilita,PCI,DC,68,1478,0.0460081190798376,79,0.06,FALSE,Partito Comunista Italiano,Democrazia Cristiana
10,ostilita,MSI,DP,18,468,0.0384615384615385,19,0.33,FALSE,Movimento Sociale Italiano,Democrazia Proletaria
10,ostilita,MSI,PSI,36,949,0.0379346680716544,39,0.08,FALSE,Movimento Sociale Italiano,Partito Socialista Italiano
10,ostilita,MSI,DC,48,1478,0.0324763193504736,64,0.17,FALSE,Movimento Sociale Italiano,Democrazia Cristiana
10,ostilita,DP,PLI,7,236,0.0296610169491525,7,0,FALSE,Democrazia Proletaria,Partito Liberale Italiano
10,ostilita,DC,VERDI,20,691,0.0289435600578871,24,0.35,FALSE,Democrazia Cristiana,Verdi
10,ostilita,DC,PCI,70,2583,0.02710027100271,84,0.11,FALSE,Democrazia Cristiana,Partito Comunista Italiano
10,ostilita,RAD,PSI,22,949,0.0231822971548999,23,0,FALSE,Radicali,Partito Socialista Italiano
10,ostilita,PCI,PRI,8,380,0.0210526315789474,8,0.12,FALSE,Partito Comunista Italiano,Partito Repubblicano Italiano
10,ostilita,DC,MSI,26,1287,0.0202020202020202,30,0.15,FALSE,Democrazia Cristiana,Movimento Sociale Italiano
10,ostilita,MSI,MSI,24,1287,0.0186480186480186,26,0,TRUE,Movimento Sociale Italiano,Movimento Sociale Italiano
10,ostilita,DP,PRI,7,380,0.0184210526315789,8,0,FALSE,Democrazia Proletaria,Partito Repubblicano Italiano
10,ostilita,DC,PRI,7,380,0.0184210526315789,8,0,FALSE,Democrazia Cristiana,Partito Repubblicano Italiano
10,ostilita,PCI,VERDI,12,691,0.0173661360347323,13,0.33,FALSE,Partito Comunista Italiano,Verdi
10,ostilita,MSI,RAD,12,698,0.0171919770773639,12,0.42,FALSE,Movimento Sociale Italiano,Radicali
10,ostilita,PCI,RAD,12,698,0.0171919770773639,12,0.33,FALSE,Partito Comunista Italiano,Radicali
10,ostilita,PCI,PLI,4,236,0.0169491525423729,4,0,FALSE,Partito Comunista Italiano,Partito Liberale Italiano
10,ostilita,DP,DC,24,1478,0.0162381596752368,29,0,FALSE,Democrazia Proletaria,Democrazia Cristiana
10,ostilita,VERDI,PSI,15,949,0.0158061116965227,19,0,FALSE,Verdi,Partito Socialista Italiano
10,ostilita,VERDI,PRI,6,380,0.0157894736842105,7,0,FALSE,Verdi,Partito Repubblicano Italiano
10,ostilita,MSI,PRI,6,380,0.0157894736842105,6,0,FALSE,Movimento Sociale Italiano,Partito Repubblicano Italiano
10,ostilita,RAD,RAD,11,698,0.0157593123209169,11,0,TRUE,Radicali,Radicali
10,ostilita,RAD,DC,22,1478,0.0148849797023004,22,0,FALSE,Radicali,Democrazia Cristiana
10,ostilita,PCI,MSI,17,1287,0.0132090132090132,25,0.12,FALSE,Partito Comunista Italiano,Movimento Sociale Italiano
10,ostilita,MSI,PCI,34,2583,0.0131629887727449,36,0.06,FALSE,Movimento Sociale Italiano,Partito Comunista Italiano
10,ostilita,RAD,PRI,5,380,0.0131578947368421,5,0,FALSE,Radicali,Partito Repubblicano Italiano
10,ostilita,MSI,VERDI,9,691,0.0130246020260492,9,0.33,FALSE,Movimento Sociale Italiano,Verdi
10,ostilita,PCI,PSDI,2,179,0.0111731843575419,2,0.5,FALSE,Partito Comunista Italiano,Partito Socialista Democratico Italiano
10,ostilita,RAD,PSDI,2,179,0.0111731843575419,2,0,FALSE,Radicali,Partito Socialista Democratico Italiano
10,ostilita,MSI,PSDI,2,179,0.0111731843575419,3,0,FALSE,Movimento Sociale Italiano,Partito Socialista Democratico Italiano
10,ostilita,PSI,DP,5,468,0.0106837606837607,5,0,FALSE,Partito Socialista Italiano,Democrazia Proletaria
10,ostilita,DC,PSI,10,949,0.0105374077976818,11,0.2,FALSE,Democrazia Cristiana,Partito Socialista Italiano
10,ostilita,PSI,DC,15,1478,0.010148849797023,25,0,FALSE,Partito Socialista Italiano,Democrazia Cristiana
10,ostilita,DP,PSI,9,949,0.00948366701791359,12,0,FALSE,Democrazia Proletaria,Partito Socialista Italiano
10,ostilita,SI,PSI,9,949,0.00948366701791359,12,0,FALSE,Sinistra Indipendente,Partito Socialista Italiano
10,ostilita,PSI,PSI,9,949,0.00948366701791359,9,0,TRUE,Partito Socialista Italiano,Partito Socialista Italiano
10,ostilita,VERDI,DC,14,1478,0.0094722598105548,16,0,FALSE,Verdi,Democrazia Cristiana
10,ostilita,DC,DC,13,1478,0.0087956698240866,28,0,TRUE,Democrazia Cristiana,Democrazia Cristiana
10,ostilita,PSI,VERDI,6,691,0.00868306801736614,6,0,FALSE,Partito Socialista Italiano,Verdi
10,ostilita,MSI,PLI,2,236,0.00847457627118644,2,0,FALSE,Movimento Sociale Italiano,Partito Liberale Italiano
10,ostilita,RAD,PLI,2,236,0.00847457627118644,2,0,FALSE,Radicali,Partito Liberale Italiano
10,ostilita,SI,PRI,3,380,0.00789473684210526,3,0,FALSE,Sinistra Indipendente,Partito Repubblicano Italiano
10,ostilita,PCI,PCI,19,2583,0.00735578784359272,24,0,TRUE,Partito Comunista Italiano,Partito Comunista Italiano
10,ostilita,PSI,MSI,9,1287,0.00699300699300699,10,0,FALSE,Partito Socialista Italiano,Movimento Sociale Italiano
10,ostilita,DP,PSDI,1,179,0.00558659217877095,2,0,FALSE,Democrazia Proletaria,Partito Socialista Democratico Italiano
10,ostilita,DC,PSDI,1,179,0.00558659217877095,1,1,FALSE,Democrazia Cristiana,Partito Socialista Democratico Italiano
10,ostilita,PRI,PSDI,1,179,0.00558659217877095,1,0,FALSE,Partito Repubblicano Italiano,Partito Socialista Democratico Italiano
10,ostilita,PSI,PCI,13,2583,0.00503290747193186,15,0,FALSE,Partito Socialista Italiano,Partito Comunista Italiano
10,ostilita,SI,DC,7,1478,0.0047361299052774,7,0,FALSE,Sinistra Indipendente,Democrazia Cristiana
10,ostilita,VERDI,MSI,6,1287,0.00466200466200466,6,0,FALSE,Verdi,Movimento Sociale Italiano
10,ostilita,RAD,PCI,12,2583,0.00464576074332172,13,0,FALSE,Radicali,Partito Comunista Italiano
10,ostilita,PLI,RAD,3,698,0.00429799426934097,3,0,FALSE,Partito Liberale Italiano,Radicali
10,ostilita,PRI,DP,2,468,0.00427350427350427,2,0,FALSE,Partito Repubblicano Italiano,Democrazia Proletaria
10,ostilita,PCI,DP,2,468,0.00427350427350427,2,0,FALSE,Partito Comunista Italiano,Democrazia Proletaria
10,ostilita,SI,PLI,1,236,0.00423728813559322,1,0,FALSE,Sinistra Indipendente,Partito Liberale Italiano
10,ostilita,VERDI,PLI,1,236,0.00423728813559322,1,0,FALSE,Verdi,Partito Liberale Italiano
10,ostilita,RAD,MSI,5,1287,0.00388500388500389,5,0,FALSE,Radicali,Movimento Sociale Italiano
10,ostilita,DP,MSI,4,1287,0.00310800310800311,4,0,FALSE,Democrazia Proletaria,Movimento Sociale Italiano
10,ostilita,SI,MSI,4,1287,0.00310800310800311,7,0,FALSE,Sinistra Indipendente,Movimento Sociale Italiano
10,ostilita,PRI,RAD,2,698,0.00286532951289398,4,0,FALSE,Partito Repubblicano Italiano,Radicali
10,ostilita,DP,RAD,2,698,0.00286532951289398,3,0,FALSE,Democrazia Proletaria,Radicali
10,ostilita,PSI,RAD,2,698,0.00286532951289398,2,0,FALSE,Partito Socialista Italiano,Radicali
10,ostilita,PSI,PRI,1,380,0.00263157894736842,1,0,FALSE,Partito Socialista Italiano,Partito Repubblicano Italiano
10,ostilita,RAD,DP,1,468,0.00213675213675214,1,0,FALSE,Radicali,Democrazia Proletaria
10,ostilita,PLI,DP,1,468,0.00213675213675214,1,0,FALSE,Partito Liberale Italiano,Democrazia Proletaria
10,ostilita,VERDI,DP,1,468,0.00213675213675214,1,0,FALSE,Verdi,Democrazia Proletaria
10,ostilita,DP,DP,1,468,0.00213675213675214,1,0,TRUE,Democrazia Proletaria,Democrazia Proletaria
10,ostilita,VERDI,PCI,5,2583,0.00193573364305072,8,0,FALSE,Verdi,Partito Comunista Italiano
10,ostilita,DP,PCI,4,2583,0.00154858691444057,4,0,FALSE,Democrazia Proletaria,Partito Comunista Italiano
10,ostilita,VERDI,VERDI,1,691,0.00144717800289436,1,0,TRUE,Verdi,Verdi
10,ostilita,VERDI,RAD,1,698,0.00143266475644699,1,0,FALSE,Verdi,Radicali
10,ostilita,PSDI,RAD,1,698,0.00143266475644699,1,0,FALSE,Partito Socialista Democratico Italiano,Radicali
10,ostilita,SI,PCI,3,2583,0.00116144018583043,3,0,FALSE,Sinistra Indipendente,Partito Comunista Italiano
10,ostilita,PLI,PSI,1,949,0.00105374077976818,1,0,FALSE,Partito Liberale Italiano,Partito Socialista Italiano
10,ostilita,PRI,PSI,1,949,0.00105374077976818,1,0,FALSE,Partito Repubblicano Italiano,Partito Socialista Italiano
10,ostilita,PLI,MSI,1,1287,0.000777000777000777,1,0,FALSE,Partito Liberale Italiano,Movimento Sociale Italiano
10,ostilita,PLI,PCI,2,2583,0.000774293457220287,2,0,FALSE,Partito Liberale Italiano,Partito Comunista Italiano
10,ostilita,PRI,PCI,2,2583,0.000774293457220287,2,0,FALSE,Partito Repubblicano Italiano,Partito Comunista Italiano
10,ostilita,PRI,DC,1,1478,0.0006765899864682,2,0,FALSE,Partito Repubblicano Italiano,Democrazia Cristiana
10,ostilita,MARGH,DC,1,1478,0.0006765899864682,1,0,FALSE,La Margherita,Democrazia Cristiana
10,ostilita,PSDI,PCI,1,2583,0.000387146728610143,1,0,FALSE,Partito Socialista Democratico Italiano,Partito Comunista Italiano
11,approvazione,MSI,MSI,988,1176,0.840136054421769,1103,0,TRUE,Movimento Sociale Italiano,Movimento Sociale Italiano
11,approvazione,RC,RC,419,511,0.819960861056751,435,0,TRUE,Rifondazione Comunista,Rifondazione Comunista
11,approvazione,LEGA,LEGA,527,668,0.788922155688623,731,0,TRUE,Lega,Lega
11,approvazione,VERDI,VERDI,349,476,0.733193277310924,363,0,TRUE,Verdi,Verdi
11,approvazione,PDS,PDS,358,519,0.689788053949904,364,0,TRUE,Partito Democratico della Sinistra,Partito Democratico della Sinistra
11,approvazione,PRI,PRI,150,220,0.681818181818182,159,0,TRUE,Partito Repubblicano Italiano,Partito Repubblicano Italiano
11,approvazione,RETE,RETE,167,261,0.639846743295019,173,0,TRUE,La Rete,La Rete
11,approvazione,PSDI,PSDI,52,116,0.448275862068966,52,0,TRUE,Partito Socialista Democratico Italiano,Partito Socialista Democratico Italiano
11,approvazione,DC,DC,347,790,0.439240506329114,375,0,TRUE,Democrazia Cristiana,Democrazia Cristiana
11,approvazione,PSI,PSI,188,442,0.425339366515837,198,0,TRUE,Partito Socialista Italiano,Partito Socialista Italiano
11,approvazione,RAD,RAD,196,497,0.394366197183099,206,0,TRUE,Radicali,Radicali
11,approvazione,PLI,PLI,102,270,0.377777777777778,107,0,TRUE,Partito Liberale Italiano,Partito Liberale Italiano
11,approvazione,DC,PLI,51,270,0.188888888888889,55,0,FALSE,Democrazia Cristiana,Partito Liberale Italiano
11,approvazione,DC,PSI,76,442,0.171945701357466,85,0,FALSE,Democrazia Cristiana,Partito Socialista Italiano
11,approvazione,RC,PDS,87,519,0.167630057803468,89,0,FALSE,Rifondazione Comunista,Partito Democratico della Sinistra
11,approvazione,VERDI,RAD,64,497,0.128772635814889,66,0,FALSE,Verdi,Radicali
11,approvazione,PSI,PLI,31,270,0.114814814814815,33,0,FALSE,Partito Socialista Italiano,Partito Liberale Italiano
11,approvazione,DC,RAD,56,497,0.112676056338028,65,0,FALSE,Democrazia Cristiana,Radicali
11,approvazione,VERDI,PDS,56,519,0.107899807321773,57,0,FALSE,Verdi,Partito Democratico della Sinistra
11,approvazione,PSI,RAD,50,497,0.100603621730382,58,0,FALSE,Partito Socialista Italiano,Radicali
11,approvazione,LEGA,DC,70,790,0.0886075949367089,126,0,FALSE,Lega,Democrazia Cristiana
11,approvazione,RC,RAD,44,497,0.0885311871227364,46,0,FALSE,Rifondazione Comunista,Radicali
11,approvazione,RETE,VERDI,40,476,0.0840336134453782,43,0,FALSE,La Rete,Verdi
11,approvazione,PSI,DC,66,790,0.0835443037974684,75,0,FALSE,Partito Socialista Italiano,Democrazia Cristiana
11,approvazione,VERDI,PSI,35,442,0.0791855203619909,36,0,FALSE,Verdi,Partito Socialista Italiano
11,approvazione,RAD,VERDI,35,476,0.0735294117647059,36,0,FALSE,Radicali,Verdi
11,approvazione,RC,VERDI,35,476,0.0735294117647059,41,0,FALSE,Rifondazione Comunista,Verdi
11,approvazione,RAD,PSI,31,442,0.0701357466063348,32,0,FALSE,Radicali,Partito Socialista Italiano
11,approvazione,RC,LEGA,45,668,0.0673652694610779,54,0,FALSE,Rifondazione Comunista,Lega
11,approvazione,LEGA,RAD,32,497,0.0643863179074447,36,0,FALSE,Lega,Radicali
11,approvazione,PSDI,PSI,28,442,0.0633484162895928,30,0,FALSE,Partito Socialista Democratico Italiano,Partito Socialista Italiano
11,approvazione,PDS,VERDI,30,476,0.0630252100840336,33,0,FALSE,Partito Democratico della Sinistra,Verdi
11,approvazione,DC,PSDI,7,116,0.0603448275862069,7,0,FALSE,Democrazia Cristiana,Partito Socialista Democratico Italiano
11,approvazione,PSI,PSDI,7,116,0.0603448275862069,7,0,FALSE,Partito Socialista Italiano,Partito Socialista Democratico Italiano
11,approvazione,MSI,RAD,29,497,0.0583501006036217,35,0,FALSE,Movimento Sociale Italiano,Radicali
11,approvazione,PLI,PSI,25,442,0.0565610859728507,27,0,FALSE,Partito Liberale Italiano,Partito Socialista Italiano
11,approvazione,PLI,RAD,27,497,0.0543259557344064,29,0,FALSE,Partito Liberale Italiano,Radicali
11,approvazione,LEGA,PDS,28,519,0.0539499036608863,54,0,FALSE,Lega,Partito Democratico della Sinistra
11,approvazione,VERDI,PLI,14,270,0.0518518518518519,19,0,FALSE,Verdi,Partito Liberale Italiano
11,approvazione,PSDI,PLI,14,270,0.0518518518518519,15,0,FALSE,Partito Socialista Democratico Italiano,Partito Liberale Italiano
11,approvazione,MSI,PLI,14,270,0.0518518518518519,16,0,FALSE,Movimento Sociale Italiano,Partito Liberale Italiano
11,approvazione,MSI,PSDI,6,116,0.0517241379310345,7,0,FALSE,Movimento Sociale Italiano,Partito Socialista Democratico Italiano
11,approvazione,PDS,RC,26,511,0.050880626223092,27,0,FALSE,Partito Democratico della Sinistra,Rifondazione Comunista
11,approvazione,RAD,PDS,25,519,0.0481695568400771,26,0,FALSE,Radicali,Partito Democratico della Sinistra
11,approvazione,PSI,PDS,25,519,0.0481695568400771,26,0,FALSE,Partito Socialista Italiano,Partito Democratico della Sinistra
11,approvazione,VERDI,RC,24,511,0.0469667318982387,27,0,FALSE,Verdi,Rifondazione Comunista
11,approvazione,RETE,RAD,23,497,0.0462776659959759,23,0,FALSE,La Rete,Radicali
11,approvazione,RETE,PDS,24,519,0.046242774566474,25,0,FALSE,La Rete,Partito Democratico della Sinistra
11,approvazione,RAD,PSDI,5,116,0.0431034482758621,6,0,FALSE,Radicali,Partito Socialista Democratico Italiano
11,approvazione,PSI,VERDI,20,476,0.0420168067226891,20,0,FALSE,Partito Socialista Italiano,Verdi
11,approvazione,RAD,PLI,11,270,0.0407407407407407,12,0,FALSE,Radicali,Partito Liberale Italiano
11,approvazione,PDS,PSI,17,442,0.0384615384615385,17,0,FALSE,Partito Democratico della Sinistra,Partito Socialista Italiano
11,approvazione,PRI,RETE,10,261,0.0383141762452107,12,0,FALSE,Partito Repubblicano Italiano,La Rete
11,approvazione,LEGA,PLI,10,270,0.037037037037037,14,0,FALSE,Lega,Partito Liberale Italiano
11,approvazione,MSI,PRI,8,220,0.0363636363636364,9,0,FALSE,Movimento Sociale Italiano,Partito Repubblicano Italiano
11,approvazione,RC,PSI,16,442,0.0361990950226244,16,0,FALSE,Rifondazione Comunista,Partito Socialista Italiano
11,approvazione,PSDI,DC,28,790,0.0354430379746835,29,0,FALSE,Partito Socialista Democratico Italiano,Democrazia Cristiana
11,approvazione,RAD,RC,18,511,0.0352250489236791,19,0,FALSE,Radicali,Rifondazione Comunista
11,approvazione,MSI,RC,18,511,0.0352250489236791,20,0,FALSE,Movimento Sociale Italiano,Rifondazione Comunista
11,approvazione,DC,PDS,18,519,0.0346820809248555,21,0,FALSE,Democrazia Cristiana,Partito Democratico della Sinistra
11,approvazione,PLI,DC,27,790,0.0341772151898734,29,0,FALSE,Partito Liberale Italiano,Democrazia Cristiana
11,approvazione,MSI,DC,27,790,0.0341772151898734,29,0,FALSE,Movimento Sociale Italiano,Democrazia Cristiana
11,approvazione,DC,PRI,7,220,0.0318181818181818,7,0,FALSE,Democrazia Cristiana,Partito Repubblicano Italiano
11,approvazione,PLI,PRI,7,220,0.0318181818181818,7,0,FALSE,Partito Liberale Italiano,Partito Repubblicano Italiano
11,approvazione,LEGA,PSI,14,442,0.0316742081447964,14,0,FALSE,Lega,Partito Socialista Italiano
11,approvazione,MSI,PSI,14,442,0.0316742081447964,15,0,FALSE,Movimento Sociale Italiano,Partito Socialista Italiano
11,approvazione,LEGA,VERDI,15,476,0.0315126050420168,20,0,FALSE,Lega,Verdi
11,approvazione,RAD,RETE,8,261,0.0306513409961686,8,0,FALSE,Radicali,La Rete
11,approvazione,MSI,RETE,8,261,0.0306513409961686,9,0,FALSE,Movimento Sociale Italiano,La Rete
11,approvazione,RC,RETE,8,261,0.0306513409961686,8,0,FALSE,Rifondazione Comunista,La Rete
11,approvazione,PDS,RAD,15,497,0.0301810865191147,17,0,FALSE,Partito Democratico della Sinistra,Radicali
11,approvazione,PSDI,RAD,15,497,0.0301810865191147,19,0,FALSE,Partito Socialista Democratico Italiano,Radicali
11,approvazione,PRI,PLI,8,270,0.0296296296296296,9,0,FALSE,Partito Repubblicano Italiano,Partito Liberale Italiano
11,approvazione,RETE,RC,15,511,0.0293542074363992,15,0,FALSE,La Rete,Rifondazione Comunista
11,approvazione,VERDI,LEGA,19,668,0.0284431137724551,24,0,FALSE,Verdi,Lega
11,approvazione,VERDI,DC,22,790,0.0278481012658228,29,0,FALSE,Verdi,Democrazia Cristiana
11,approvazione,DC,VERDI,13,476,0.0273109243697479,13,0,FALSE,Democrazia Cristiana,Verdi
11,approvazione,PDS,PRI,6,220,0.0272727272727273,6,0,FALSE,Partito Democratico della Sinistra,Partito Repubblicano Italiano
11,approvazione,PSI,PRI,6,220,0.0272727272727273,6,0,FALSE,Partito Socialista Italiano,Partito Repubblicano Italiano
11,approvazione,PLI,VERDI,12,476,0.0252100840336134,13,0,FALSE,Partito Liberale Italiano,Verdi
11,approvazione,VERDI,RETE,6,261,0.0229885057471264,6,0,FALSE,Verdi,La Rete
11,approvazione,LEGA,PRI,5,220,0.0227272727272727,7,0,FALSE,Lega,Partito Repubblicano Italiano
11,approvazione,RAD,PRI,5,220,0.0227272727272727,5,0,FALSE,Radicali,Partito Repubblicano Italiano
11,approvazione,DC,LEGA,14,668,0.0209580838323353,22,0,FALSE,Democrazia Cristiana,Lega
11,approvazione,MSI,LEGA,14,668,0.0209580838323353,21,0,FALSE,Movimento Sociale Italiano,Lega
11,approvazione,PSDI,PDS,9,519,0.0173410404624277,9,0,FALSE,Partito Socialista Democratico Italiano,Partito Democratico della Sinistra
11,approvazione,PRI,PSDI,2,116,0.0172413793103448,2,0,FALSE,Partito Repubblicano Italiano,Partito Socialista Democratico Italiano
11,approvazione,VERDI,PSDI,2,116,0.0172413793103448,2,0,FALSE,Verdi,Partito Socialista Democratico Italiano
11,approvazione,MSI,VERDI,8,476,0.0168067226890756,9,0,FALSE,Movimento Sociale Italiano,Verdi
11,approvazione,RC,DC,13,790,0.0164556962025316,15,0,FALSE,Rifondazione Comunista,Democrazia Cristiana
11,approvazione,PRI,DC,13,790,0.0164556962025316,17,0,FALSE,Partito Repubblicano Italiano,Democrazia Cristiana
11,approvazione,PLI,PDS,8,519,0.0154142581888247,9,0,FALSE,Partito Liberale Italiano,Partito Democratico della Sinistra
11,approvazione,PSI,RETE,4,261,0.0153256704980843,4,0,FALSE,Partito Socialista Italiano,La Rete
11,approvazione,RAD,DC,12,790,0.0151898734177215,12,0,FALSE,Radicali,Democrazia Cristiana
11,approvazione,PRI,RAD,7,497,0.0140845070422535,7,0,FALSE,Partito Repubblicano Italiano,Radicali
11,approvazione,PDS,DC,11,790,0.0139240506329114,14,0,FALSE,Partito Democratico della Sinistra,Democrazia Cristiana
11,approvazione,DC,RC,7,511,0.0136986301369863,7,0,FALSE,Democrazia Cristiana,Rifondazione Comunista
11,approvazione,PRI,PSI,6,442,0.0135746606334842,6,0,FALSE,Partito Repubblicano Italiano,Partito Socialista Italiano
11,approvazione,RETE,PSI,6,442,0.0135746606334842,6,0,FALSE,La Rete,Partito Socialista Italiano
11,approvazione,RAD,LEGA,9,668,0.0134730538922156,11,0,FALSE,Radicali,Lega
11,approvazione,LEGA,MSI,14,1176,0.0119047619047619,17,0,FALSE,Lega,Movimento Sociale Italiano
11,approvazione,PSI,RC,6,511,0.0117416829745597,7,0,FALSE,Partito Socialista Italiano,Rifondazione Comunista
11,approvazione,LEGA,RETE,3,261,0.0114942528735632,4,0,FALSE,Lega,La Rete
11,approvazione,RC,PLI,3,270,0.0111111111111111,4,0,FALSE,Rifondazione Comunista,Partito Liberale Italiano
11,approvazione,PRI,LEGA,7,668,0.0104790419161677,7,0,FALSE,Partito Repubblicano Italiano,Lega
11,approvazione,PDS,LEGA,7,668,0.0104790419161677,7,0,FALSE,Partito Democratico della Sinistra,Lega
11,approvazione,RC,PRI,2,220,0.00909090909090909,2,0,FALSE,Rifondazione Comunista,Partito Repubblicano Italiano
11,approvazione,VERDI,PRI,2,220,0.00909090909090909,2,0,FALSE,Verdi,Partito Repubblicano Italiano
11,approvazione,PLI,LEGA,6,668,0.00898203592814371,6,0,FALSE,Partito Liberale Italiano,Lega
11,approvazione,PSI,LEGA,6,668,0.00898203592814371,10,0,FALSE,Partito Socialista Italiano,Lega
11,approvazione,PLI,PSDI,1,116,0.00862068965517241,1,0,FALSE,Partito Liberale Italiano,Partito Socialista Democratico Italiano
11,approvazione,LEGA,PSDI,1,116,0.00862068965517241,2,0,FALSE,Lega,Partito Socialista Democratico Italiano
11,approvazione,MSI,PDS,4,519,0.00770712909441233,6,0,FALSE,Movimento Sociale Italiano,Partito Democratico della Sinistra
11,approvazione,PRI,PDS,4,519,0.00770712909441233,4,0,FALSE,Partito Repubblicano Italiano,Partito Democratico della Sinistra
11,approvazione,PDS,RETE,2,261,0.00766283524904215,2,0,FALSE,Partito Democratico della Sinistra,La Rete
11,approvazione,PSI,MSI,9,1176,0.0076530612244898,9,0,FALSE,Partito Socialista Italiano,Movimento Sociale Italiano
11,approvazione,PDS,PLI,2,270,0.00740740740740741,2,0,FALSE,Partito Democratico della Sinistra,Partito Liberale Italiano
11,approvazione,PSDI,VERDI,3,476,0.00630252100840336,3,0,FALSE,Partito Socialista Democratico Italiano,Verdi
11,approvazione,RETE,LEGA,4,668,0.00598802395209581,5,0,FALSE,La Rete,Lega
11,approvazione,PLI,MSI,7,1176,0.00595238095238095,7,0,FALSE,Partito Liberale Italiano,Movimento Sociale Italiano
11,approvazione,LEGA,RC,3,511,0.00587084148727984,3,0,FALSE,Lega,Rifondazione Comunista
11,approvazione,PLI,RC,3,511,0.00587084148727984,3,0,FALSE,Partito Liberale Italiano,Rifondazione Comunista
11,approvazione,RETE,PRI,1,220,0.00454545454545455,1,0,FALSE,La Rete,Partito Repubblicano Italiano
11,approvazione,PSDI,PRI,1,220,0.00454545454545455,1,0,FALSE,Partito Socialista Democratico Italiano,Partito Repubblicano Italiano
11,approvazione,PPI,PSI,2,442,0.00452488687782806,2,0,FALSE,Partito Popolare Italiano,Partito Socialista Italiano
11,approvazione,PSDI,LEGA,3,668,0.00449101796407186,3,0,FALSE,Partito Socialista Democratico Italiano,Lega
11,approvazione,VERDI,MSI,5,1176,0.00425170068027211,5,0,FALSE,Verdi,Movimento Sociale Italiano
11,approvazione,PRI,VERDI,2,476,0.00420168067226891,3,0,FALSE,Partito Repubblicano Italiano,Verdi
11,approvazione,PRI,RC,2,511,0.00391389432485323,2,0,FALSE,Partito Repubblicano Italiano,Rifondazione Comunista
11,approvazione,DC,RETE,1,261,0.00383141762452107,1,0,FALSE,Democrazia Cristiana,La Rete
11,approvazione,PSDI,RETE,1,261,0.00383141762452107,1,0,FALSE,Partito Socialista Democratico Italiano,La Rete
11,approvazione,RETE,PLI,1,270,0.0037037037037037,1,0,FALSE,La Rete,Partito Liberale Italiano
11,approvazione,PPI,PLI,1,270,0.0037037037037037,1,0,FALSE,Partito Popolare Italiano,Partito Liberale Italiano
11,approvazione,DC,MSI,4,1176,0.00340136054421769,4,0,FALSE,Democrazia Cristiana,Movimento Sociale Italiano
11,approvazione,RAD,MSI,3,1176,0.00255102040816327,3,0,FALSE,Radicali,Movimento Sociale Italiano
11,approvazione,PSDI,MSI,3,1176,0.00255102040816327,3,0,FALSE,Partito Socialista Democratico Italiano,Movimento Sociale Italiano
11,approvazione,RC,MSI,3,1176,0.00255102040816327,3,0,FALSE,Rifondazione Comunista,Movimento Sociale Italiano
11,approvazione,RETE,DC,2,790,0.00253164556962025,2,0,FALSE,La Rete,Democrazia Cristiana
11,approvazione,PPI,RAD,1,497,0.00201207243460765,1,0,FALSE,Partito Popolare Italiano,Radicali
11,approvazione,PSDI,RC,1,511,0.00195694716242661,1,0,FALSE,Partito Socialista Democratico Italiano,Rifondazione Comunista
11,approvazione,RETE,MSI,2,1176,0.00170068027210884,2,0,FALSE,La Rete,Movimento Sociale Italiano
11,approvazione,PPI,DC,1,790,0.00126582278481013,1,0,FALSE,Partito Popolare Italiano,Democrazia Cristiana
11,approvazione,PDS,MSI,1,1176,0.000850340136054422,1,0,FALSE,Partito Democratico della Sinistra,Movimento Sociale Italiano
11,approvazione,PRI,MSI,1,1176,0.000850340136054422,1,0,FALSE,Partito Repubblicano Italiano,Movimento Sociale Italiano
11,ostilita,LEGA,PLI,38,270,0.140740740740741,54,0,FALSE,Lega,Partito Liberale Italiano
11,ostilita,MSI,PSI,34,442,0.0769230769230769,36,0,FALSE,Movimento Sociale Italiano,Partito Socialista Italiano
11,ostilita,MSI,DC,57,790,0.0721518987341772,71,0,FALSE,Movimento Sociale Italiano,Democrazia Cristiana
11,ostilita,MSI,PDS,31,519,0.0597302504816956,33,0,FALSE,Movimento Sociale Italiano,Partito Democratico della Sinistra
11,ostilita,DC,RETE,14,261,0.053639846743295,14,0,FALSE,Democrazia Cristiana,La Rete
11,ostilita,MSI,PSDI,6,116,0.0517241379310345,6,0,FALSE,Movimento Sociale Italiano,Partito Socialista Democratico Italiano
11,ostilita,PDS,RAD,23,497,0.0462776659959759,27,0,FALSE,Partito Democratico della Sinistra,Radicali
11,ostilita,MSI,VERDI,20,476,0.0420168067226891,22,0,FALSE,Movimento Sociale Italiano,Verdi
11,ostilita,LEGA,DC,33,790,0.0417721518987342,49,0,FALSE,Lega,Democrazia Cristiana
11,ostilita,RC,RAD,20,497,0.0402414486921529,23,0,FALSE,Rifondazione Comunista,Radicali
11,ostilita,LEGA,RAD,18,497,0.0362173038229376,21,0,FALSE,Lega,Radicali
11,ostilita,LEGA,RC,18,511,0.0352250489236791,26,0,FALSE,Lega,Rifondazione Comunista
11,ostilita,RC,PLI,9,270,0.0333333333333333,9,0,FALSE,Rifondazione Comunista,Partito Liberale Italiano
11,ostilita,MSI,LEGA,22,668,0.032934131736527,23,0,FALSE,Movimento Sociale Italiano,Lega
11,ostilita,RC,DC,26,790,0.0329113924050633,27,0,FALSE,Rifondazione Comunista,Democrazia Cristiana
11,ostilita,MSI,RAD,16,497,0.0321931589537223,16,0,FALSE,Movimento Sociale Italiano,Radicali
11,ostilita,DC,MSI,36,1176,0.0306122448979592,50,0,FALSE,Democrazia Cristiana,Movimento Sociale Italiano
11,ostilita,MSI,PLI,8,270,0.0296296296296296,8,0,FALSE,Movimento Sociale Italiano,Partito Liberale Italiano
11,ostilita,LEGA,MSI,34,1176,0.0289115646258503,41,0,FALSE,Lega,Movimento Sociale Italiano
11,ostilita,LEGA,PDS,15,519,0.0289017341040462,17,0,FALSE,Lega,Partito Democratico della Sinistra
11,ostilita,LEGA,PSI,12,442,0.0271493212669683,16,0,FALSE,Lega,Partito Socialista Italiano
11,ostilita,PDS,PLI,7,270,0.0259259259259259,7,0,FALSE,Partito Democratico della Sinistra,Partito Liberale Italiano
11,ostilita,MSI,MSI,30,1176,0.0255102040816327,35,0,TRUE,Movimento Sociale Italiano,Movimento Sociale Italiano
11,ostilita,LEGA,LEGA,16,668,0.0239520958083832,17,0,TRUE,Lega,Lega
11,ostilita,DC,PDS,12,519,0.023121387283237,14,0,FALSE,Democrazia Cristiana,Partito Democratico della Sinistra
11,ostilita,LEGA,PRI,5,220,0.0227272727272727,5,0,FALSE,Lega,Partito Repubblicano Italiano
11,ostilita,DC,PLI,6,270,0.0222222222222222,10,0,FALSE,Democrazia Cristiana,Partito Liberale Italiano
11,ostilita,MSI,RC,10,511,0.0195694716242661,10,0,FALSE,Movimento Sociale Italiano,Rifondazione Comunista
11,ostilita,PDS,MSI,23,1176,0.0195578231292517,32,0,FALSE,Partito Democratico della Sinistra,Movimento Sociale Italiano
11,ostilita,DC,LEGA,13,668,0.0194610778443114,15,0,FALSE,Democrazia Cristiana,Lega
11,ostilita,MSI,PRI,4,220,0.0181818181818182,4,0,FALSE,Movimento Sociale Italiano,Partito Repubblicano Italiano
11,ostilita,DC,RAD,9,497,0.0181086519114688,9,0,FALSE,Democrazia Cristiana,Radicali
11,ostilita,RC,PSI,8,442,0.0180995475113122,8,0,FALSE,Rifondazione Comunista,Partito Socialista Italiano
11,ostilita,DC,VERDI,8,476,0.0168067226890756,9,0,FALSE,Democrazia Cristiana,Verdi
11,ostilita,LEGA,RETE,4,261,0.0153256704980843,4,0,FALSE,Lega,La Rete
11,ostilita,PLI,RETE,4,261,0.0153256704980843,4,0,FALSE,Partito Liberale Italiano,La Rete
11,ostilita,PLI,PLI,4,270,0.0148148148148148,5,0,TRUE,Partito Liberale Italiano,Partito Liberale Italiano
11,ostilita,RAD,PRI,3,220,0.0136363636363636,3,0,FALSE,Radicali,Partito Repubblicano Italiano
11,ostilita,RC,PRI,3,220,0.0136363636363636,3,0,FALSE,Rifondazione Comunista,Partito Repubblicano Italiano
11,ostilita,RC,MSI,16,1176,0.0136054421768707,18,0,FALSE,Rifondazione Comunista,Movimento Sociale Italiano
11,ostilita,VERDI,PSI,6,442,0.0135746606334842,7,0,FALSE,Verdi,Partito Socialista Italiano
11,ostilita,RC,PDS,7,519,0.0134874759152216,12,0,FALSE,Rifondazione Comunista,Partito Democratico della Sinistra
11,ostilita,LEGA,VERDI,6,476,0.0126050420168067,7,0,FALSE,Lega,Verdi
11,ostilita,RC,LEGA,8,668,0.0119760479041916,8,0,FALSE,Rifondazione Comunista,Lega
11,ostilita,RAD,PDS,6,519,0.0115606936416185,6,0,FALSE,Radicali,Partito Democratico della Sinistra
11,ostilita,PSI,RETE,3,261,0.0114942528735632,3,0,FALSE,Partito Socialista Italiano,La Rete
11,ostilita,RAD,DC,9,790,0.0113924050632911,10,0,FALSE,Radicali,Democrazia Cristiana
11,ostilita,RAD,PSI,5,442,0.0113122171945701,5,0,FALSE,Radicali,Partito Socialista Italiano
11,ostilita,RAD,PLI,3,270,0.0111111111111111,4,0,FALSE,Radicali,Partito Liberale Italiano
11,ostilita,VERDI,PLI,3,270,0.0111111111111111,3,0,FALSE,Verdi,Partito Liberale Italiano
11,ostilita,VERDI,DC,8,790,0.010126582278481,12,0,FALSE,Verdi,Democrazia Cristiana
11,ostilita,PDS,DC,8,790,0.010126582278481,8,0,FALSE,Partito Democratico della Sinistra,Democrazia Cristiana
11,ostilita,DC,RC,5,511,0.00978473581213307,7,0,FALSE,Democrazia Cristiana,Rifondazione Comunista
11,ostilita,RC,RC,5,511,0.00978473581213307,5,0,TRUE,Rifondazione Comunista,Rifondazione Comunista
11,ostilita,PDS,PDS,5,519,0.00963391136801541,6,0,TRUE,Partito Democratico della Sinistra,Partito Democratico della Sinistra
11,ostilita,DC,PRI,2,220,0.00909090909090909,2,0,FALSE,Democrazia Cristiana,Partito Repubblicano Italiano
11,ostilita,DC,PSI,4,442,0.00904977375565611,4,0,FALSE,Democrazia Cristiana,Partito Socialista Italiano
11,ostilita,DC,DC,7,790,0.00886075949367089,7,0,TRUE,Democrazia Cristiana,Democrazia Cristiana
11,ostilita,RETE,PSDI,1,116,0.00862068965517241,1,0,FALSE,La Rete,Partito Socialista Democratico Italiano
11,ostilita,DC,PSDI,1,116,0.00862068965517241,2,0,FALSE,Democrazia Cristiana,Partito Socialista Democratico Italiano
11,ostilita,LEGA,PSDI,1,116,0.00862068965517241,1,0,FALSE,Lega,Partito Socialista Democratico Italiano
11,ostilita,RC,VERDI,4,476,0.00840336134453782,4,0,FALSE,Rifondazione Comunista,Verdi
11,ostilita,RAD,RAD,4,497,0.00804828973843059,4,0,TRUE,Radicali,Radicali
11,ostilita,VERDI,PDS,4,519,0.00770712909441233,6,0,FALSE,Verdi,Partito Democratico della Sinistra
11,ostilita,MSI,RETE,2,261,0.00766283524904215,2,0,FALSE,Movimento Sociale Italiano,La Rete
11,ostilita,RETE,PLI,2,270,0.00740740740740741,3,0,FALSE,La Rete,Partito Liberale Italiano
11,ostilita,VERDI,VERDI,3,476,0.00630252100840336,3,0,TRUE,Verdi,Verdi
11,ostilita,PDS,LEGA,4,668,0.00598802395209581,5,0,FALSE,Partito Democratico della Sinistra,Lega
11,ostilita,PLI,PDS,3,519,0.00578034682080925,3,0,FALSE,Partito Liberale Italiano,Partito Democratico della Sinistra
11,ostilita,VERDI,PRI,1,220,0.00454545454545455,1,0,FALSE,Verdi,Partito Repubblicano Italiano
11,ostilita,PLI,PRI,1,220,0.00454545454545455,1,0,FALSE,Partito Liberale Italiano,Partito Repubblicano Italiano
11,ostilita,PRI,PSI,2,442,0.00452488687782806,2,0,FALSE,Partito Repubblicano Italiano,Partito Socialista Italiano
11,ostilita,RAD,VERDI,2,476,0.00420168067226891,2,0,FALSE,Radicali,Verdi
11,ostilita,RETE,RAD,2,497,0.00402414486921529,2,0,FALSE,La Rete,Radicali
11,ostilita,PDS,RC,2,511,0.00391389432485323,2,0,FALSE,Partito Democratico della Sinistra,Rifondazione Comunista
11,ostilita,PLI,RC,2,511,0.00391389432485323,2,0,FALSE,Partito Liberale Italiano,Rifondazione Comunista
11,ostilita,PSI,PDS,2,519,0.00385356454720617,2,0,FALSE,Partito Socialista Italiano,Partito Democratico della Sinistra
11,ostilita,VERDI,RETE,1,261,0.00383141762452107,1,0,FALSE,Verdi,La Rete
11,ostilita,RAD,RETE,1,261,0.00383141762452107,1,0,FALSE,Radicali,La Rete
11,ostilita,RETE,DC,3,790,0.00379746835443038,3,0,FALSE,La Rete,Democrazia Cristiana
11,ostilita,PSI,PLI,1,270,0.0037037037037037,1,0,FALSE,Partito Socialista Italiano,Partito Liberale Italiano
11,ostilita,PSI,MSI,4,1176,0.00340136054421769,4,0,FALSE,Partito Socialista Italiano,Movimento Sociale Italiano
11,ostilita,PSI,LEGA,2,668,0.0029940119760479,3,0,FALSE,Partito Socialista Italiano,Lega
11,ostilita,RAD,MSI,3,1176,0.00255102040816327,4,0,FALSE,Radicali,Movimento Sociale Italiano
11,ostilita,PRI,DC,2,790,0.00253164556962025,2,0,FALSE,Partito Repubblicano Italiano,Democrazia Cristiana
11,ostilita,PSI,DC,2,790,0.00253164556962025,12,0,FALSE,Partito Socialista Italiano,Democrazia Cristiana
11,ostilita,RETE,PSI,1,442,0.00226244343891403,1,0,FALSE,La Rete,Partito Socialista Italiano
11,ostilita,PLI,PSI,1,442,0.00226244343891403,1,0,FALSE,Partito Liberale Italiano,Partito Socialista Italiano
11,ostilita,PSI,PSI,1,442,0.00226244343891403,1,0,TRUE,Partito Socialista Italiano,Partito Socialista Italiano
11,ostilita,PDS,PSI,1,442,0.00226244343891403,1,0,FALSE,Partito Democratico della Sinistra,Partito Socialista Italiano
11,ostilita,PSI,VERDI,1,476,0.00210084033613445,1,0,FALSE,Partito Socialista Italiano,Verdi
11,ostilita,PDS,VERDI,1,476,0.00210084033613445,1,0,FALSE,Partito Democratico della Sinistra,Verdi
11,ostilita,VERDI,RAD,1,497,0.00201207243460765,1,0,FALSE,Verdi,Radicali
11,ostilita,PLI,RAD,1,497,0.00201207243460765,1,0,FALSE,Partito Liberale Italiano,Radicali
11,ostilita,PRI,RC,1,511,0.00195694716242661,1,0,FALSE,Partito Repubblicano Italiano,Rifondazione Comunista
11,ostilita,VERDI,MSI,2,1176,0.00170068027210884,3,0,FALSE,Verdi,Movimento Sociale Italiano
11,ostilita,RAD,LEGA,1,668,0.00149700598802395,1,0,FALSE,Radicali,Lega
11,ostilita,PLI,LEGA,1,668,0.00149700598802395,1,0,FALSE,Partito Liberale Italiano,Lega
11,ostilita,PSDI,DC,1,790,0.00126582278481013,1,0,FALSE,Partito Socialista Democratico Italiano,Democrazia Cristiana
11,ostilita,PLI,MSI,1,1176,0.000850340136054422,1,0,FALSE,Partito Liberale Italiano,Movimento Sociale Italiano
11,ostilita,RETE,MSI,1,1176,0.000850340136054422,1,0,FALSE,La Rete,Movimento Sociale Italiano
12,approvazione,AN,AN,704,903,0.779623477297896,965,0,TRUE,Alleanza Nazionale,Alleanza Nazionale
12,approvazione,RC,RC,567,739,0.767253044654939,637,0,TRUE,Rifondazione Comunista,Rifondazione Comunista
12,approvazione,UDC,UDC,35,48,0.729166666666667,35,0,TRUE,UDC (CCD-CDU),UDC (CCD-CDU)
12,approvazione,PPI,PPI,194,269,0.721189591078067,211,0,TRUE,Partito Popolare Italiano,Partito Popolare Italiano
12,approvazione,AN,MSI,10,15,0.666666666666667,11,0,FALSE,Alleanza Nazionale,Movimento Sociale Italiano
12,approvazione,PROGR,PROGR,499,764,0.653141361256545,549,0,TRUE,Progressisti,Progressisti
12,approvazione,LEGA,LEGA,260,409,0.635696821515893,391,0,TRUE,Lega,Lega
12,approvazione,FI,FI,570,908,0.627753303964758,779,0,TRUE,Forza Italia / Popolo della Libertà,Forza Italia / Popolo della Libertà
12,approvazione,PROGR,PPI,120,269,0.446096654275093,135,0,FALSE,Progressisti,Partito Popolare Italiano
12,approvazione,AN,FI,388,908,0.427312775330396,560,0,FALSE,Alleanza Nazionale,Forza Italia / Popolo della Libertà
12,approvazione,FI,DC,7,20,0.35,7,0,FALSE,Forza Italia / Popolo della Libertà,Democrazia Cristiana
12,approvazione,FI,AN,305,903,0.337763012181617,467,0,FALSE,Forza Italia / Popolo della Libertà,Alleanza Nazionale
12,approvazione,AN,UDC,16,48,0.333333333333333,19,0,FALSE,Alleanza Nazionale,UDC (CCD-CDU)
12,approvazione,AN,DC,6,20,0.3,6,0,FALSE,Alleanza Nazionale,Democrazia Cristiana
12,approvazione,FI,UDC,14,48,0.291666666666667,15,0,FALSE,Forza Italia / Popolo della Libertà,UDC (CCD-CDU)
12,approvazione,PROGR,RC,208,739,0.281461434370771,230,0,FALSE,Progressisti,Rifondazione Comunista
12,approvazione,RC,PROGR,206,764,0.269633507853403,229,0,FALSE,Rifondazione Comunista,Progressisti
12,approvazione,UDC,FI,209,908,0.230176211453745,309,0,FALSE,UDC (CCD-CDU),Forza Italia / Popolo della Libertà
12,approvazione,RC,PPI,56,269,0.20817843866171,66,0,FALSE,Rifondazione Comunista,Partito Popolare Italiano
12,approvazione,FI,MSI,3,15,0.2,3,0,FALSE,Forza Italia / Popolo della Libertà,Movimento Sociale Italiano
12,approvazione,PROGR,LEGA,73,409,0.178484107579462,117,0,FALSE,Progressisti,Lega
12,approvazione,PPI,PROGR,130,764,0.170157068062827,148,0,FALSE,Partito Popolare Italiano,Progressisti
12,approvazione,LEGA,MSI,2,15,0.133333333333333,2,0,FALSE,Lega,Movimento Sociale Italiano
12,approvazione,UDC,MSI,2,15,0.133333333333333,2,0,FALSE,UDC (CCD-CDU),Movimento Sociale Italiano
12,approvazione,PPI,LEGA,54,409,0.132029339853301,80,0,FALSE,Partito Popolare Italiano,Lega
12,approvazione,FI,LEGA,40,409,0.097799511002445,48,0,FALSE,Forza Italia / Popolo della Libertà,Lega
12,approvazione,LEGA,PPI,26,269,0.0966542750929368,34,0,FALSE,Lega,Partito Popolare Italiano
12,approvazione,UDC,AN,80,903,0.08859357696567,135,0,FALSE,UDC (CCD-CDU),Alleanza Nazionale
12,approvazione,AN,LEGA,33,409,0.0806845965770171,43,0,FALSE,Alleanza Nazionale,Lega
12,approvazione,RC,LEGA,32,409,0.078239608801956,39,0,FALSE,Rifondazione Comunista,Lega
12,approvazione,LEGA,PROGR,55,764,0.0719895287958115,63,0,FALSE,Lega,Progressisti
12,approvazione,MSI,MSI,1,15,0.0666666666666667,1,0,TRUE,Movimento Sociale Italiano,Movimento Sociale Italiano
12,approvazione,MSI,AN,58,903,0.0642303433001107,69,0,FALSE,Movimento Sociale Italiano,Alleanza Nazionale
12,approvazione,LEGA,FI,57,908,0.0627753303964758,69,0,FALSE,Lega,Forza Italia / Popolo della Libertà
12,approvazione,UDC,DC,1,20,0.05,1,0,FALSE,UDC (CCD-CDU),Democrazia Cristiana
12,approvazione,PPI,RC,34,739,0.0460081190798376,41,0,FALSE,Partito Popolare Italiano,Rifondazione Comunista
12,approvazione,AN,RC,34,739,0.0460081190798376,39,0,FALSE,Alleanza Nazionale,Rifondazione Comunista
12,approvazione,UDC,LEGA,16,409,0.039119804400978,19,0,FALSE,UDC (CCD-CDU),Lega
12,approvazione,FI,RC,25,739,0.03382949932341,40,0,FALSE,Forza Italia / Popolo della Libertà,Rifondazione Comunista
12,approvazione,LEGA,AN,30,903,0.0332225913621263,42,0,FALSE,Lega,Alleanza Nazionale
12,approvazione,AN,PPI,8,269,0.0297397769516729,10,0,FALSE,Alleanza Nazionale,Partito Popolare Italiano
12,approvazione,UDC,PPI,8,269,0.0297397769516729,10,0,FALSE,UDC (CCD-CDU),Partito Popolare Italiano
12,approvazione,FI,PPI,7,269,0.0260223048327138,9,0,FALSE,Forza Italia / Popolo della Libertà,Partito Popolare Italiano
12,approvazione,PROGR,FI,21,908,0.0231277533039648,25,0,FALSE,Progressisti,Forza Italia / Popolo della Libertà
12,approvazione,LEGA,RC,16,739,0.0216508795669824,20,0,FALSE,Lega,Rifondazione Comunista
12,approvazione,POLO,UDC,1,48,0.0208333333333333,1,0,FALSE,Polo delle Libertà / del Buon Governo,UDC (CCD-CDU)
12,approvazione,PROGR,UDC,1,48,0.0208333333333333,1,0,FALSE,Progressisti,UDC (CCD-CDU)
12,approvazione,PPI,UDC,1,48,0.0208333333333333,1,0,FALSE,Partito Popolare Italiano,UDC (CCD-CDU)
12,approvazione,FI,PROGR,13,764,0.0170157068062827,14,0,FALSE,Forza Italia / Popolo della Libertà,Progressisti
12,approvazione,MSI,FI,13,908,0.0143171806167401,14,0,FALSE,Movimento Sociale Italiano,Forza Italia / Popolo della Libertà
12,approvazione,PPI,FI,12,908,0.013215859030837,16,0,FALSE,Partito Popolare Italiano,Forza Italia / Popolo della Libertà
12,approvazione,RC,FI,11,908,0.0121145374449339,13,0,FALSE,Rifondazione Comunista,Forza Italia / Popolo della Libertà
12,approvazione,AN,PROGR,9,764,0.0117801047120419,11,0,FALSE,Alleanza Nazionale,Progressisti
12,approvazione,PROGR,AN,10,903,0.0110741971207087,10,0,FALSE,Progressisti,Alleanza Nazionale
12,approvazione,MSI,LEGA,4,409,0.0097799511002445,4,0,FALSE,Movimento Sociale Italiano,Lega
12,approvazione,MSI,PPI,2,269,0.00743494423791822,2,0,FALSE,Movimento Sociale Italiano,Partito Popolare Italiano
12,approvazione,RC,AN,6,903,0.00664451827242525,6,0,FALSE,Rifondazione Comunista,Alleanza Nazionale
12,approvazione,PPI,AN,6,903,0.00664451827242525,6,0,FALSE,Partito Popolare Italiano,Alleanza Nazionale
12,approvazione,POLO,FI,4,908,0.00440528634361234,4,0,FALSE,Polo delle Libertà / del Buon Governo,Forza Italia / Popolo della Libertà
12,approvazione,DEM,PROGR,3,764,0.00392670157068063,3,0,FALSE,I Democratici,Progressisti
12,approvazione,POLO,PPI,1,269,0.00371747211895911,1,0,FALSE,Polo delle Libertà / del Buon Governo,Partito Popolare Italiano
12,approvazione,POLO,AN,3,903,0.00332225913621262,3,0,FALSE,Polo delle Libertà / del Buon Governo,Alleanza Nazionale
12,approvazione,UDC,RC,2,739,0.0027063599458728,3,0,FALSE,UDC (CCD-CDU),Rifondazione Comunista
12,approvazione,UDC,PROGR,2,764,0.00261780104712042,3,0,FALSE,UDC (CCD-CDU),Progressisti
12,approvazione,MISTO,LEGA,1,409,0.00244498777506113,1,0,FALSE,Gruppo misto,Lega
12,approvazione,POLO,RC,1,739,0.0013531799729364,1,0,FALSE,Polo delle Libertà / del Buon Governo,Rifondazione Comunista
12,approvazione,MISTO,PROGR,1,764,0.00130890052356021,1,0,FALSE,Gruppo misto,Progressisti
12,approvazione,POLO,PROGR,1,764,0.00130890052356021,1,0,FALSE,Polo delle Libertà / del Buon Governo,Progressisti
12,approvazione,DC,FI,1,908,0.00110132158590308,1,0,FALSE,Democrazia Cristiana,Forza Italia / Popolo della Libertà
12,ostilita,PROGR,MSI,5,15,0.333333333333333,6,0,FALSE,Progressisti,Movimento Sociale Italiano
12,ostilita,FI,PRI,1,3,0.333333333333333,1,0,FALSE,Forza Italia / Popolo della Libertà,Partito Repubblicano Italiano
12,ostilita,PROGR,DC,5,20,0.25,5,0,FALSE,Progressisti,Democrazia Cristiana
12,ostilita,RC,MSI,3,15,0.2,3,0,FALSE,Rifondazione Comunista,Movimento Sociale Italiano
12,ostilita,AN,LEGA,74,409,0.180929095354523,145,0,FALSE,Alleanza Nazionale,Lega
12,ostilita,AN,PROGR,126,764,0.164921465968586,143,0,FALSE,Alleanza Nazionale,Progressisti
12,ostilita,AN,PPI,36,269,0.133828996282528,46,0,FALSE,Alleanza Nazionale,Partito Popolare Italiano
12,ostilita,PROGR,FI,118,908,0.129955947136564,144,0,FALSE,Progressisti,Forza Italia / Popolo della Libertà
12,ostilita,FI,LEGA,51,409,0.124694376528117,84,0,FALSE,Forza Italia / Popolo della Libertà,Lega
12,ostilita,FI,PROGR,92,764,0.120418848167539,109,0,FALSE,Forza Italia / Popolo della Libertà,Progressisti
12,ostilita,RC,DC,2,20,0.1,2,0,FALSE,Rifondazione Comunista,Democrazia Cristiana
12,ostilita,AN,RC,50,739,0.06765899864682,60,0,FALSE,Alleanza Nazionale,Rifondazione Comunista
12,ostilita,FI,PPI,18,269,0.0669144981412639,21,0,FALSE,Forza Italia / Popolo della Libertà,Partito Popolare Italiano
12,ostilita,LEGA,FI,58,908,0.0638766519823789,62,0,FALSE,Lega,Forza Italia / Popolo della Libertà
12,ostilita,RC,FI,49,908,0.0539647577092511,63,0,FALSE,Rifondazione Comunista,Forza Italia / Popolo della Libertà
12,ostilita,LEGA,DC,1,20,0.05,2,0,FALSE,Lega,Democrazia Cristiana
12,ostilita,PROGR,AN,41,903,0.0454042081949059,50,0,FALSE,Progressisti,Alleanza Nazionale
12,ostilita,LEGA,AN,37,903,0.0409745293466224,46,0,FALSE,Lega,Alleanza Nazionale
12,ostilita,FI,RC,23,739,0.0311231393775372,26,0,FALSE,Forza Italia / Popolo della Libertà,Rifondazione Comunista
12,ostilita,RC,AN,28,903,0.0310077519379845,31,0,FALSE,Rifondazione Comunista,Alleanza Nazionale
12,ostilita,LEGA,LEGA,11,409,0.0268948655256724,11,0,TRUE,Lega,Lega
12,ostilita,AN,FI,20,908,0.0220264317180617,22,0,FALSE,Alleanza Nazionale,Forza Italia / Popolo della Libertà
12,ostilita,POLO,LEGA,9,409,0.0220048899755501,9,0,FALSE,Polo delle Libertà / del Buon Governo,Lega
12,ostilita,PPI,FI,19,908,0.0209251101321586,19,0,FALSE,Partito Popolare Italiano,Forza Italia / Popolo della Libertà
12,ostilita,LEGA,UDC,1,48,0.0208333333333333,1,0,FALSE,Lega,UDC (CCD-CDU)
12,ostilita,AN,AN,17,903,0.0188261351052049,18,0,TRUE,Alleanza Nazionale,Alleanza Nazionale
12,ostilita,POLO,AN,17,903,0.0188261351052049,19,0,FALSE,Polo delle Libertà / del Buon Governo,Alleanza Nazionale
12,ostilita,UDC,LEGA,7,409,0.0171149144254279,9,0,FALSE,UDC (CCD-CDU),Lega
12,ostilita,MSI,PROGR,13,764,0.0170157068062827,14,0,FALSE,Movimento Sociale Italiano,Progressisti
12,ostilita,POLO,FI,14,908,0.0154185022026432,15,0,FALSE,Polo delle Libertà / del Buon Governo,Forza Italia / Popolo della Libertà
12,ostilita,MSI,PPI,4,269,0.0148698884758364,4,0,FALSE,Movimento Sociale Italiano,Partito Popolare Italiano
12,ostilita,PROGR,LEGA,6,409,0.0146699266503667,7,0,FALSE,Progressisti,Lega
12,ostilita,FI,FI,13,908,0.0143171806167401,15,0,TRUE,Forza Italia / Popolo della Libertà,Forza Italia / Popolo della Libertà
12,ostilita,UDC,PROGR,10,764,0.0130890052356021,10,0,FALSE,UDC (CCD-CDU),Progressisti
12,ostilita,RC,LEGA,5,409,0.0122249388753056,5,0,FALSE,Rifondazione Comunista,Lega
12,ostilita,FI,AN,11,903,0.0121816168327796,12,0,FALSE,Forza Italia / Popolo della Libertà,Alleanza Nazionale
12,ostilita,PROGR,PROGR,9,764,0.0117801047120419,9,0,TRUE,Progressisti,Progressisti
12,ostilita,LEGA,PROGR,9,764,0.0117801047120419,12,0,FALSE,Lega,Progressisti
12,ostilita,LEGA,RC,8,739,0.0108254397834912,9,0,FALSE,Lega,Rifondazione Comunista
12,ostilita,MSI,RC,8,739,0.0108254397834912,9,0,FALSE,Movimento Sociale Italiano,Rifondazione Comunista
12,ostilita,RC,RC,8,739,0.0108254397834912,8,0,TRUE,Rifondazione Comunista,Rifondazione Comunista
12,ostilita,POLO,PROGR,8,764,0.0104712041884817,10,0,FALSE,Polo delle Libertà / del Buon Governo,Progressisti
12,ostilita,PPI,AN,7,903,0.00775193798449612,7,0,FALSE,Partito Popolare Italiano,Alleanza Nazionale
12,ostilita,LEGA,PPI,2,269,0.00743494423791822,2,0,FALSE,Lega,Partito Popolare Italiano
12,ostilita,UDC,PPI,2,269,0.00743494423791822,2,0,FALSE,UDC (CCD-CDU),Partito Popolare Italiano
12,ostilita,RC,PROGR,5,764,0.00654450261780105,5,0,FALSE,Rifondazione Comunista,Progressisti
12,ostilita,UDC,RC,4,739,0.0054127198917456,4,0,FALSE,UDC (CCD-CDU),Rifondazione Comunista
12,ostilita,POLO,RC,4,739,0.0054127198917456,4,0,FALSE,Polo delle Libertà / del Buon Governo,Rifondazione Comunista
12,ostilita,PPI,LEGA,2,409,0.00488997555012225,2,0,FALSE,Partito Popolare Italiano,Lega
12,ostilita,MSI,LEGA,2,409,0.00488997555012225,2,0,FALSE,Movimento Sociale Italiano,Lega
12,ostilita,PROGR,RC,3,739,0.0040595399188092,3,0,FALSE,Progressisti,Rifondazione Comunista
12,ostilita,PPI,PPI,1,269,0.00371747211895911,1,0,TRUE,Partito Popolare Italiano,Partito Popolare Italiano
12,ostilita,RC,PPI,1,269,0.00371747211895911,1,0,FALSE,Rifondazione Comunista,Partito Popolare Italiano
12,ostilita,MSI,AN,3,903,0.00332225913621262,3,0,FALSE,Movimento Sociale Italiano,Alleanza Nazionale
12,ostilita,UDC,AN,1,903,0.00110741971207087,1,0,FALSE,UDC (CCD-CDU),Alleanza Nazionale
12,ostilita,MSI,FI,1,908,0.00110132158590308,1,0,FALSE,Movimento Sociale Italiano,Forza Italia / Popolo della Libertà
13,approvazione,AN,AN,2617,3179,0.823214847436301,2996,0,TRUE,Alleanza Nazionale,Alleanza Nazionale
13,approvazione,LEGA,LEGA,2505,3079,0.813575836310491,3208,0,TRUE,Lega,Lega
13,approvazione,FI,FI,2619,3428,0.764002333722287,3252,0,TRUE,Forza Italia / Popolo della Libertà,Forza Italia / Popolo della Libertà
13,approvazione,SDI,SDI,11,15,0.733333333333333,11,0,TRUE,Socialisti Democratici Italiani,Socialisti Democratici Italiani
13,approvazione,PPI,PPI,735,1093,0.672461116193962,819,0,TRUE,Partito Popolare Italiano,Partito Popolare Italiano
13,approvazione,RC,RC,711,1142,0.622591943957969,768,0,TRUE,Rifondazione Comunista,Rifondazione Comunista
13,approvazione,UDC,UDC,801,1317,0.608200455580866,884,0,TRUE,UDC (CCD-CDU),UDC (CCD-CDU)
13,approvazione,DS,DS,1117,1882,0.593517534537726,1222,0,TRUE,Democratici di Sinistra,Democratici di Sinistra
13,approvazione,VERDI,VERDI,302,577,0.523396880415945,313,0,TRUE,Verdi,Verdi
13,approvazione,PSI,PSI,6,12,0.5,6,0,TRUE,Partito Socialista Italiano,Partito Socialista Italiano
13,approvazione,DS,GOVERNO,40,82,0.487804878048781,42,0,FALSE,Democratici di Sinistra,Governo
13,approvazione,PPI,GOVERNO,40,82,0.487804878048781,43,0,FALSE,Partito Popolare Italiano,Governo
13,approvazione,PDCI,PDCI,41,85,0.482352941176471,41,0,TRUE,Comunisti Italiani,Comunisti Italiani
13,approvazione,PPI,MARGH,7,15,0.466666666666667,7,0,FALSE,Partito Popolare Italiano,La Margherita
13,approvazione,AN,FI,1434,3428,0.418319719953326,1861,0,FALSE,Alleanza Nazionale,Forza Italia / Popolo della Libertà
13,approvazione,SDI,PSI,4,12,0.333333333333333,4,0,FALSE,Socialisti Democratici Italiani,Partito Socialista Italiano
13,approvazione,FI,UDC,396,1317,0.300683371298405,461,0,FALSE,Forza Italia / Popolo della Libertà,UDC (CCD-CDU)
13,approvazione,FI,AN,903,3179,0.284051588549858,1086,0,FALSE,Forza Italia / Popolo della Libertà,Alleanza Nazionale
13,approvazione,DS,MARGH,4,15,0.266666666666667,4,0,FALSE,Democratici di Sinistra,La Margherita
13,approvazione,DS,PPI,274,1093,0.250686184812443,333,0,FALSE,Democratici di Sinistra,Partito Popolare Italiano
13,approvazione,AN,UDC,313,1317,0.237661351556568,368,0,FALSE,Alleanza Nazionale,UDC (CCD-CDU)
13,approvazione,PPI,DS,438,1882,0.232731137088204,485,0,FALSE,Partito Popolare Italiano,Democratici di Sinistra
13,approvazione,RC,PDCI,18,85,0.211764705882353,18,0,FALSE,Rifondazione Comunista,Comunisti Italiani
13,approvazione,RC,MARGH,3,15,0.2,3,0,FALSE,Rifondazione Comunista,La Margherita
13,approvazione,RC,GOVERNO,16,82,0.195121951219512,17,0,FALSE,Rifondazione Comunista,Governo
13,approvazione,VERDI,GOVERNO,15,82,0.182926829268293,16,0,FALSE,Verdi,Governo
13,approvazione,FI,IDV,6,33,0.181818181818182,6,0,FALSE,Forza Italia / Popolo della Libertà,Italia dei Valori
13,approvazione,DS,PDCI,15,85,0.176470588235294,15,0,FALSE,Democratici di Sinistra,Comunisti Italiani
13,approvazione,PRI,PRI,24,146,0.164383561643836,26,0,TRUE,Partito Repubblicano Italiano,Partito Repubblicano Italiano
13,approvazione,DS,IDV,5,33,0.151515151515152,5,0,FALSE,Democratici di Sinistra,Italia dei Valori
13,approvazione,IDV,IDV,5,33,0.151515151515152,5,0,TRUE,Italia dei Valori,Italia dei Valori
13,approvazione,DEM,IDV,5,33,0.151515151515152,5,0,FALSE,I Democratici,Italia dei Valori
13,approvazione,DS,VERDI,87,577,0.150779896013865,98,0,FALSE,Democratici di Sinistra,Verdi
13,approvazione,FI,PRI,22,146,0.150684931506849,31,0,FALSE,Forza Italia / Popolo della Libertà,Partito Repubblicano Italiano
13,approvazione,RC,PRI,22,146,0.150684931506849,29,0,FALSE,Rifondazione Comunista,Partito Repubblicano Italiano
13,approvazione,PDCI,RC,158,1142,0.138353765323993,162,0,FALSE,Comunisti Italiani,Rifondazione Comunista
13,approvazione,DS,RC,157,1142,0.137478108581436,167,0,FALSE,Democratici di Sinistra,Rifondazione Comunista
13,approvazione,UDC,MARGH,2,15,0.133333333333333,2,0,FALSE,UDC (CCD-CDU),La Margherita
13,approvazione,PSI,SDI,2,15,0.133333333333333,2,0,FALSE,Partito Socialista Italiano,Socialisti Democratici Italiani
13,approvazione,DS,PRI,19,146,0.13013698630137,23,0,FALSE,Democratici di Sinistra,Partito Repubblicano Italiano
13,approvazione,UDC,FI,408,3428,0.11901983663944,543,0,FALSE,UDC (CCD-CDU),Forza Italia / Popolo della Libertà
13,approvazione,PPI,PRI,17,146,0.116438356164384,20,0,FALSE,Partito Popolare Italiano,Partito Repubblicano Italiano
13,approvazione,AN,PRI,16,146,0.10958904109589,22,0,FALSE,Alleanza Nazionale,Partito Repubblicano Italiano
13,approvazione,PPI,PDCI,9,85,0.105882352941176,9,0,FALSE,Partito Popolare Italiano,Comunisti Italiani
13,approvazione,DEM,DEM,29,274,0.105839416058394,29,0,TRUE,I Democratici,I Democratici
13,approvazione,PPI,VERDI,61,577,0.105719237435009,72,0,FALSE,Partito Popolare Italiano,Verdi
13,approvazione,DS,DEM,27,274,0.0985401459854015,28,0,FALSE,Democratici di Sinistra,I Democratici
13,approvazione,PPI,DEM,26,274,0.0948905109489051,27,0,FALSE,Partito Popolare Italiano,I Democratici
13,approvazione,AN,LEGA,286,3079,0.0928873010717765,358,0,FALSE,Alleanza Nazionale,Lega
13,approvazione,LEGA,FI,316,3428,0.0921820303383897,399,0,FALSE,Lega,Forza Italia / Popolo della Libertà
13,approvazione,RC,DS,165,1882,0.087672688629118,191,0,FALSE,Rifondazione Comunista,Democratici di Sinistra
13,approvazione,FI,LEGA,259,3079,0.0841182202013641,325,0,FALSE,Forza Italia / Popolo della Libertà,Lega
13,approvazione,RC,PSI,1,12,0.0833333333333333,1,0,FALSE,Rifondazione Comunista,Partito Socialista Italiano
13,approvazione,LEGA,PRI,12,146,0.0821917808219178,17,0,FALSE,Lega,Partito Repubblicano Italiano
13,approvazione,PDCI,DS,153,1882,0.0812964930924548,177,0,FALSE,Comunisti Italiani,Democratici di Sinistra
13,approvazione,PPI,RC,80,1142,0.0700525394045534,87,0,FALSE,Partito Popolare Italiano,Rifondazione Comunista
13,approvazione,IDV,DEM,19,274,0.0693430656934307,19,0,FALSE,Italia dei Valori,I Democratici
13,approvazione,AN,MARGH,1,15,0.0666666666666667,1,0,FALSE,Alleanza Nazionale,La Margherita
13,approvazione,FI,MARGH,1,15,0.0666666666666667,1,0,FALSE,Forza Italia / Popolo della Libertà,La Margherita
13,approvazione,POLO,MARGH,1,15,0.0666666666666667,1,0,FALSE,Polo delle Libertà / del Buon Governo,La Margherita
13,approvazione,SDI,MARGH,1,15,0.0666666666666667,1,0,FALSE,Socialisti Democratici Italiani,La Margherita
13,approvazione,VERDI,MARGH,1,15,0.0666666666666667,1,0,FALSE,Verdi,La Margherita
13,approvazione,PPI,SDI,1,15,0.0666666666666667,1,0,FALSE,Partito Popolare Italiano,Socialisti Democratici Italiani
13,approvazione,FI,SDI,1,15,0.0666666666666667,1,0,FALSE,Forza Italia / Popolo della Libertà,Socialisti Democratici Italiani
13,approvazione,PRI,SDI,1,15,0.0666666666666667,1,0,FALSE,Partito Repubblicano Italiano,Socialisti Democratici Italiani
13,approvazione,PSI,GOVERNO,5,82,0.0609756097560976,5,0,FALSE,Partito Socialista Italiano,Governo
13,approvazione,UDC,AN,193,3179,0.0607109153821957,257,0,FALSE,UDC (CCD-CDU),Alleanza Nazionale
13,approvazione,RC,IDV,2,33,0.0606060606060606,2,0,FALSE,Rifondazione Comunista,Italia dei Valori
13,approvazione,AN,IDV,2,33,0.0606060606060606,2,0,FALSE,Alleanza Nazionale,Italia dei Valori
13,approvazione,LEGA,IDV,2,33,0.0606060606060606,3,0,FALSE,Lega,Italia dei Valori
13,approvazione,VERDI,DS,109,1882,0.0579171094580234,124,0,FALSE,Verdi,Democratici di Sinistra
13,approvazione,LEGA,AN,183,3179,0.0575652720981441,221,0,FALSE,Lega,Alleanza Nazionale
13,approvazione,RC,PPI,60,1093,0.0548947849954254,66,0,FALSE,Rifondazione Comunista,Partito Popolare Italiano
13,approvazione,PDCI,PRI,8,146,0.0547945205479452,10,0,FALSE,Comunisti Italiani,Partito Repubblicano Italiano
13,approvazione,RC,VERDI,30,577,0.0519930675909879,36,0,FALSE,Rifondazione Comunista,Verdi
13,approvazione,LEGA,RC,58,1142,0.0507880910683012,69,0,FALSE,Lega,Rifondazione Comunista
13,approvazione,FI,RC,56,1142,0.0490367775831874,73,0,FALSE,Forza Italia / Popolo della Libertà,Rifondazione Comunista
13,approvazione,UDC,PRI,7,146,0.0479452054794521,8,0,FALSE,UDC (CCD-CDU),Partito Repubblicano Italiano
13,approvazione,VERDI,PDCI,4,85,0.0470588235294118,4,0,FALSE,Verdi,Comunisti Italiani
13,approvazione,AN,RC,48,1142,0.042031523642732,63,0,FALSE,Alleanza Nazionale,Rifondazione Comunista
13,approvazione,LEGA,UDC,54,1317,0.041002277904328,65,0,FALSE,Lega,UDC (CCD-CDU)
13,approvazione,MISTO,DEM,11,274,0.0401459854014599,11,0,FALSE,Gruppo misto,I Democratici
13,approvazione,PPI,UDC,51,1317,0.0387243735763098,57,0,FALSE,Partito Popolare Italiano,UDC (CCD-CDU)
13,approvazione,AN,DS,71,1882,0.0377258235919235,80,0,FALSE,Alleanza Nazionale,Democratici di Sinistra
13,approvazione,PDCI,GOVERNO,3,82,0.0365853658536585,3,0,FALSE,Comunisti Italiani,Governo
13,approvazione,AN,GOVERNO,3,82,0.0365853658536585,3,0,FALSE,Alleanza Nazionale,Governo
13,approvazione,FI,DS,68,1882,0.0361317747077577,74,0,FALSE,Forza Italia / Popolo della Libertà,Democratici di Sinistra
13,approvazione,LEGA,PDCI,3,85,0.0352941176470588,3,0,FALSE,Lega,Comunisti Italiani
13,approvazione,FI,PDCI,3,85,0.0352941176470588,3,0,FALSE,Forza Italia / Popolo della Libertà,Comunisti Italiani
13,approvazione,PDCI,PPI,38,1093,0.0347666971637694,47,0,FALSE,Comunisti Italiani,Partito Popolare Italiano
13,approvazione,SDI,DS,63,1882,0.0334750265674814,72,0,FALSE,Socialisti Democratici Italiani,Democratici di Sinistra
13,approvazione,RC,DEM,9,274,0.0328467153284672,11,0,FALSE,Rifondazione Comunista,I Democratici
13,approvazione,LEGA,DS,58,1882,0.0308182784272051,74,0,FALSE,Lega,Democratici di Sinistra
13,approvazione,PPI,IDV,1,33,0.0303030303030303,1,0,FALSE,Partito Popolare Italiano,Italia dei Valori
13,approvazione,VERDI,PPI,33,1093,0.030192131747484,40,0,FALSE,Verdi,Partito Popolare Italiano
13,approvazione,FI,VERDI,17,577,0.0294627383015598,20,0,FALSE,Forza Italia / Popolo della Libertà,Verdi
13,approvazione,LEGA,DEM,8,274,0.0291970802919708,9,0,FALSE,Lega,I Democratici
13,approvazione,DS,UDC,37,1317,0.0280941533788914,41,0,FALSE,Democratici di Sinistra,UDC (CCD-CDU)
13,approvazione,LEGA,VERDI,16,577,0.0277296360485269,17,0,FALSE,Lega,Verdi
13,approvazione,SDI,PRI,4,146,0.0273972602739726,8,0,FALSE,Socialisti Democratici Italiani,Partito Repubblicano Italiano
13,approvazione,FI,PPI,29,1093,0.0265324794144556,35,0,FALSE,Forza Italia / Popolo della Libertà,Partito Popolare Italiano
13,approvazione,AN,DEM,7,274,0.0255474452554745,7,0,FALSE,Alleanza Nazionale,I Democratici
13,approvazione,SDI,GOVERNO,2,82,0.024390243902439,3,0,FALSE,Socialisti Democratici Italiani,Governo
13,approvazione,AN,VERDI,14,577,0.024263431542461,15,0,FALSE,Alleanza Nazionale,Verdi
13,approvazione,PDCI,VERDI,13,577,0.0225303292894281,14,0,FALSE,Comunisti Italiani,Verdi
13,approvazione,FI,DEM,6,274,0.0218978102189781,7,0,FALSE,Forza Italia / Popolo della Libertà,I Democratici
13,approvazione,LEGA,PPI,19,1093,0.0173833485818847,23,0,FALSE,Lega,Partito Popolare Italiano
13,approvazione,AN,PPI,19,1093,0.0173833485818847,23,0,FALSE,Alleanza Nazionale,Partito Popolare Italiano
13,approvazione,SDI,VERDI,10,577,0.0173310225303293,10,0,FALSE,Socialisti Democratici Italiani,Verdi
13,approvazione,VERDI,RC,19,1142,0.0166374781085814,19,0,FALSE,Verdi,Rifondazione Comunista
13,approvazione,VERDI,PRI,2,146,0.0136986301369863,2,0,FALSE,Verdi,Partito Repubblicano Italiano
13,approvazione,PPI,AN,41,3179,0.0128971374646115,47,0,FALSE,Partito Popolare Italiano,Alleanza Nazionale
13,approvazione,DS,FI,44,3428,0.0128354725787631,51,0,FALSE,Democratici di Sinistra,Forza Italia / Popolo della Libertà
13,approvazione,LEGA,GOVERNO,1,82,0.0121951219512195,1,0,FALSE,Lega,Governo
13,approvazione,PRI,GOVERNO,1,82,0.0121951219512195,1,0,FALSE,Partito Repubblicano Italiano,Governo
13,approvazione,FI,GOVERNO,1,82,0.0121951219512195,1,0,FALSE,Forza Italia / Popolo della Libertà,Governo
13,approvazione,MISTO,GOVERNO,1,82,0.0121951219512195,1,0,FALSE,Gruppo misto,Governo
13,approvazione,ULIVO,VERDI,7,577,0.0121317157712305,8,0,FALSE,L'Ulivo,Verdi
13,approvazione,UDC,LEGA,37,3079,0.0120168886001949,41,0,FALSE,UDC (CCD-CDU),Lega
13,approvazione,AN,PDCI,1,85,0.0117647058823529,1,0,FALSE,Alleanza Nazionale,Comunisti Italiani
13,approvazione,ULIVO,DS,21,1882,0.0111583421891605,21,0,FALSE,L'Ulivo,Democratici di Sinistra
13,approvazione,ULIVO,DEM,3,274,0.0109489051094891,3,0,FALSE,L'Ulivo,I Democratici
13,approvazione,DS,AN,34,3179,0.0106951871657754,40,0,FALSE,Democratici di Sinistra,Alleanza Nazionale
13,approvazione,RC,LEGA,32,3079,0.0103929847353037,32,0,FALSE,Rifondazione Comunista,Lega
13,approvazione,PPI,FI,35,3428,0.0102100350058343,36,0,FALSE,Partito Popolare Italiano,Forza Italia / Popolo della Libertà
13,approvazione,UDC,DS,18,1882,0.00956429330499469,21,0,FALSE,UDC (CCD-CDU),Democratici di Sinistra
13,approvazione,PPI,LEGA,29,3079,0.00941864241636895,33,0,FALSE,Partito Popolare Italiano,Lega
13,approvazione,DS,LEGA,29,3079,0.00941864241636895,34,0,FALSE,Democratici di Sinistra,Lega
13,approvazione,MISTO,VERDI,5,577,0.00866551126516464,5,0,FALSE,Gruppo misto,Verdi
13,approvazione,PRI,DS,16,1882,0.00850159404888417,18,0,FALSE,Partito Repubblicano Italiano,Democratici di Sinistra
13,approvazione,SDI,PPI,9,1093,0.00823421774931381,12,0,FALSE,Socialisti Democratici Italiani,Partito Popolare Italiano
13,approvazione,PDCI,UDC,10,1317,0.00759301442672741,11,0,FALSE,Comunisti Italiani,UDC (CCD-CDU)
13,approvazione,UDC,PPI,8,1093,0.00731930466605673,12,0,FALSE,UDC (CCD-CDU),Partito Popolare Italiano
13,approvazione,VERDI,DEM,2,274,0.0072992700729927,2,0,FALSE,Verdi,I Democratici
13,approvazione,PDCI,DEM,2,274,0.0072992700729927,2,0,FALSE,Comunisti Italiani,I Democratici
13,approvazione,ULIVO,PRI,1,146,0.00684931506849315,1,0,FALSE,L'Ulivo,Partito Repubblicano Italiano
13,approvazione,DEM,PRI,1,146,0.00684931506849315,1,0,FALSE,I Democratici,Partito Repubblicano Italiano
13,approvazione,RC,FI,20,3428,0.0058343057176196,20,0,FALSE,Rifondazione Comunista,Forza Italia / Popolo della Libertà
13,approvazione,ULIVO,PPI,6,1093,0.00548947849954254,6,0,FALSE,L'Ulivo,Partito Popolare Italiano
13,approvazione,UDC,RC,6,1142,0.00525394045534151,6,0,FALSE,UDC (CCD-CDU),Rifondazione Comunista
13,approvazione,ULIVO,RC,6,1142,0.00525394045534151,8,0,FALSE,L'Ulivo,Rifondazione Comunista
13,approvazione,IDV,RC,6,1142,0.00525394045534151,7,0,FALSE,Italia dei Valori,Rifondazione Comunista
13,approvazione,PSI,VERDI,3,577,0.00519930675909879,3,0,FALSE,Partito Socialista Italiano,Verdi
13,approvazione,DEM,VERDI,3,577,0.00519930675909879,3,0,FALSE,I Democratici,Verdi
13,approvazione,VERDI,FI,16,3428,0.00466744457409568,19,0,FALSE,Verdi,Forza Italia / Popolo della Libertà
13,approvazione,PRI,PPI,5,1093,0.00457456541628545,7,0,FALSE,Partito Repubblicano Italiano,Partito Popolare Italiano
13,approvazione,IDV,PPI,5,1093,0.00457456541628545,7,0,FALSE,Italia dei Valori,Partito Popolare Italiano
13,approvazione,PDCI,FI,15,3428,0.0043757292882147,17,0,FALSE,Comunisti Italiani,Forza Italia / Popolo della Libertà
13,approvazione,RC,UDC,5,1317,0.00379650721336371,5,0,FALSE,Rifondazione Comunista,UDC (CCD-CDU)
13,approvazione,IDV,DS,7,1882,0.00371944739638682,8,0,FALSE,Italia dei Valori,Democratici di Sinistra
13,approvazione,UDC,DEM,1,274,0.00364963503649635,1,0,FALSE,UDC (CCD-CDU),I Democratici
13,approvazione,SDI,DEM,1,274,0.00364963503649635,1,0,FALSE,Socialisti Democratici Italiani,I Democratici
13,approvazione,IDV,VERDI,2,577,0.00346620450606586,3,0,FALSE,Italia dei Valori,Verdi
13,approvazione,PRI,VERDI,2,577,0.00346620450606586,2,0,FALSE,Partito Repubblicano Italiano,Verdi
13,approvazione,RC,AN,10,3179,0.00314564328405159,10,0,FALSE,Rifondazione Comunista,Alleanza Nazionale
13,approvazione,PDCI,AN,10,3179,0.00314564328405159,12,0,FALSE,Comunisti Italiani,Alleanza Nazionale
13,approvazione,SDI,FI,10,3428,0.0029171528588098,11,0,FALSE,Socialisti Democratici Italiani,Forza Italia / Popolo della Libertà
13,approvazione,MISTO,PPI,3,1093,0.00274473924977127,3,0,FALSE,Gruppo misto,Partito Popolare Italiano
13,approvazione,DEM,PPI,3,1093,0.00274473924977127,3,0,FALSE,I Democratici,Partito Popolare Italiano
13,approvazione,PSI,RC,3,1142,0.00262697022767075,3,0,FALSE,Partito Socialista Italiano,Rifondazione Comunista
13,approvazione,PDCI,LEGA,8,3079,0.00259824618382592,9,0,FALSE,Comunisti Italiani,Lega
13,approvazione,ULIVO,FI,8,3428,0.00233372228704784,8,0,FALSE,L'Ulivo,Forza Italia / Popolo della Libertà
13,approvazione,VERDI,UDC,3,1317,0.00227790432801822,3,0,FALSE,Verdi,UDC (CCD-CDU)
13,approvazione,ULIVO,AN,7,3179,0.00220195029883611,8,0,FALSE,L'Ulivo,Alleanza Nazionale
13,approvazione,PSI,DS,4,1882,0.00212539851222104,4,0,FALSE,Partito Socialista Italiano,Democratici di Sinistra
13,approvazione,VERDI,AN,6,3179,0.00188738597043095,8,0,FALSE,Verdi,Alleanza Nazionale
13,approvazione,POLO,PPI,2,1093,0.00182982616651418,2,0,FALSE,Polo delle Libertà / del Buon Governo,Partito Popolare Italiano
13,approvazione,PSI,PPI,2,1093,0.00182982616651418,2,0,FALSE,Partito Socialista Italiano,Partito Popolare Italiano
13,approvazione,SDI,RC,2,1142,0.00175131348511384,2,0,FALSE,Socialisti Democratici Italiani,Rifondazione Comunista
13,approvazione,PROGR,RC,2,1142,0.00175131348511384,2,0,FALSE,Progressisti,Rifondazione Comunista
13,approvazione,UDC,VERDI,1,577,0.00173310225303293,1,0,FALSE,UDC (CCD-CDU),Verdi
13,approvazione,PROGR,DS,3,1882,0.00159404888416578,3,0,FALSE,Progressisti,Democratici di Sinistra
13,approvazione,POLO,AN,5,3179,0.00157282164202579,5,0,FALSE,Polo delle Libertà / del Buon Governo,Alleanza Nazionale
13,approvazione,ULIVO,UDC,2,1317,0.00151860288534548,3,0,FALSE,L'Ulivo,UDC (CCD-CDU)
13,approvazione,VERDI,LEGA,4,3079,0.00129912309191296,4,0,FALSE,Verdi,Lega
13,approvazione,ULIVO,LEGA,3,3079,0.000974342318934719,4,0,FALSE,L'Ulivo,Lega
13,approvazione,SDI,LEGA,3,3079,0.000974342318934719,4,0,FALSE,Socialisti Democratici Italiani,Lega
13,approvazione,DEM,LEGA,3,3079,0.000974342318934719,3,0,FALSE,I Democratici,Lega
13,approvazione,SDI,AN,3,3179,0.000943692985215477,3,0,FALSE,Socialisti Democratici Italiani,Alleanza Nazionale
13,approvazione,IDV,AN,3,3179,0.000943692985215477,3,0,FALSE,Italia dei Valori,Alleanza Nazionale
13,approvazione,RETE,PPI,1,1093,0.000914913083257091,1,0,FALSE,La Rete,Partito Popolare Italiano
13,approvazione,POLO,RC,1,1142,0.000875656742556918,1,0,FALSE,Polo delle Libertà / del Buon Governo,Rifondazione Comunista
13,approvazione,DEM,FI,3,3428,0.000875145857642941,4,0,FALSE,I Democratici,Forza Italia / Popolo della Libertà
13,approvazione,SDI,UDC,1,1317,0.000759301442672741,1,0,FALSE,Socialisti Democratici Italiani,UDC (CCD-CDU)
13,approvazione,PRI,UDC,1,1317,0.000759301442672741,2,0,FALSE,Partito Repubblicano Italiano,UDC (CCD-CDU)
13,approvazione,IDV,UDC,1,1317,0.000759301442672741,1,0,FALSE,Italia dei Valori,UDC (CCD-CDU)
13,approvazione,POLO,LEGA,2,3079,0.000649561545956479,2,0,FALSE,Polo delle Libertà / del Buon Governo,Lega
13,approvazione,PRI,FI,2,3428,0.00058343057176196,2,0,FALSE,Partito Repubblicano Italiano,Forza Italia / Popolo della Libertà
13,approvazione,MISTO,FI,2,3428,0.00058343057176196,2,0,FALSE,Gruppo misto,Forza Italia / Popolo della Libertà
13,approvazione,POLO,FI,2,3428,0.00058343057176196,2,0,FALSE,Polo delle Libertà / del Buon Governo,Forza Italia / Popolo della Libertà
13,approvazione,RETE,DS,1,1882,0.00053134962805526,1,0,FALSE,La Rete,Democratici di Sinistra
13,approvazione,IDV,LEGA,1,3079,0.00032478077297824,1,0,FALSE,Italia dei Valori,Lega
13,approvazione,MISTO,LEGA,1,3079,0.00032478077297824,1,0,FALSE,Gruppo misto,Lega
13,approvazione,PSI,FI,1,3428,0.00029171528588098,1,0,FALSE,Partito Socialista Italiano,Forza Italia / Popolo della Libertà
13,approvazione,IDV,FI,1,3428,0.00029171528588098,1,0,FALSE,Italia dei Valori,Forza Italia / Popolo della Libertà
13,ostilita,FI,GOVERNO,28,82,0.341463414634146,37,0,FALSE,Forza Italia / Popolo della Libertà,Governo
13,ostilita,AN,GOVERNO,21,82,0.25609756097561,23,0,FALSE,Alleanza Nazionale,Governo
13,ostilita,LEGA,MARGH,3,15,0.2,4,0,FALSE,Lega,La Margherita
13,ostilita,FI,DEM,48,274,0.175182481751825,61,0,FALSE,Forza Italia / Popolo della Libertà,I Democratici
13,ostilita,AN,DEM,37,274,0.135036496350365,43,0,FALSE,Alleanza Nazionale,I Democratici
13,ostilita,UDC,GOVERNO,11,82,0.134146341463415,11,0,FALSE,UDC (CCD-CDU),Governo
13,ostilita,AN,DS,237,1882,0.125929861849097,261,0,FALSE,Alleanza Nazionale,Democratici di Sinistra
13,ostilita,LEGA,GOVERNO,10,82,0.121951219512195,12,0,FALSE,Lega,Governo
13,ostilita,AN,PDCI,10,85,0.117647058823529,10,0,FALSE,Alleanza Nazionale,Comunisti Italiani
13,ostilita,LEGA,DEM,28,274,0.102189781021898,35,0,FALSE,Lega,I Democratici
13,ostilita,FI,DS,191,1882,0.101487778958555,214,0,FALSE,Forza Italia / Popolo della Libertà,Democratici di Sinistra
13,ostilita,LEGA,PPI,107,1093,0.0978956999085087,130,0,FALSE,Lega,Partito Popolare Italiano
13,ostilita,LEGA,DS,173,1882,0.09192348565356,197,0,FALSE,Lega,Democratici di Sinistra
13,ostilita,AN,PSI,1,12,0.0833333333333333,2,0,FALSE,Alleanza Nazionale,Partito Socialista Italiano
13,ostilita,LEGA,VERDI,48,577,0.0831889081455806,59,0,FALSE,Lega,Verdi
13,ostilita,AN,RC,94,1142,0.0823117338003503,112,0,FALSE,Alleanza Nazionale,Rifondazione Comunista
13,ostilita,FI,PPI,89,1093,0.0814272644098811,104,0,FALSE,Forza Italia / Popolo della Libertà,Partito Popolare Italiano
13,ostilita,AN,PPI,83,1093,0.0759377859103385,91,0,FALSE,Alleanza Nazionale,Partito Popolare Italiano
13,ostilita,LEGA,PDCI,6,85,0.0705882352941176,7,0,FALSE,Lega,Comunisti Italiani
13,ostilita,DS,FI,219,3428,0.0638856476079347,273,0,FALSE,Democratici di Sinistra,Forza Italia / Popolo della Libertà
13,ostilita,FI,RC,72,1142,0.0630472854640981,85,0,FALSE,Forza Italia / Popolo della Libertà,Rifondazione Comunista
13,ostilita,LEGA,PRI,9,146,0.0616438356164384,11,0,FALSE,Lega,Partito Repubblicano Italiano
13,ostilita,FI,IDV,2,33,0.0606060606060606,2,0,FALSE,Forza Italia / Popolo della Libertà,Italia dei Valori
13,ostilita,AN,IDV,2,33,0.0606060606060606,2,0,FALSE,Alleanza Nazionale,Italia dei Valori
13,ostilita,LEGA,UDC,74,1317,0.0561883067577828,96,0,FALSE,Lega,UDC (CCD-CDU)
13,ostilita,FI,VERDI,29,577,0.0502599653379549,35,0,FALSE,Forza Italia / Popolo della Libertà,Verdi
13,ostilita,DS,AN,152,3179,0.0478137779175842,162,0,FALSE,Democratici di Sinistra,Alleanza Nazionale
13,ostilita,LEGA,RC,54,1142,0.0472854640980736,63,0,FALSE,Lega,Rifondazione Comunista
13,ostilita,AN,VERDI,27,577,0.0467937608318891,38,0,FALSE,Alleanza Nazionale,Verdi
13,ostilita,FI,UDC,50,1317,0.0379650721336371,63,0,FALSE,Forza Italia / Popolo della Libertà,UDC (CCD-CDU)
13,ostilita,AN,UDC,47,1317,0.0356871678056188,57,0,FALSE,Alleanza Nazionale,UDC (CCD-CDU)
13,ostilita,UDC,PDCI,3,85,0.0352941176470588,3,0,FALSE,UDC (CCD-CDU),Comunisti Italiani
13,ostilita,FI,PDCI,3,85,0.0352941176470588,3,0,FALSE,Forza Italia / Popolo della Libertà,Comunisti Italiani
13,ostilita,UDC,DEM,9,274,0.0328467153284672,9,0,FALSE,UDC (CCD-CDU),I Democratici
13,ostilita,PPI,FI,104,3428,0.0303383897316219,126,0,FALSE,Partito Popolare Italiano,Forza Italia / Popolo della Libertà
13,ostilita,LEGA,IDV,1,33,0.0303030303030303,1,0,FALSE,Lega,Italia dei Valori
13,ostilita,DS,IDV,1,33,0.0303030303030303,1,0,FALSE,Democratici di Sinistra,Italia dei Valori
13,ostilita,DS,LEGA,92,3079,0.0298798311139981,100,0,FALSE,Democratici di Sinistra,Lega
13,ostilita,AN,LEGA,79,3079,0.0256576810652809,84,0,FALSE,Alleanza Nazionale,Lega
13,ostilita,LEGA,AN,80,3179,0.0251651462724127,94,0,FALSE,Lega,Alleanza Nazionale
13,ostilita,PPI,AN,76,3179,0.0239068889587921,85,0,FALSE,Partito Popolare Italiano,Alleanza Nazionale
13,ostilita,RC,FI,76,3428,0.0221703617269545,86,0,FALSE,Rifondazione Comunista,Forza Italia / Popolo della Libertà
13,ostilita,UDC,DS,39,1882,0.0207226354941552,45,0,FALSE,UDC (CCD-CDU),Democratici di Sinistra
13,ostilita,UDC,PRI,3,146,0.0205479452054795,3,0,FALSE,UDC (CCD-CDU),Partito Repubblicano Italiano
13,ostilita,LEGA,LEGA,62,3079,0.0201364079246509,67,0,TRUE,Lega,Lega
13,ostilita,UDC,RC,21,1142,0.0183887915936953,29,0,FALSE,UDC (CCD-CDU),Rifondazione Comunista
13,ostilita,RC,LEGA,56,3079,0.0181877232867814,59,0,FALSE,Rifondazione Comunista,Lega
13,ostilita,FI,FI,60,3428,0.0175029171528588,65,0,TRUE,Forza Italia / Popolo della Libertà,Forza Italia / Popolo della Libertà
13,ostilita,DS,UDC,23,1317,0.017463933181473,27,0,FALSE,Democratici di Sinistra,UDC (CCD-CDU)
13,ostilita,RC,UDC,22,1317,0.0167046317388003,24,0,FALSE,Rifondazione Comunista,UDC (CCD-CDU)
13,ostilita,LEGA,FI,57,3428,0.0166277712952159,72,0,FALSE,Lega,Forza Italia / Popolo della Libertà
13,ostilita,AN,FI,54,3428,0.0157526254375729,59,0,FALSE,Alleanza Nazionale,Forza Italia / Popolo della Libertà
13,ostilita,PPI,UDC,20,1317,0.0151860288534548,21,0,FALSE,Partito Popolare Italiano,UDC (CCD-CDU)
13,ostilita,UDC,PPI,16,1093,0.0146386093321135,18,0,FALSE,UDC (CCD-CDU),Partito Popolare Italiano
13,ostilita,AN,AN,45,3179,0.0141553947782322,49,0,TRUE,Alleanza Nazionale,Alleanza Nazionale
13,ostilita,AN,PRI,2,146,0.0136986301369863,2,0,FALSE,Alleanza Nazionale,Partito Repubblicano Italiano
13,ostilita,FI,PRI,2,146,0.0136986301369863,2,0,FALSE,Forza Italia / Popolo della Libertà,Partito Repubblicano Italiano
13,ostilita,RC,PRI,2,146,0.0136986301369863,2,0,FALSE,Rifondazione Comunista,Partito Repubblicano Italiano
13,ostilita,PPI,LEGA,41,3079,0.0133160116921078,43,0,FALSE,Partito Popolare Italiano,Lega
13,ostilita,RC,DS,24,1882,0.0127523910733262,27,0,FALSE,Rifondazione Comunista,Democratici di Sinistra
13,ostilita,DS,GOVERNO,1,82,0.0121951219512195,1,0,FALSE,Democratici di Sinistra,Governo
13,ostilita,DS,DEM,3,274,0.0109489051094891,3,0,FALSE,Democratici di Sinistra,I Democratici
13,ostilita,FI,LEGA,33,3079,0.0107177655082819,36,0,FALSE,Forza Italia / Popolo della Libertà,Lega
13,ostilita,RC,AN,34,3179,0.0106951871657754,37,0,FALSE,Rifondazione Comunista,Alleanza Nazionale
13,ostilita,UDC,UDC,13,1317,0.00987091875474563,14,0,TRUE,UDC (CCD-CDU),UDC (CCD-CDU)
13,ostilita,RC,RC,11,1142,0.0096322241681261,12,0,TRUE,Rifondazione Comunista,Rifondazione Comunista
13,ostilita,UDC,VERDI,5,577,0.00866551126516464,6,0,FALSE,UDC (CCD-CDU),Verdi
13,ostilita,ULIVO,UDC,10,1317,0.00759301442672741,11,0,FALSE,L'Ulivo,UDC (CCD-CDU)
13,ostilita,DS,DS,14,1882,0.00743889479277365,14,0,TRUE,Democratici di Sinistra,Democratici di Sinistra
13,ostilita,RC,DEM,2,274,0.0072992700729927,2,0,FALSE,Rifondazione Comunista,I Democratici
13,ostilita,ULIVO,FI,25,3428,0.0072928821470245,26,0,FALSE,L'Ulivo,Forza Italia / Popolo della Libertà
13,ostilita,PDCI,FI,25,3428,0.0072928821470245,28,0,FALSE,Comunisti Italiani,Forza Italia / Popolo della Libertà
13,ostilita,DS,RC,8,1142,0.00700525394045534,10,0,FALSE,Democratici di Sinistra,Rifondazione Comunista
13,ostilita,ULIVO,PRI,1,146,0.00684931506849315,1,0,FALSE,L'Ulivo,Partito Repubblicano Italiano
13,ostilita,PPI,PRI,1,146,0.00684931506849315,1,0,FALSE,Partito Popolare Italiano,Partito Repubblicano Italiano
13,ostilita,DS,PRI,1,146,0.00684931506849315,1,0,FALSE,Democratici di Sinistra,Partito Repubblicano Italiano
13,ostilita,FI,AN,21,3179,0.00660585089650834,21,0,FALSE,Forza Italia / Popolo della Libertà,Alleanza Nazionale
13,ostilita,PDCI,AN,20,3179,0.00629128656810318,21,0,FALSE,Comunisti Italiani,Alleanza Nazionale
13,ostilita,UDC,LEGA,19,3079,0.00617083468658655,19,0,FALSE,UDC (CCD-CDU),Lega
13,ostilita,ULIVO,LEGA,18,3079,0.00584605391360832,18,0,FALSE,L'Ulivo,Lega
13,ostilita,RC,PPI,6,1093,0.00548947849954254,10,0,FALSE,Rifondazione Comunista,Partito Popolare Italiano
13,ostilita,POLO,UDC,7,1317,0.00531511009870919,8,0,FALSE,Polo delle Libertà / del Buon Governo,UDC (CCD-CDU)
13,ostilita,ULIVO,DS,10,1882,0.0053134962805526,11,0,FALSE,L'Ulivo,Democratici di Sinistra
13,ostilita,DS,VERDI,3,577,0.00519930675909879,4,0,FALSE,Democratici di Sinistra,Verdi
13,ostilita,UDC,FI,17,3428,0.00495915985997666,17,0,FALSE,UDC (CCD-CDU),Forza Italia / Popolo della Libertà
13,ostilita,ULIVO,AN,14,3179,0.00440390059767222,15,0,FALSE,L'Ulivo,Alleanza Nazionale
13,ostilita,POLO,DS,8,1882,0.00425079702444208,8,0,FALSE,Polo delle Libertà / del Buon Governo,Democratici di Sinistra
13,ostilita,VERDI,LEGA,13,3079,0.00422215004871712,14,0,FALSE,Verdi,Lega
13,ostilita,VERDI,AN,12,3179,0.00377477194086191,12,0,FALSE,Verdi,Alleanza Nazionale
13,ostilita,PPI,PPI,4,1093,0.00365965233302836,4,0,TRUE,Partito Popolare Italiano,Partito Popolare Italiano
13,ostilita,PDCI,DEM,1,274,0.00364963503649635,1,0,FALSE,Comunisti Italiani,I Democratici
13,ostilita,PPI,DEM,1,274,0.00364963503649635,1,0,FALSE,Partito Popolare Italiano,I Democratici
13,ostilita,POLO,DEM,1,274,0.00364963503649635,1,0,FALSE,Polo delle Libertà / del Buon Governo,I Democratici
13,ostilita,PPI,RC,4,1142,0.00350262697022767,4,0,FALSE,Partito Popolare Italiano,Rifondazione Comunista
13,ostilita,VERDI,VERDI,2,577,0.00346620450606586,2,0,TRUE,Verdi,Verdi
13,ostilita,RC,VERDI,2,577,0.00346620450606586,2,0,FALSE,Rifondazione Comunista,Verdi
13,ostilita,ULIVO,VERDI,2,577,0.00346620450606586,2,0,FALSE,L'Ulivo,Verdi
13,ostilita,PPI,VERDI,2,577,0.00346620450606586,2,0,FALSE,Partito Popolare Italiano,Verdi
13,ostilita,VERDI,UDC,4,1317,0.00303720577069096,5,0,FALSE,Verdi,UDC (CCD-CDU)
13,ostilita,POLO,PPI,3,1093,0.00274473924977127,3,0,FALSE,Polo delle Libertà / del Buon Governo,Partito Popolare Italiano
13,ostilita,PPI,DS,5,1882,0.0026567481402763,5,0,FALSE,Partito Popolare Italiano,Democratici di Sinistra
13,ostilita,ULIVO,RC,3,1142,0.00262697022767075,3,0,FALSE,L'Ulivo,Rifondazione Comunista
13,ostilita,VERDI,FI,9,3428,0.00262543757292882,9,0,FALSE,Verdi,Forza Italia / Popolo della Libertà
13,ostilita,VERDI,DS,4,1882,0.00212539851222104,5,0,FALSE,Verdi,Democratici di Sinistra
13,ostilita,ULIVO,PPI,2,1093,0.00182982616651418,2,0,FALSE,L'Ulivo,Partito Popolare Italiano
13,ostilita,DS,PPI,2,1093,0.00182982616651418,2,0,FALSE,Democratici di Sinistra,Partito Popolare Italiano
13,ostilita,VERDI,PPI,2,1093,0.00182982616651418,2,0,FALSE,Verdi,Partito Popolare Italiano
13,ostilita,POLO,RC,2,1142,0.00175131348511384,2,0,FALSE,Polo delle Libertà / del Buon Governo,Rifondazione Comunista
13,ostilita,PDCI,RC,2,1142,0.00175131348511384,2,0,FALSE,Comunisti Italiani,Rifondazione Comunista
13,ostilita,IDV,FI,6,3428,0.00175029171528588,6,0,FALSE,Italia dei Valori,Forza Italia / Popolo della Libertà
13,ostilita,POLO,VERDI,1,577,0.00173310225303293,1,0,FALSE,Polo delle Libertà / del Buon Governo,Verdi
13,ostilita,PDCI,VERDI,1,577,0.00173310225303293,2,0,FALSE,Comunisti Italiani,Verdi
13,ostilita,POLO,LEGA,5,3079,0.0016239038648912,5,0,FALSE,Polo delle Libertà / del Buon Governo,Lega
13,ostilita,PDCI,LEGA,5,3079,0.0016239038648912,5,0,FALSE,Comunisti Italiani,Lega
13,ostilita,PDCI,DS,3,1882,0.00159404888416578,3,0,FALSE,Comunisti Italiani,Democratici di Sinistra
13,ostilita,PDCI,UDC,2,1317,0.00151860288534548,2,0,FALSE,Comunisti Italiani,UDC (CCD-CDU)
13,ostilita,DEM,UDC,2,1317,0.00151860288534548,2,0,FALSE,I Democratici,UDC (CCD-CDU)
13,ostilita,POLO,FI,5,3428,0.0014585764294049,6,0,FALSE,Polo delle Libertà / del Buon Governo,Forza Italia / Popolo della Libertà
13,ostilita,UDC,AN,4,3179,0.00125825731362064,5,0,FALSE,UDC (CCD-CDU),Alleanza Nazionale
13,ostilita,PRI,DS,2,1882,0.00106269925611052,2,0,FALSE,Partito Repubblicano Italiano,Democratici di Sinistra
13,ostilita,MARGH,LEGA,1,3079,0.00032478077297824,1,0,FALSE,La Margherita,Lega
13,ostilita,PRI,AN,1,3179,0.000314564328405159,1,0,FALSE,Partito Repubblicano Italiano,Alleanza Nazionale
13,ostilita,POLO,AN,1,3179,0.000314564328405159,1,0,FALSE,Polo delle Libertà / del Buon Governo,Alleanza Nazionale
13,ostilita,SDI,AN,1,3179,0.000314564328405159,1,0,FALSE,Socialisti Democratici Italiani,Alleanza Nazionale
13,ostilita,DEM,AN,1,3179,0.000314564328405159,1,0,FALSE,I Democratici,Alleanza Nazionale
13,ostilita,DEM,FI,1,3428,0.00029171528588098,1,0,FALSE,I Democratici,Forza Italia / Popolo della Libertà
14,approvazione,RC,RC,1137,1315,0.864638783269962,1165,0,TRUE,Rifondazione Comunista,Rifondazione Comunista
14,approvazione,DS,DS,5980,7027,0.851003273089512,6466,0,TRUE,Democratici di Sinistra,Democratici di Sinistra
14,approvazione,UDC,UDC,343,419,0.818615751789976,372,0,TRUE,UDC (CCD-CDU),UDC (CCD-CDU)
14,approvazione,PSI,PSI,71,87,0.816091954022989,73,0,TRUE,Partito Socialista Italiano,Partito Socialista Italiano
14,approvazione,MARGH,MARGH,4011,4923,0.814747105423522,4282,0,TRUE,La Margherita,La Margherita
14,approvazione,PDCI,PDCI,548,682,0.803519061583578,559,0,TRUE,Comunisti Italiani,Comunisti Italiani
14,approvazione,LEGA,LEGA,1199,1500,0.799333333333333,1542,0,TRUE,Lega,Lega
14,approvazione,SDI,SDI,437,549,0.795992714025501,461,0,TRUE,Socialisti Democratici Italiani,Socialisti Democratici Italiani
14,approvazione,VERDI,VERDI,771,1000,0.771,783,0,TRUE,Verdi,Verdi
14,approvazione,AN,AN,1536,2028,0.757396449704142,1846,0,TRUE,Alleanza Nazionale,Alleanza Nazionale
14,approvazione,FI,FI,1672,2433,0.687217427044801,2194,0,TRUE,Forza Italia / Popolo della Libertà,Forza Italia / Popolo della Libertà
14,approvazione,PRI,PSI,56,87,0.64367816091954,57,0,FALSE,Partito Repubblicano Italiano,Partito Socialista Italiano
14,approvazione,DS,PDCI,284,682,0.416422287390029,289,0,FALSE,Democratici di Sinistra,Comunisti Italiani
14,approvazione,DS,MARGH,1926,4923,0.391224862888483,2139,0,FALSE,Democratici di Sinistra,La Margherita
14,approvazione,DS,SDI,187,549,0.340619307832423,206,0,FALSE,Democratici di Sinistra,Socialisti Democratici Italiani
14,approvazione,DS,PSI,28,87,0.32183908045977,38,0,FALSE,Democratici di Sinistra,Partito Socialista Italiano
14,approvazione,AN,FI,771,2433,0.316892725030826,1087,0,FALSE,Alleanza Nazionale,Forza Italia / Popolo della Libertà
14,approvazione,FI,UDC,132,419,0.315035799522673,161,0,FALSE,Forza Italia / Popolo della Libertà,UDC (CCD-CDU)
14,approvazione,FI,AN,634,2028,0.312623274161736,777,0,FALSE,Forza Italia / Popolo della Libertà,Alleanza Nazionale
14,approvazione,DS,RC,408,1315,0.310266159695818,428,0,FALSE,Democratici di Sinistra,Rifondazione Comunista
14,approvazione,VERDI,SDI,166,549,0.302367941712204,172,0,FALSE,Verdi,Socialisti Democratici Italiani
14,approvazione,FI,PSI,26,87,0.298850574712644,29,0,FALSE,Forza Italia / Popolo della Libertà,Partito Socialista Italiano
14,approvazione,MARGH,SDI,161,549,0.293260473588342,174,0,FALSE,La Margherita,Socialisti Democratici Italiani
14,approvazione,MARGH,DS,1906,7027,0.271239504767326,2177,0,FALSE,La Margherita,Democratici di Sinistra
14,approvazione,AN,UDC,101,419,0.241050119331742,118,0,FALSE,Alleanza Nazionale,UDC (CCD-CDU)
14,approvazione,VERDI,PSI,19,87,0.218390804597701,22,0,FALSE,Verdi,Partito Socialista Italiano
14,approvazione,FI,LEGA,323,1500,0.215333333333333,406,0,FALSE,Forza Italia / Popolo della Libertà,Lega
14,approvazione,MARGH,VERDI,207,1000,0.207,214,0,FALSE,La Margherita,Verdi
14,approvazione,AN,LEGA,295,1500,0.196666666666667,386,0,FALSE,Alleanza Nazionale,Lega
14,approvazione,PDCI,PSI,16,87,0.183908045977012,23,0,FALSE,Comunisti Italiani,Partito Socialista Italiano
14,approvazione,LEGA,FI,437,2433,0.179613645704891,610,0,FALSE,Lega,Forza Italia / Popolo della Libertà
14,approvazione,DS,VERDI,165,1000,0.165,169,0,FALSE,Democratici di Sinistra,Verdi
14,approvazione,MARGH,PSI,13,87,0.149425287356322,16,0,FALSE,La Margherita,Partito Socialista Italiano
14,approvazione,PDCI,DS,1028,7027,0.146292870357194,1274,0,FALSE,Comunisti Italiani,Democratici di Sinistra
14,approvazione,LEGA,AN,289,2028,0.142504930966469,360,0,FALSE,Lega,Alleanza Nazionale
14,approvazione,PSI,SDI,71,549,0.129326047358834,77,0,FALSE,Partito Socialista Italiano,Socialisti Democratici Italiani
14,approvazione,UDC,FI,313,2433,0.128647759967119,474,0,FALSE,UDC (CCD-CDU),Forza Italia / Popolo della Libertà
14,approvazione,LEGA,PSI,11,87,0.126436781609195,11,0,FALSE,Lega,Partito Socialista Italiano
14,approvazione,MARGH,PDCI,84,682,0.12316715542522,84,0,FALSE,La Margherita,Comunisti Italiani
14,approvazione,PDCI,RC,157,1315,0.119391634980989,167,0,FALSE,Comunisti Italiani,Rifondazione Comunista
14,approvazione,SDI,PSI,10,87,0.114942528735632,11,0,FALSE,Socialisti Democratici Italiani,Partito Socialista Italiano
14,approvazione,MARGH,RC,147,1315,0.111787072243346,155,0,FALSE,La Margherita,Rifondazione Comunista
14,approvazione,AN,PSI,9,87,0.103448275862069,11,0,FALSE,Alleanza Nazionale,Partito Socialista Italiano
14,approvazione,RC,PSI,9,87,0.103448275862069,12,0,FALSE,Rifondazione Comunista,Partito Socialista Italiano
14,approvazione,PDCI,MARGH,458,4923,0.0930327036359943,560,0,FALSE,Comunisti Italiani,La Margherita
14,approvazione,VERDI,MARGH,453,4923,0.0920170627666057,518,0,FALSE,Verdi,La Margherita
14,approvazione,PDCI,SDI,49,549,0.0892531876138433,59,0,FALSE,Comunisti Italiani,Socialisti Democratici Italiani
14,approvazione,RNP,SDI,46,549,0.0837887067395264,54,0,FALSE,Rosa nel Pugno,Socialisti Democratici Italiani
14,approvazione,LEGA,UDC,35,419,0.0835322195704057,36,0,FALSE,Lega,UDC (CCD-CDU)
14,approvazione,PDCI,VERDI,83,1000,0.083,84,0,FALSE,Comunisti Italiani,Verdi
14,approvazione,SDI,VERDI,83,1000,0.083,86,0,FALSE,Socialisti Democratici Italiani,Verdi
14,approvazione,VERDI,RC,108,1315,0.0821292775665399,113,0,FALSE,Verdi,Rifondazione Comunista
14,approvazione,VERDI,DS,497,7027,0.0707271951045966,590,0,FALSE,Verdi,Democratici di Sinistra
14,approvazione,VERDI,PDCI,47,682,0.0689149560117302,48,0,FALSE,Verdi,Comunisti Italiani
14,approvazione,RC,DS,482,7027,0.0685925715098904,564,0,FALSE,Rifondazione Comunista,Democratici di Sinistra
14,approvazione,RC,PDCI,45,682,0.0659824046920821,45,0,FALSE,Rifondazione Comunista,Comunisti Italiani
14,approvazione,UDC,AN,123,2028,0.0606508875739645,142,0,FALSE,UDC (CCD-CDU),Alleanza Nazionale
14,approvazione,UDC,PSI,5,87,0.0574712643678161,6,0,FALSE,UDC (CCD-CDU),Partito Socialista Italiano
14,approvazione,SDI,MARGH,261,4923,0.0530164533820841,320,0,FALSE,Socialisti Democratici Italiani,La Margherita
14,approvazione,MARGH,UDC,22,419,0.0525059665871122,28,0,FALSE,La Margherita,UDC (CCD-CDU)
14,approvazione,RC,SDI,28,549,0.0510018214936248,37,0,FALSE,Rifondazione Comunista,Socialisti Democratici Italiani
14,approvazione,RC,VERDI,49,1000,0.049,51,0,FALSE,Rifondazione Comunista,Verdi
14,approvazione,DS,UDC,18,419,0.0429594272076372,22,0,FALSE,Democratici di Sinistra,UDC (CCD-CDU)
14,approvazione,MARGH,FI,102,2433,0.0419235511713933,123,0,FALSE,La Margherita,Forza Italia / Popolo della Libertà
14,approvazione,RC,MARGH,201,4923,0.0408287629494211,228,0,FALSE,Rifondazione Comunista,La Margherita
14,approvazione,PSI,FI,97,2433,0.0398684751335799,144,0,FALSE,Partito Socialista Italiano,Forza Italia / Popolo della Libertà
14,approvazione,SDI,DS,280,7027,0.0398463071011812,363,0,FALSE,Socialisti Democratici Italiani,Democratici di Sinistra
14,approvazione,DS,FI,96,2433,0.0394574599260173,114,0,FALSE,Democratici di Sinistra,Forza Italia / Popolo della Libertà
14,approvazione,DS,AN,73,2028,0.0359960552268245,87,0,FALSE,Democratici di Sinistra,Alleanza Nazionale
14,approvazione,CDL,PSI,3,87,0.0344827586206897,6,0,FALSE,Casa delle Libertà,Partito Socialista Italiano
14,approvazione,PRI,FI,68,2433,0.0279490341142622,88,0,FALSE,Partito Repubblicano Italiano,Forza Italia / Popolo della Libertà
14,approvazione,PSI,VERDI,27,1000,0.027,28,0,FALSE,Partito Socialista Italiano,Verdi
14,approvazione,MARGH,AN,49,2028,0.0241617357001972,57,0,FALSE,La Margherita,Alleanza Nazionale
14,approvazione,DS,LEGA,34,1500,0.0226666666666667,36,0,FALSE,Democratici di Sinistra,Lega
14,approvazione,FI,SDI,12,549,0.0218579234972678,15,0,FALSE,Forza Italia / Popolo della Libertà,Socialisti Democratici Italiani
14,approvazione,UDC,LEGA,29,1500,0.0193333333333333,33,0,FALSE,UDC (CCD-CDU),Lega
14,approvazione,FI,RC,25,1315,0.0190114068441065,27,0,FALSE,Forza Italia / Popolo della Libertà,Rifondazione Comunista
14,approvazione,RNP,VERDI,18,1000,0.018,18,0,FALSE,Rosa nel Pugno,Verdi
14,approvazione,MARGH,LEGA,26,1500,0.0173333333333333,30,0,FALSE,La Margherita,Lega
14,approvazione,SDI,RC,22,1315,0.0167300380228137,22,0,FALSE,Socialisti Democratici Italiani,Rifondazione Comunista
14,approvazione,SDI,UDC,7,419,0.0167064439140811,7,0,FALSE,Socialisti Democratici Italiani,UDC (CCD-CDU)
14,approvazione,PDCI,UDC,7,419,0.0167064439140811,9,0,FALSE,Comunisti Italiani,UDC (CCD-CDU)
14,approvazione,VERDI,UDC,7,419,0.0167064439140811,8,0,FALSE,Verdi,UDC (CCD-CDU)
14,approvazione,FI,MARGH,73,4923,0.0148283566930733,77,0,FALSE,Forza Italia / Popolo della Libertà,La Margherita
14,approvazione,PDCI,FI,36,2433,0.0147965474722565,42,0,FALSE,Comunisti Italiani,Forza Italia / Popolo della Libertà
14,approvazione,VERDI,FI,35,2433,0.0143855322646938,43,0,FALSE,Verdi,Forza Italia / Popolo della Libertà
14,approvazione,RC,UDC,6,419,0.0143198090692124,6,0,FALSE,Rifondazione Comunista,UDC (CCD-CDU)
14,approvazione,FI,VERDI,14,1000,0.014,15,0,FALSE,Forza Italia / Popolo della Libertà,Verdi
14,approvazione,PDCI,AN,25,2028,0.01232741617357,31,0,FALSE,Comunisti Italiani,Alleanza Nazionale
14,approvazione,PSI,UDC,5,419,0.0119331742243437,5,0,FALSE,Partito Socialista Italiano,UDC (CCD-CDU)
14,approvazione,RC,AN,24,2028,0.0118343195266272,29,0,FALSE,Rifondazione Comunista,Alleanza Nazionale
14,approvazione,FI,PDCI,8,682,0.0117302052785924,8,0,FALSE,Forza Italia / Popolo della Libertà,Comunisti Italiani
14,approvazione,SDI,FI,27,2433,0.0110974106041924,33,0,FALSE,Socialisti Democratici Italiani,Forza Italia / Popolo della Libertà
14,approvazione,AN,RC,14,1315,0.0106463878326996,14,0,FALSE,Alleanza Nazionale,Rifondazione Comunista
14,approvazione,SDI,PDCI,7,682,0.0102639296187683,7,0,FALSE,Socialisti Democratici Italiani,Comunisti Italiani
14,approvazione,AN,PDCI,7,682,0.0102639296187683,7,0,FALSE,Alleanza Nazionale,Comunisti Italiani
14,approvazione,AN,MARGH,46,4923,0.00934389599837497,48,0,FALSE,Alleanza Nazionale,La Margherita
14,approvazione,RNP,RC,12,1315,0.0091254752851711,12,0,FALSE,Rosa nel Pugno,Rifondazione Comunista
14,approvazione,AN,SDI,5,549,0.00910746812386157,5,0,FALSE,Alleanza Nazionale,Socialisti Democratici Italiani
14,approvazione,RNP,PDCI,6,682,0.00879765395894428,6,0,FALSE,Rosa nel Pugno,Comunisti Italiani
14,approvazione,RC,FI,21,2433,0.00863131935881628,28,0,FALSE,Rifondazione Comunista,Forza Italia / Popolo della Libertà
14,approvazione,PSI,DS,60,7027,0.00853849437882453,75,0,FALSE,Partito Socialista Italiano,Democratici di Sinistra
14,approvazione,PSI,MARGH,41,4923,0.00832825512898639,53,0,FALSE,Partito Socialista Italiano,La Margherita
14,approvazione,AN,VERDI,8,1000,0.008,9,0,FALSE,Alleanza Nazionale,Verdi
14,approvazione,FI,DS,53,7027,0.00754233670129501,67,0,FALSE,Forza Italia / Popolo della Libertà,Democratici di Sinistra
14,approvazione,CDL,UDC,3,419,0.00715990453460621,3,0,FALSE,Casa delle Libertà,UDC (CCD-CDU)
14,approvazione,PRI,UDC,3,419,0.00715990453460621,3,0,FALSE,Partito Repubblicano Italiano,UDC (CCD-CDU)
14,approvazione,PSI,AN,13,2028,0.00641025641025641,15,0,FALSE,Partito Socialista Italiano,Alleanza Nazionale
14,approvazione,VERDI,AN,13,2028,0.00641025641025641,19,0,FALSE,Verdi,Alleanza Nazionale
14,approvazione,RNP,FI,15,2433,0.0061652281134402,17,0,FALSE,Rosa nel Pugno,Forza Italia / Popolo della Libertà
14,approvazione,RNP,MARGH,28,4923,0.00568758886857607,36,0,FALSE,Rosa nel Pugno,La Margherita
14,approvazione,PRI,SDI,3,549,0.00546448087431694,6,0,FALSE,Partito Repubblicano Italiano,Socialisti Democratici Italiani
14,approvazione,CDL,AN,11,2028,0.00542406311637081,11,0,FALSE,Casa delle Libertà,Alleanza Nazionale
14,approvazione,PSI,RC,7,1315,0.00532319391634981,7,0,FALSE,Partito Socialista Italiano,Rifondazione Comunista
14,approvazione,PRI,VERDI,5,1000,0.005,5,0,FALSE,Partito Repubblicano Italiano,Verdi
14,approvazione,SDI,AN,10,2028,0.00493096646942801,15,0,FALSE,Socialisti Democratici Italiani,Alleanza Nazionale
14,approvazione,AN,DS,32,7027,0.00455386366870642,35,0,FALSE,Alleanza Nazionale,Democratici di Sinistra
14,approvazione,LEGA,PDCI,3,682,0.00439882697947214,3,0,FALSE,Lega,Comunisti Italiani
14,approvazione,VERDI,LEGA,6,1500,0.004,8,0,FALSE,Verdi,Lega
14,approvazione,LEGA,VERDI,4,1000,0.004,4,0,FALSE,Lega,Verdi
14,approvazione,CDL,VERDI,4,1000,0.004,4,0,FALSE,Casa delle Libertà,Verdi
14,approvazione,UDC,RC,5,1315,0.00380228136882129,5,0,FALSE,UDC (CCD-CDU),Rifondazione Comunista
14,approvazione,LEGA,RC,5,1315,0.00380228136882129,5,0,FALSE,Lega,Rifondazione Comunista
14,approvazione,RNP,DS,24,7027,0.00341539775152981,26,0,FALSE,Rosa nel Pugno,Democratici di Sinistra
14,approvazione,PRI,AN,6,2028,0.0029585798816568,6,0,FALSE,Partito Repubblicano Italiano,Alleanza Nazionale
14,approvazione,CDL,FI,7,2433,0.00287710645293876,10,0,FALSE,Casa delle Libertà,Forza Italia / Popolo della Libertà
14,approvazione,LEGA,MARGH,14,4923,0.00284379443428804,17,0,FALSE,Lega,La Margherita
14,approvazione,LEGA,DS,19,7027,0.00270385655329444,23,0,FALSE,Lega,Democratici di Sinistra
14,approvazione,PDCI,LEGA,4,1500,0.00266666666666667,4,0,FALSE,Comunisti Italiani,Lega
14,approvazione,DC,UDC,1,419,0.00238663484486874,1,0,FALSE,Democrazia Cristiana,UDC (CCD-CDU)
14,approvazione,CDL,RC,3,1315,0.00228136882129278,3,0,FALSE,Casa delle Libertà,Rifondazione Comunista
14,approvazione,UDC,MARGH,10,4923,0.00203128173877717,10,0,FALSE,UDC (CCD-CDU),La Margherita
14,approvazione,ULIVO,MARGH,10,4923,0.00203128173877717,10,0,FALSE,L'Ulivo,La Margherita
14,approvazione,CDL,LEGA,3,1500,0.002,3,0,FALSE,Casa delle Libertà,Lega
14,approvazione,UDC,VERDI,2,1000,0.002,2,0,FALSE,UDC (CCD-CDU),Verdi
14,approvazione,ULIVO,DS,13,7027,0.00185000711541198,14,0,FALSE,L'Ulivo,Democratici di Sinistra
14,approvazione,PSDI,SDI,1,549,0.00182149362477231,1,0,FALSE,Partito Socialista Democratico Italiano,Socialisti Democratici Italiani
14,approvazione,CDL,SDI,1,549,0.00182149362477231,1,0,FALSE,Casa delle Libertà,Socialisti Democratici Italiani
14,approvazione,UDC,SDI,1,549,0.00182149362477231,1,0,FALSE,UDC (CCD-CDU),Socialisti Democratici Italiani
14,approvazione,LEGA,SDI,1,549,0.00182149362477231,1,0,FALSE,Lega,Socialisti Democratici Italiani
14,approvazione,PRI,DS,11,7027,0.00156539063611783,11,0,FALSE,Partito Repubblicano Italiano,Democratici di Sinistra
14,approvazione,ULIVO,RC,2,1315,0.00152091254752852,2,0,FALSE,L'Ulivo,Rifondazione Comunista
14,approvazione,UDC,PDCI,1,682,0.00146627565982405,1,0,FALSE,UDC (CCD-CDU),Comunisti Italiani
14,approvazione,PSI,PDCI,1,682,0.00146627565982405,1,0,FALSE,Partito Socialista Italiano,Comunisti Italiani
14,approvazione,SDI,LEGA,2,1500,0.00133333333333333,3,0,FALSE,Socialisti Democratici Italiani,Lega
14,approvazione,RC,LEGA,2,1500,0.00133333333333333,2,0,FALSE,Rifondazione Comunista,Lega
14,approvazione,UDC,DS,9,7027,0.00128077415682368,12,0,FALSE,UDC (CCD-CDU),Democratici di Sinistra
14,approvazione,MISTO,VERDI,1,1000,0.001,1,0,FALSE,Gruppo misto,Verdi
14,approvazione,ULIVO,VERDI,1,1000,0.001,1,0,FALSE,L'Ulivo,Verdi
14,approvazione,CDL,DS,6,7027,0.000853849437882453,6,0,FALSE,Casa delle Libertà,Democratici di Sinistra
14,approvazione,DC,FI,2,2433,0.00082203041512536,2,0,FALSE,Democrazia Cristiana,Forza Italia / Popolo della Libertà
14,approvazione,PRI,MARGH,4,4923,0.000812512695510867,4,0,FALSE,Partito Repubblicano Italiano,La Margherita
14,approvazione,CDL,MARGH,3,4923,0.000609384521633151,3,0,FALSE,Casa delle Libertà,La Margherita
14,approvazione,ULIVO,FI,1,2433,0.00041101520756268,1,0,FALSE,L'Ulivo,Forza Italia / Popolo della Libertà
14,approvazione,PSDI,MARGH,1,4923,0.000203128173877717,1,0,FALSE,Partito Socialista Democratico Italiano,La Margherita
14,approvazione,DEM,MARGH,1,4923,0.000203128173877717,1,0,FALSE,I Democratici,La Margherita
14,approvazione,DEM,DS,1,7027,0.000142308239647076,1,0,FALSE,I Democratici,Democratici di Sinistra
14,ostilita,DS,FI,535,2433,0.219893136046034,715,0,FALSE,Democratici di Sinistra,Forza Italia / Popolo della Libertà
14,ostilita,DS,AN,337,2028,0.166173570019724,404,0,FALSE,Democratici di Sinistra,Alleanza Nazionale
14,ostilita,DS,LEGA,236,1500,0.157333333333333,278,0,FALSE,Democratici di Sinistra,Lega
14,ostilita,AN,PDCI,93,682,0.136363636363636,108,0,FALSE,Alleanza Nazionale,Comunisti Italiani
14,ostilita,MARGH,FI,291,2433,0.11960542540074,381,0,FALSE,La Margherita,Forza Italia / Popolo della Libertà
14,ostilita,AN,VERDI,118,1000,0.118,135,0,FALSE,Alleanza Nazionale,Verdi
14,ostilita,AN,DS,746,7027,0.106161946776718,890,0,FALSE,Alleanza Nazionale,Democratici di Sinistra
14,ostilita,AN,MARGH,460,4923,0.0934389599837498,592,0,FALSE,Alleanza Nazionale,La Margherita
14,ostilita,FI,PDCI,61,682,0.0894428152492669,66,0,FALSE,Forza Italia / Popolo della Libertà,Comunisti Italiani
14,ostilita,MARGH,AN,161,2028,0.0793885601577909,197,0,FALSE,La Margherita,Alleanza Nazionale
14,ostilita,FI,VERDI,74,1000,0.074,83,0,FALSE,Forza Italia / Popolo della Libertà,Verdi
14,ostilita,FI,DS,517,7027,0.0735733598975381,608,0,FALSE,Forza Italia / Popolo della Libertà,Democratici di Sinistra
14,ostilita,AN,SDI,37,549,0.0673952641165756,46,0,FALSE,Alleanza Nazionale,Socialisti Democratici Italiani
14,ostilita,LEGA,PDCI,45,682,0.0659824046920821,51,0,FALSE,Lega,Comunisti Italiani
14,ostilita,FI,MARGH,303,4923,0.0615478366849482,368,0,FALSE,Forza Italia / Popolo della Libertà,La Margherita
14,ostilita,LEGA,VERDI,61,1000,0.061,72,0,FALSE,Lega,Verdi
14,ostilita,MARGH,LEGA,91,1500,0.0606666666666667,100,0,FALSE,La Margherita,Lega
14,ostilita,AN,RC,79,1315,0.0600760456273764,88,0,FALSE,Alleanza Nazionale,Rifondazione Comunista
14,ostilita,PDCI,FI,144,2433,0.0591861898890259,161,0,FALSE,Comunisti Italiani,Forza Italia / Popolo della Libertà
14,ostilita,LEGA,SDI,32,549,0.058287795992714,39,0,FALSE,Lega,Socialisti Democratici Italiani
14,ostilita,RC,FI,136,2433,0.0558980682285245,152,0,FALSE,Rifondazione Comunista,Forza Italia / Popolo della Libertà
14,ostilita,LEGA,DS,333,7027,0.0473886438024762,376,0,FALSE,Lega,Democratici di Sinistra
14,ostilita,LEGA,RC,59,1315,0.0448669201520913,68,0,FALSE,Lega,Rifondazione Comunista
14,ostilita,FI,SDI,24,549,0.0437158469945355,28,0,FALSE,Forza Italia / Popolo della Libertà,Socialisti Democratici Italiani
14,ostilita,LEGA,MARGH,214,4923,0.0434694292098314,262,0,FALSE,Lega,La Margherita
14,ostilita,RC,AN,87,2028,0.0428994082840237,89,0,FALSE,Rifondazione Comunista,Alleanza Nazionale
14,ostilita,PDCI,AN,87,2028,0.0428994082840237,96,0,FALSE,Comunisti Italiani,Alleanza Nazionale
14,ostilita,RC,LEGA,63,1500,0.042,66,0,FALSE,Rifondazione Comunista,Lega
14,ostilita,FI,RC,53,1315,0.0403041825095057,59,0,FALSE,Forza Italia / Popolo della Libertà,Rifondazione Comunista
14,ostilita,MARGH,UDC,15,419,0.035799522673031,17,0,FALSE,La Margherita,UDC (CCD-CDU)
14,ostilita,PDCI,LEGA,48,1500,0.032,50,0,FALSE,Comunisti Italiani,Lega
14,ostilita,VERDI,FI,69,2433,0.0283600493218249,77,0,FALSE,Verdi,Forza Italia / Popolo della Libertà
14,ostilita,DS,UDC,11,419,0.0262529832935561,11,0,FALSE,Democratici di Sinistra,UDC (CCD-CDU)
14,ostilita,VERDI,LEGA,35,1500,0.0233333333333333,39,0,FALSE,Verdi,Lega
14,ostilita,AN,FI,46,2433,0.0189066995478833,55,0,FALSE,Alleanza Nazionale,Forza Italia / Popolo della Libertà
14,ostilita,RC,UDC,7,419,0.0167064439140811,7,0,FALSE,Rifondazione Comunista,UDC (CCD-CDU)
14,ostilita,UDC,PDCI,11,682,0.0161290322580645,11,0,FALSE,UDC (CCD-CDU),Comunisti Italiani
14,ostilita,VERDI,AN,31,2028,0.0152859960552268,35,0,FALSE,Verdi,Alleanza Nazionale
14,ostilita,AN,LEGA,22,1500,0.0146666666666667,23,0,FALSE,Alleanza Nazionale,Lega
14,ostilita,LEGA,LEGA,21,1500,0.014,28,0,TRUE,Lega,Lega
14,ostilita,AN,UDC,5,419,0.0119331742243437,5,0,FALSE,Alleanza Nazionale,UDC (CCD-CDU)
14,ostilita,MARGH,PSI,1,87,0.0114942528735632,1,0,FALSE,La Margherita,Partito Socialista Italiano
14,ostilita,LEGA,PSI,1,87,0.0114942528735632,1,0,FALSE,Lega,Partito Socialista Italiano
14,ostilita,AN,PSI,1,87,0.0114942528735632,1,0,FALSE,Alleanza Nazionale,Partito Socialista Italiano
14,ostilita,FI,PSI,1,87,0.0114942528735632,1,0,FALSE,Forza Italia / Popolo della Libertà,Partito Socialista Italiano
14,ostilita,FI,FI,24,2433,0.00986436498150432,26,0,TRUE,Forza Italia / Popolo della Libertà,Forza Italia / Popolo della Libertà
14,ostilita,AN,AN,18,2028,0.00887573964497041,19,0,TRUE,Alleanza Nazionale,Alleanza Nazionale
14,ostilita,LEGA,FI,21,2433,0.00863131935881628,21,0,FALSE,Lega,Forza Italia / Popolo della Libertà
14,ostilita,LEGA,AN,16,2028,0.00788954635108481,18,0,FALSE,Lega,Alleanza Nazionale
14,ostilita,SDI,AN,15,2028,0.00739644970414201,22,0,FALSE,Socialisti Democratici Italiani,Alleanza Nazionale
14,ostilita,FI,LEGA,11,1500,0.00733333333333333,13,0,FALSE,Forza Italia / Popolo della Libertà,Lega
14,ostilita,FI,UDC,3,419,0.00715990453460621,3,0,FALSE,Forza Italia / Popolo della Libertà,UDC (CCD-CDU)
14,ostilita,PDCI,UDC,3,419,0.00715990453460621,3,0,FALSE,Comunisti Italiani,UDC (CCD-CDU)
14,ostilita,DS,DS,48,7027,0.00683079550305963,54,0,TRUE,Democratici di Sinistra,Democratici di Sinistra
14,ostilita,FI,AN,13,2028,0.00641025641025641,13,0,FALSE,Forza Italia / Popolo della Libertà,Alleanza Nazionale
14,ostilita,SDI,FI,15,2433,0.0061652281134402,17,0,FALSE,Socialisti Democratici Italiani,Forza Italia / Popolo della Libertà
14,ostilita,UDC,VERDI,6,1000,0.006,6,0,FALSE,UDC (CCD-CDU),Verdi
14,ostilita,CDL,SDI,3,549,0.00546448087431694,4,0,FALSE,Casa delle Libertà,Socialisti Democratici Italiani
14,ostilita,RC,RC,7,1315,0.00532319391634981,7,0,TRUE,Rifondazione Comunista,Rifondazione Comunista
14,ostilita,SDI,LEGA,7,1500,0.00466666666666667,7,0,FALSE,Socialisti Democratici Italiani,Lega
14,ostilita,UDC,RC,6,1315,0.00456273764258555,6,0,FALSE,UDC (CCD-CDU),Rifondazione Comunista
14,ostilita,CDL,MARGH,22,4923,0.00446881982530977,22,0,FALSE,Casa delle Libertà,La Margherita
14,ostilita,DS,MARGH,20,4923,0.00406256347755434,27,0,FALSE,Democratici di Sinistra,La Margherita
14,ostilita,VERDI,VERDI,4,1000,0.004,4,0,TRUE,Verdi,Verdi
14,ostilita,CDL,AN,7,2028,0.00345167652859961,7,0,FALSE,Casa delle Libertà,Alleanza Nazionale
14,ostilita,CDL,DS,23,7027,0.00327308951188274,23,0,FALSE,Casa delle Libertà,Democratici di Sinistra
14,ostilita,MARGH,MARGH,16,4923,0.00325005078204347,23,0,TRUE,La Margherita,La Margherita
14,ostilita,RC,VERDI,3,1000,0.003,3,0,FALSE,Rifondazione Comunista,Verdi
14,ostilita,DS,VERDI,3,1000,0.003,3,0,FALSE,Democratici di Sinistra,Verdi
14,ostilita,MARGH,VERDI,3,1000,0.003,3,0,FALSE,La Margherita,Verdi
14,ostilita,CDL,PDCI,2,682,0.00293255131964809,2,0,FALSE,Casa delle Libertà,Comunisti Italiani
14,ostilita,PDCI,PDCI,2,682,0.00293255131964809,2,0,TRUE,Comunisti Italiani,Comunisti Italiani
14,ostilita,ULIVO,FI,7,2433,0.00287710645293876,7,0,FALSE,L'Ulivo,Forza Italia / Popolo della Libertà
14,ostilita,UDC,DS,20,7027,0.00284616479294151,20,0,FALSE,UDC (CCD-CDU),Democratici di Sinistra
14,ostilita,MARGH,DS,17,7027,0.00241924007400029,19,0,FALSE,La Margherita,Democratici di Sinistra
14,ostilita,LEGA,UDC,1,419,0.00238663484486874,1,0,FALSE,Lega,UDC (CCD-CDU)
14,ostilita,DS,RC,3,1315,0.00228136882129278,3,0,FALSE,Democratici di Sinistra,Rifondazione Comunista
14,ostilita,UDC,MARGH,11,4923,0.00223440991265489,11,0,FALSE,UDC (CCD-CDU),La Margherita
14,ostilita,CDL,VERDI,2,1000,0.002,2,0,FALSE,Casa delle Libertà,Verdi
14,ostilita,DS,SDI,1,549,0.00182149362477231,1,0,FALSE,Democratici di Sinistra,Socialisti Democratici Italiani
14,ostilita,RC,SDI,1,549,0.00182149362477231,1,0,FALSE,Rifondazione Comunista,Socialisti Democratici Italiani
14,ostilita,PDCI,SDI,1,549,0.00182149362477231,1,0,FALSE,Comunisti Italiani,Socialisti Democratici Italiani
14,ostilita,PSI,FI,4,2433,0.00164406083025072,5,0,FALSE,Partito Socialista Italiano,Forza Italia / Popolo della Libertà
14,ostilita,MARGH,RC,2,1315,0.00152091254752852,2,0,FALSE,La Margherita,Rifondazione Comunista
14,ostilita,CDL,RC,2,1315,0.00152091254752852,2,0,FALSE,Casa delle Libertà,Rifondazione Comunista
14,ostilita,ULIVO,AN,3,2028,0.0014792899408284,3,0,FALSE,L'Ulivo,Alleanza Nazionale
14,ostilita,DS,PDCI,1,682,0.00146627565982405,1,0,FALSE,Democratici di Sinistra,Comunisti Italiani
14,ostilita,PDCI,DS,10,7027,0.00142308239647076,10,0,FALSE,Comunisti Italiani,Democratici di Sinistra
14,ostilita,CDL,LEGA,2,1500,0.00133333333333333,2,0,FALSE,Casa delle Libertà,Lega
14,ostilita,PSI,LEGA,2,1500,0.00133333333333333,2,0,FALSE,Partito Socialista Italiano,Lega
14,ostilita,PRI,LEGA,2,1500,0.00133333333333333,2,0,FALSE,Partito Repubblicano Italiano,Lega
14,ostilita,ULIVO,LEGA,2,1500,0.00133333333333333,2,0,FALSE,L'Ulivo,Lega
14,ostilita,RC,MARGH,6,4923,0.0012187690432663,6,0,FALSE,Rifondazione Comunista,La Margherita
14,ostilita,VERDI,MARGH,5,4923,0.00101564086938858,5,0,FALSE,Verdi,La Margherita
14,ostilita,RC,DS,7,7027,0.000996157677529529,7,0,FALSE,Rifondazione Comunista,Democratici di Sinistra
14,ostilita,UDC,AN,2,2028,0.000986193293885602,2,0,FALSE,UDC (CCD-CDU),Alleanza Nazionale
14,ostilita,PSI,AN,2,2028,0.000986193293885602,2,0,FALSE,Partito Socialista Italiano,Alleanza Nazionale
14,ostilita,DEM,FI,2,2433,0.00082203041512536,2,0,FALSE,I Democratici,Forza Italia / Popolo della Libertà
14,ostilita,PSI,RC,1,1315,0.000760456273764259,1,0,FALSE,Partito Socialista Italiano,Rifondazione Comunista
14,ostilita,SDI,RC,1,1315,0.000760456273764259,1,0,FALSE,Socialisti Democratici Italiani,Rifondazione Comunista
14,ostilita,PDCI,RC,1,1315,0.000760456273764259,1,0,FALSE,Comunisti Italiani,Rifondazione Comunista
14,ostilita,VERDI,RC,1,1315,0.000760456273764259,1,0,FALSE,Verdi,Rifondazione Comunista
14,ostilita,SDI,MARGH,3,4923,0.000609384521633151,3,0,FALSE,Socialisti Democratici Italiani,La Margherita
14,ostilita,VERDI,DS,3,7027,0.000426924718941227,3,0,FALSE,Verdi,Democratici di Sinistra
14,ostilita,CDL,FI,1,2433,0.00041101520756268,1,0,FALSE,Casa delle Libertà,Forza Italia / Popolo della Libertà
14,ostilita,PDCI,MARGH,2,4923,0.000406256347755434,2,0,FALSE,Comunisti Italiani,La Margherita
14,ostilita,PSI,DS,2,7027,0.000284616479294151,2,0,FALSE,Partito Socialista Italiano,Democratici di Sinistra
14,ostilita,PSI,MARGH,1,4923,0.000203128173877717,1,0,FALSE,Partito Socialista Italiano,La Margherita
14,ostilita,ULIVO,MARGH,1,4923,0.000203128173877717,1,0,FALSE,L'Ulivo,La Margherita
14,ostilita,DEM,DS,1,7027,0.000142308239647076,1,0,FALSE,I Democratici,Democratici di Sinistra
14,ostilita,SDI,DS,1,7027,0.000142308239647076,1,0,FALSE,Socialisti Democratici Italiani,Democratici di Sinistra
15,approvazione,PDCI,PDCI,182,210,0.866666666666667,194,0,TRUE,Comunisti Italiani,Comunisti Italiani
15,approvazione,RC,RC,302,354,0.853107344632768,327,0,TRUE,Rifondazione Comunista,Rifondazione Comunista
15,approvazione,LEGA,LEGA,696,820,0.848780487804878,838,0,TRUE,Lega,Lega
15,approvazione,VERDI,VERDI,230,279,0.824372759856631,247,0,TRUE,Verdi,Verdi
15,approvazione,FI,FI,1323,1609,0.82224984462399,1571,0,TRUE,Forza Italia / Popolo della Libertà,Forza Italia / Popolo della Libertà
15,approvazione,ULIVO,PD,4,5,0.8,4,0,FALSE,L'Ulivo,Partito Democratico
15,approvazione,RNP,RNP,204,257,0.793774319066148,217,0,TRUE,Rosa nel Pugno,Rosa nel Pugno
15,approvazione,AN,AN,741,940,0.788297872340426,851,0,TRUE,Alleanza Nazionale,Alleanza Nazionale
15,approvazione,IDV,IDV,158,210,0.752380952380952,161,0,TRUE,Italia dei Valori,Italia dei Valori
15,approvazione,RC,PSI,3,5,0.6,3,0,FALSE,Rifondazione Comunista,Partito Socialista Italiano
15,approvazione,ULIVO,PSI,3,5,0.6,3,0,FALSE,L'Ulivo,Partito Socialista Italiano
15,approvazione,ULIVO,ULIVO,695,1266,0.548973143759874,780,0,TRUE,L'Ulivo,L'Ulivo
15,approvazione,VERDI,PD,2,5,0.4,2,0,FALSE,Verdi,Partito Democratico
15,approvazione,PDCI,PSI,2,5,0.4,2,0,FALSE,Comunisti Italiani,Partito Socialista Italiano
15,approvazione,IDV,PSI,2,5,0.4,2,0,FALSE,Italia dei Valori,Partito Socialista Italiano
15,approvazione,ULIVO,DS,12,39,0.307692307692308,13,0,FALSE,L'Ulivo,Democratici di Sinistra
15,approvazione,ULIVO,RC,103,354,0.290960451977401,110,0,FALSE,L'Ulivo,Rifondazione Comunista
15,approvazione,FI,AN,225,940,0.23936170212766,266,0,FALSE,Forza Italia / Popolo della Libertà,Alleanza Nazionale
15,approvazione,ULIVO,VERDI,66,279,0.236559139784946,71,0,FALSE,L'Ulivo,Verdi
15,approvazione,RC,DS,8,39,0.205128205128205,9,0,FALSE,Rifondazione Comunista,Democratici di Sinistra
15,approvazione,FI,LEGA,167,820,0.203658536585366,202,0,FALSE,Forza Italia / Popolo della Libertà,Lega
15,approvazione,FI,PD,1,5,0.2,2,0,FALSE,Forza Italia / Popolo della Libertà,Partito Democratico
15,approvazione,RNP,PSI,1,5,0.2,1,0,FALSE,Rosa nel Pugno,Partito Socialista Italiano
15,approvazione,VERDI,PSI,1,5,0.2,1,0,FALSE,Verdi,Partito Socialista Italiano
15,approvazione,ULIVO,IDV,41,210,0.195238095238095,42,0,FALSE,L'Ulivo,Italia dei Valori
15,approvazione,IDV,MARGH,2,11,0.181818181818182,2,0,FALSE,Italia dei Valori,La Margherita
15,approvazione,PD,MARGH,2,11,0.181818181818182,2,0,FALSE,Partito Democratico,La Margherita
15,approvazione,AN,FI,290,1609,0.180236171535115,361,0,FALSE,Alleanza Nazionale,Forza Italia / Popolo della Libertà
15,approvazione,RC,ULIVO,227,1266,0.179304897314376,280,0,FALSE,Rifondazione Comunista,L'Ulivo
15,approvazione,VERDI,DS,6,39,0.153846153846154,7,0,FALSE,Verdi,Democratici di Sinistra
15,approvazione,IDV,ULIVO,190,1266,0.150078988941548,250,0,FALSE,Italia dei Valori,L'Ulivo
15,approvazione,PDCI,RC,51,354,0.14406779661017,57,0,FALSE,Comunisti Italiani,Rifondazione Comunista
15,approvazione,RC,PDCI,30,210,0.142857142857143,31,0,FALSE,Rifondazione Comunista,Comunisti Italiani
15,approvazione,VERDI,ULIVO,178,1266,0.140600315955766,224,0,FALSE,Verdi,L'Ulivo
15,approvazione,ULIVO,RNP,36,257,0.140077821011673,40,0,FALSE,L'Ulivo,Rosa nel Pugno
15,approvazione,RC,VERDI,39,279,0.139784946236559,45,0,FALSE,Rifondazione Comunista,Verdi
15,approvazione,RNP,VERDI,36,279,0.129032258064516,42,0,FALSE,Rosa nel Pugno,Verdi
15,approvazione,PDCI,ULIVO,157,1266,0.124012638230648,199,0,FALSE,Comunisti Italiani,L'Ulivo
15,approvazione,AN,LEGA,96,820,0.117073170731707,111,0,FALSE,Alleanza Nazionale,Lega
15,approvazione,SD,ULIVO,147,1266,0.116113744075829,164,0,FALSE,Sinistra Democratica,L'Ulivo
15,approvazione,VERDI,RC,38,354,0.107344632768362,40,0,FALSE,Verdi,Rifondazione Comunista
15,approvazione,FI,UDC,10,94,0.106382978723404,10,0,FALSE,Forza Italia / Popolo della Libertà,UDC (CCD-CDU)
15,approvazione,LEGA,FI,167,1609,0.103791174642635,194,0,FALSE,Lega,Forza Italia / Popolo della Libertà
15,approvazione,VERDI,RNP,26,257,0.101167315175097,29,0,FALSE,Verdi,Rosa nel Pugno
15,approvazione,RNP,ULIVO,124,1266,0.0979462875197472,158,0,FALSE,Rosa nel Pugno,L'Ulivo
15,approvazione,RNP,RC,34,354,0.096045197740113,36,0,FALSE,Rosa nel Pugno,Rifondazione Comunista
15,approvazione,SD,MARGH,1,11,0.0909090909090909,1,0,FALSE,Sinistra Democratica,La Margherita
15,approvazione,RC,MARGH,1,11,0.0909090909090909,1,0,FALSE,Rifondazione Comunista,La Margherita
15,approvazione,PDCI,MARGH,1,11,0.0909090909090909,1,0,FALSE,Comunisti Italiani,La Margherita
15,approvazione,RNP,MARGH,1,11,0.0909090909090909,1,0,FALSE,Rosa nel Pugno,La Margherita
15,approvazione,ULIVO,MARGH,1,11,0.0909090909090909,1,0,FALSE,L'Ulivo,La Margherita
15,approvazione,VERDI,MARGH,1,11,0.0909090909090909,1,0,FALSE,Verdi,La Margherita
15,approvazione,LEGA,MARGH,1,11,0.0909090909090909,1,0,FALSE,Lega,La Margherita
15,approvazione,FI,MARGH,1,11,0.0909090909090909,1,0,FALSE,Forza Italia / Popolo della Libertà,La Margherita
15,approvazione,FI,RNP,23,257,0.0894941634241245,31,0,FALSE,Forza Italia / Popolo della Libertà,Rosa nel Pugno
15,approvazione,ULIVO,PDCI,18,210,0.0857142857142857,19,0,FALSE,L'Ulivo,Comunisti Italiani
15,approvazione,SD,PDCI,17,210,0.080952380952381,17,0,FALSE,Sinistra Democratica,Comunisti Italiani
15,approvazione,PD,ULIVO,97,1266,0.0766192733017378,126,0,FALSE,Partito Democratico,L'Ulivo
15,approvazione,PDCI,VERDI,21,279,0.0752688172043011,26,0,FALSE,Comunisti Italiani,Verdi
15,approvazione,ULIVO,UDC,7,94,0.074468085106383,8,0,FALSE,L'Ulivo,UDC (CCD-CDU)
15,approvazione,LEGA,AN,68,940,0.0723404255319149,76,0,FALSE,Lega,Alleanza Nazionale
15,approvazione,SD,RC,25,354,0.0706214689265537,26,0,FALSE,Sinistra Democratica,Rifondazione Comunista
15,approvazione,RC,RNP,17,257,0.066147859922179,20,0,FALSE,Rifondazione Comunista,Rosa nel Pugno
15,approvazione,RNP,UDC,6,94,0.0638297872340426,7,0,FALSE,Rosa nel Pugno,UDC (CCD-CDU)
15,approvazione,AN,UDC,6,94,0.0638297872340426,7,0,FALSE,Alleanza Nazionale,UDC (CCD-CDU)
15,approvazione,PSI,RNP,15,257,0.0583657587548638,17,0,FALSE,Partito Socialista Italiano,Rosa nel Pugno
15,approvazione,RAD,RNP,15,257,0.0583657587548638,17,0,FALSE,Radicali,Rosa nel Pugno
15,approvazione,RNP,DS,2,39,0.0512820512820513,2,0,FALSE,Rosa nel Pugno,Democratici di Sinistra
15,approvazione,IDV,DS,2,39,0.0512820512820513,2,0,FALSE,Italia dei Valori,Democratici di Sinistra
15,approvazione,IDV,RC,16,354,0.0451977401129944,17,0,FALSE,Italia dei Valori,Rifondazione Comunista
15,approvazione,IDV,VERDI,12,279,0.0430107526881721,14,0,FALSE,Italia dei Valori,Verdi
15,approvazione,RC,UDC,4,94,0.0425531914893617,4,0,FALSE,Rifondazione Comunista,UDC (CCD-CDU)
15,approvazione,PDCI,UDC,4,94,0.0425531914893617,4,0,FALSE,Comunisti Italiani,UDC (CCD-CDU)
15,approvazione,IDV,UDC,4,94,0.0425531914893617,4,0,FALSE,Italia dei Valori,UDC (CCD-CDU)
15,approvazione,PDCI,RNP,10,257,0.0389105058365759,13,0,FALSE,Comunisti Italiani,Rosa nel Pugno
15,approvazione,LEGA,RNP,10,257,0.0389105058365759,12,0,FALSE,Lega,Rosa nel Pugno
15,approvazione,FI,IDV,8,210,0.0380952380952381,8,0,FALSE,Forza Italia / Popolo della Libertà,Italia dei Valori
15,approvazione,RC,IDV,7,210,0.0333333333333333,8,0,FALSE,Rifondazione Comunista,Italia dei Valori
15,approvazione,VERDI,IDV,7,210,0.0333333333333333,9,0,FALSE,Verdi,Italia dei Valori
15,approvazione,VERDI,PDCI,7,210,0.0333333333333333,7,0,FALSE,Verdi,Comunisti Italiani
15,approvazione,LEGA,UDC,3,94,0.0319148936170213,3,0,FALSE,Lega,UDC (CCD-CDU)
15,approvazione,IDV,RNP,8,257,0.0311284046692607,12,0,FALSE,Italia dei Valori,Rosa nel Pugno
15,approvazione,RNP,IDV,6,210,0.0285714285714286,8,0,FALSE,Rosa nel Pugno,Italia dei Valori
15,approvazione,IDV,PDCI,6,210,0.0285714285714286,7,0,FALSE,Italia dei Valori,Comunisti Italiani
15,approvazione,AN,RNP,7,257,0.0272373540856031,10,0,FALSE,Alleanza Nazionale,Rosa nel Pugno
15,approvazione,PDCI,DS,1,39,0.0256410256410256,1,0,FALSE,Comunisti Italiani,Democratici di Sinistra
15,approvazione,SD,DS,1,39,0.0256410256410256,1,0,FALSE,Sinistra Democratica,Democratici di Sinistra
15,approvazione,PD,DS,1,39,0.0256410256410256,1,0,FALSE,Partito Democratico,Democratici di Sinistra
15,approvazione,SD,VERDI,7,279,0.025089605734767,9,0,FALSE,Sinistra Democratica,Verdi
15,approvazione,PD,VERDI,7,279,0.025089605734767,9,0,FALSE,Partito Democratico,Verdi
15,approvazione,AN,IDV,5,210,0.0238095238095238,5,0,FALSE,Alleanza Nazionale,Italia dei Valori
15,approvazione,PD,RC,8,354,0.0225988700564972,8,0,FALSE,Partito Democratico,Rifondazione Comunista
15,approvazione,FI,ULIVO,28,1266,0.0221169036334913,30,0,FALSE,Forza Italia / Popolo della Libertà,L'Ulivo
15,approvazione,PSI,VERDI,6,279,0.021505376344086,6,0,FALSE,Partito Socialista Italiano,Verdi
15,approvazione,VERDI,UDC,2,94,0.0212765957446809,2,0,FALSE,Verdi,UDC (CCD-CDU)
15,approvazione,FI,RC,7,354,0.019774011299435,8,0,FALSE,Forza Italia / Popolo della Libertà,Rifondazione Comunista
15,approvazione,LEGA,IDV,4,210,0.0190476190476191,4,0,FALSE,Lega,Italia dei Valori
15,approvazione,RNP,PDCI,4,210,0.0190476190476191,4,0,FALSE,Rosa nel Pugno,Comunisti Italiani
15,approvazione,FI,PDCI,4,210,0.0190476190476191,4,0,FALSE,Forza Italia / Popolo della Libertà,Comunisti Italiani
15,approvazione,PSI,ULIVO,22,1266,0.0173775671406003,27,0,FALSE,Partito Socialista Italiano,L'Ulivo
15,approvazione,PRI,FI,24,1609,0.0149160969546302,28,0,FALSE,Partito Repubblicano Italiano,Forza Italia / Popolo della Libertà
15,approvazione,MISTO,AN,14,940,0.0148936170212766,16,0,FALSE,Gruppo misto,Alleanza Nazionale
15,approvazione,PDCI,IDV,3,210,0.0142857142857143,4,0,FALSE,Comunisti Italiani,Italia dei Valori
15,approvazione,PD,IDV,3,210,0.0142857142857143,3,0,FALSE,Partito Democratico,Italia dei Valori
15,approvazione,AN,PDCI,3,210,0.0142857142857143,3,0,FALSE,Alleanza Nazionale,Comunisti Italiani
15,approvazione,AN,ULIVO,18,1266,0.014218009478673,18,0,FALSE,Alleanza Nazionale,L'Ulivo
15,approvazione,AN,RC,5,354,0.0141242937853107,5,0,FALSE,Alleanza Nazionale,Rifondazione Comunista
15,approvazione,PSI,FI,21,1609,0.0130515848353014,23,0,FALSE,Partito Socialista Italiano,Forza Italia / Popolo della Libertà
15,approvazione,DC,FI,20,1609,0.0124300807955252,22,0,FALSE,Democrazia Cristiana,Forza Italia / Popolo della Libertà
15,approvazione,RNP,FI,19,1609,0.0118085767557489,21,0,FALSE,Rosa nel Pugno,Forza Italia / Popolo della Libertà
15,approvazione,SD,RNP,3,257,0.0116731517509728,5,0,FALSE,Sinistra Democratica,Rosa nel Pugno
15,approvazione,PD,RNP,3,257,0.0116731517509728,3,0,FALSE,Partito Democratico,Rosa nel Pugno
15,approvazione,PSI,RC,4,354,0.0112994350282486,4,0,FALSE,Partito Socialista Italiano,Rifondazione Comunista
15,approvazione,LEGA,RC,4,354,0.0112994350282486,4,0,FALSE,Lega,Rifondazione Comunista
15,approvazione,DC,LEGA,9,820,0.0109756097560976,9,0,FALSE,Democrazia Cristiana,Lega
15,approvazione,PSI,LEGA,9,820,0.0109756097560976,9,0,FALSE,Partito Socialista Italiano,Lega
15,approvazione,RAD,VERDI,3,279,0.010752688172043,3,0,FALSE,Radicali,Verdi
15,approvazione,UDC,UDC,1,94,0.0106382978723404,1,0,TRUE,UDC (CCD-CDU),UDC (CCD-CDU)
15,approvazione,SD,UDC,1,94,0.0106382978723404,1,0,FALSE,Sinistra Democratica,UDC (CCD-CDU)
15,approvazione,ULIVO,FI,16,1609,0.00994406463642014,16,0,FALSE,L'Ulivo,Forza Italia / Popolo della Libertà
15,approvazione,SD,IDV,2,210,0.00952380952380953,2,0,FALSE,Sinistra Democratica,Italia dei Valori
15,approvazione,PSI,PDCI,2,210,0.00952380952380953,2,0,FALSE,Partito Socialista Italiano,Comunisti Italiani
15,approvazione,RAD,PDCI,2,210,0.00952380952380953,2,0,FALSE,Radicali,Comunisti Italiani
15,approvazione,LEGA,ULIVO,11,1266,0.00868878357030016,12,0,FALSE,Lega,L'Ulivo
15,approvazione,RAD,ULIVO,11,1266,0.00868878357030016,16,0,FALSE,Radicali,L'Ulivo
15,approvazione,ULIVO,LEGA,6,820,0.00731707317073171,6,0,FALSE,L'Ulivo,Lega
15,approvazione,FI,VERDI,2,279,0.00716845878136201,2,0,FALSE,Forza Italia / Popolo della Libertà,Verdi
15,approvazione,RC,FI,11,1609,0.00683654443753884,11,0,FALSE,Rifondazione Comunista,Forza Italia / Popolo della Libertà
15,approvazione,ULIVO,AN,6,940,0.00638297872340426,6,0,FALSE,L'Ulivo,Alleanza Nazionale
15,approvazione,RNP,AN,5,940,0.00531914893617021,5,0,FALSE,Rosa nel Pugno,Alleanza Nazionale
15,approvazione,UDC,IDV,1,210,0.00476190476190476,1,0,FALSE,UDC (CCD-CDU),Italia dei Valori
15,approvazione,LEGA,PDCI,1,210,0.00476190476190476,1,0,FALSE,Lega,Comunisti Italiani
15,approvazione,UDC,PDCI,1,210,0.00476190476190476,1,0,FALSE,UDC (CCD-CDU),Comunisti Italiani
15,approvazione,RC,AN,4,940,0.00425531914893617,4,0,FALSE,Rifondazione Comunista,Alleanza Nazionale
15,approvazione,AN,VERDI,1,279,0.003584229390681,1,0,FALSE,Alleanza Nazionale,Verdi
15,approvazione,LEGA,VERDI,1,279,0.003584229390681,1,0,FALSE,Lega,Verdi
15,approvazione,DC,AN,3,940,0.00319148936170213,3,0,FALSE,Democrazia Cristiana,Alleanza Nazionale
15,approvazione,PSI,AN,3,940,0.00319148936170213,3,0,FALSE,Partito Socialista Italiano,Alleanza Nazionale
15,approvazione,DC,ULIVO,4,1266,0.00315955766192733,4,0,FALSE,Democrazia Cristiana,L'Ulivo
15,approvazione,VERDI,FI,5,1609,0.00310752019888129,5,0,FALSE,Verdi,Forza Italia / Popolo della Libertà
15,approvazione,DC,RC,1,354,0.00282485875706215,1,0,FALSE,Democrazia Cristiana,Rifondazione Comunista
15,approvazione,RAD,RC,1,354,0.00282485875706215,1,0,FALSE,Radicali,Rifondazione Comunista
15,approvazione,RC,LEGA,2,820,0.0024390243902439,2,0,FALSE,Rifondazione Comunista,Lega
15,approvazione,PDCI,LEGA,2,820,0.0024390243902439,2,0,FALSE,Comunisti Italiani,Lega
15,approvazione,PRI,LEGA,2,820,0.0024390243902439,2,0,FALSE,Partito Repubblicano Italiano,Lega
15,approvazione,SD,LEGA,2,820,0.0024390243902439,2,0,FALSE,Sinistra Democratica,Lega
15,approvazione,IDV,LEGA,2,820,0.0024390243902439,2,0,FALSE,Italia dei Valori,Lega
15,approvazione,DS,ULIVO,3,1266,0.0023696682464455,3,0,FALSE,Democratici di Sinistra,L'Ulivo
15,approvazione,PRI,ULIVO,3,1266,0.0023696682464455,3,0,FALSE,Partito Repubblicano Italiano,L'Ulivo
15,approvazione,VERDI,AN,2,940,0.00212765957446809,2,0,FALSE,Verdi,Alleanza Nazionale
15,approvazione,IDV,AN,2,940,0.00212765957446809,2,0,FALSE,Italia dei Valori,Alleanza Nazionale
15,approvazione,SD,AN,2,940,0.00212765957446809,2,0,FALSE,Sinistra Democratica,Alleanza Nazionale
15,approvazione,PDCI,FI,3,1609,0.00186451211932878,3,0,FALSE,Comunisti Italiani,Forza Italia / Popolo della Libertà
15,approvazione,IDV,FI,2,1609,0.00124300807955252,2,0,FALSE,Italia dei Valori,Forza Italia / Popolo della Libertà
15,approvazione,UDC,LEGA,1,820,0.00121951219512195,1,0,FALSE,UDC (CCD-CDU),Lega
15,approvazione,RNP,LEGA,1,820,0.00121951219512195,1,0,FALSE,Rosa nel Pugno,Lega
15,approvazione,PDCI,AN,1,940,0.00106382978723404,1,0,FALSE,Comunisti Italiani,Alleanza Nazionale
15,approvazione,PRI,AN,1,940,0.00106382978723404,1,0,FALSE,Partito Repubblicano Italiano,Alleanza Nazionale
15,approvazione,UDC,AN,1,940,0.00106382978723404,1,0,FALSE,UDC (CCD-CDU),Alleanza Nazionale
15,approvazione,UDC,ULIVO,1,1266,0.000789889415481833,1,0,FALSE,UDC (CCD-CDU),L'Ulivo
15,approvazione,UDC,FI,1,1609,0.000621504039776259,1,0,FALSE,UDC (CCD-CDU),Forza Italia / Popolo della Libertà
15,approvazione,SD,FI,1,1609,0.000621504039776259,1,0,FALSE,Sinistra Democratica,Forza Italia / Popolo della Libertà
15,approvazione,PD,FI,1,1609,0.000621504039776259,1,0,FALSE,Partito Democratico,Forza Italia / Popolo della Libertà
15,ostilita,AN,PCI,1,2,0.5,1,0,FALSE,Alleanza Nazionale,Partito Comunista Italiano
15,ostilita,FI,DS,17,39,0.435897435897436,18,0,FALSE,Forza Italia / Popolo della Libertà,Democratici di Sinistra
15,ostilita,AN,DS,13,39,0.333333333333333,15,0,FALSE,Alleanza Nazionale,Democratici di Sinistra
15,ostilita,LEGA,MARGH,3,11,0.272727272727273,3,0,FALSE,Lega,La Margherita
15,ostilita,ULIVO,UDC,21,94,0.223404255319149,21,0,FALSE,L'Ulivo,UDC (CCD-CDU)
15,ostilita,AN,PSI,1,5,0.2,1,0,FALSE,Alleanza Nazionale,Partito Socialista Italiano
15,ostilita,ULIVO,AN,126,940,0.134042553191489,150,0,FALSE,L'Ulivo,Alleanza Nazionale
15,ostilita,FI,ULIVO,151,1266,0.119273301737757,207,0,FALSE,Forza Italia / Popolo della Libertà,L'Ulivo
15,ostilita,ULIVO,FI,186,1609,0.115599751398384,215,0,FALSE,L'Ulivo,Forza Italia / Popolo della Libertà
15,ostilita,ULIVO,LEGA,81,820,0.0987804878048781,90,0,FALSE,L'Ulivo,Lega
15,ostilita,AN,ULIVO,120,1266,0.0947867298578199,151,0,FALSE,Alleanza Nazionale,L'Ulivo
15,ostilita,AN,MARGH,1,11,0.0909090909090909,1,0,FALSE,Alleanza Nazionale,La Margherita
15,ostilita,AN,PDCI,16,210,0.0761904761904762,17,0,FALSE,Alleanza Nazionale,Comunisti Italiani
15,ostilita,RC,UDC,7,94,0.074468085106383,7,0,FALSE,Rifondazione Comunista,UDC (CCD-CDU)
15,ostilita,FI,RC,24,354,0.0677966101694915,30,0,FALSE,Forza Italia / Popolo della Libertà,Rifondazione Comunista
15,ostilita,LEGA,UDC,6,94,0.0638297872340426,6,0,FALSE,Lega,UDC (CCD-CDU)
15,ostilita,AN,RC,20,354,0.0564971751412429,21,0,FALSE,Alleanza Nazionale,Rifondazione Comunista
15,ostilita,FI,VERDI,15,279,0.0537634408602151,15,0,FALSE,Forza Italia / Popolo della Libertà,Verdi
15,ostilita,FI,PDCI,11,210,0.0523809523809524,11,0,FALSE,Forza Italia / Popolo della Libertà,Comunisti Italiani
15,ostilita,UDC,DS,2,39,0.0512820512820513,2,0,FALSE,UDC (CCD-CDU),Democratici di Sinistra
15,ostilita,LEGA,ULIVO,55,1266,0.0434439178515008,70,0,FALSE,Lega,L'Ulivo
15,ostilita,AN,VERDI,12,279,0.0430107526881721,14,0,FALSE,Alleanza Nazionale,Verdi
15,ostilita,IDV,UDC,4,94,0.0425531914893617,4,0,FALSE,Italia dei Valori,UDC (CCD-CDU)
15,ostilita,RC,FI,63,1609,0.0391547545059043,67,0,FALSE,Rifondazione Comunista,Forza Italia / Popolo della Libertà
15,ostilita,RC,AN,36,940,0.0382978723404255,42,0,FALSE,Rifondazione Comunista,Alleanza Nazionale
15,ostilita,RC,LEGA,31,820,0.0378048780487805,33,0,FALSE,Rifondazione Comunista,Lega
15,ostilita,LEGA,IDV,7,210,0.0333333333333333,9,0,FALSE,Lega,Italia dei Valori
15,ostilita,AN,IDV,7,210,0.0333333333333333,7,0,FALSE,Alleanza Nazionale,Italia dei Valori
15,ostilita,FI,UDC,3,94,0.0319148936170213,3,0,FALSE,Forza Italia / Popolo della Libertà,UDC (CCD-CDU)
15,ostilita,PDCI,AN,28,940,0.0297872340425532,32,0,FALSE,Comunisti Italiani,Alleanza Nazionale
15,ostilita,LEGA,VERDI,8,279,0.028673835125448,14,0,FALSE,Lega,Verdi
15,ostilita,FI,IDV,6,210,0.0285714285714286,6,0,FALSE,Forza Italia / Popolo della Libertà,Italia dei Valori
15,ostilita,LEGA,RC,10,354,0.0282485875706215,11,0,FALSE,Lega,Rifondazione Comunista
15,ostilita,AN,RNP,7,257,0.0272373540856031,7,0,FALSE,Alleanza Nazionale,Rosa nel Pugno
15,ostilita,LEGA,DS,1,39,0.0256410256410256,1,0,FALSE,Lega,Democratici di Sinistra
15,ostilita,VERDI,UDC,2,94,0.0212765957446809,2,0,FALSE,Verdi,UDC (CCD-CDU)
15,ostilita,UDC,UDC,2,94,0.0212765957446809,2,0,TRUE,UDC (CCD-CDU),UDC (CCD-CDU)
15,ostilita,PDCI,FI,33,1609,0.0205096333126165,38,0,FALSE,Comunisti Italiani,Forza Italia / Popolo della Libertà
15,ostilita,FI,RNP,5,257,0.0194552529182879,5,0,FALSE,Forza Italia / Popolo della Libertà,Rosa nel Pugno
15,ostilita,LEGA,PDCI,4,210,0.0190476190476191,4,0,FALSE,Lega,Comunisti Italiani
15,ostilita,AN,AN,17,940,0.0180851063829787,17,0,TRUE,Alleanza Nazionale,Alleanza Nazionale
15,ostilita,VERDI,AN,17,940,0.0180851063829787,22,0,FALSE,Verdi,Alleanza Nazionale
15,ostilita,RNP,AN,15,940,0.0159574468085106,19,0,FALSE,Rosa nel Pugno,Alleanza Nazionale
15,ostilita,PDCI,LEGA,11,820,0.0134146341463415,12,0,FALSE,Comunisti Italiani,Lega
15,ostilita,UDC,RNP,3,257,0.0116731517509728,3,0,FALSE,UDC (CCD-CDU),Rosa nel Pugno
15,ostilita,AN,LEGA,9,820,0.0109756097560976,9,0,FALSE,Alleanza Nazionale,Lega
15,ostilita,LEGA,LEGA,9,820,0.0109756097560976,9,0,TRUE,Lega,Lega
15,ostilita,AN,UDC,1,94,0.0106382978723404,1,0,FALSE,Alleanza Nazionale,UDC (CCD-CDU)
15,ostilita,RNP,UDC,1,94,0.0106382978723404,1,0,FALSE,Rosa nel Pugno,UDC (CCD-CDU)
15,ostilita,SD,UDC,1,94,0.0106382978723404,1,0,FALSE,Sinistra Democratica,UDC (CCD-CDU)
15,ostilita,PDCI,UDC,1,94,0.0106382978723404,1,0,FALSE,Comunisti Italiani,UDC (CCD-CDU)
15,ostilita,PD,UDC,1,94,0.0106382978723404,1,0,FALSE,Partito Democratico,UDC (CCD-CDU)
15,ostilita,IDV,AN,9,940,0.00957446808510638,11,0,FALSE,Italia dei Valori,Alleanza Nazionale
15,ostilita,VERDI,FI,14,1609,0.00870105655686762,14,0,FALSE,Verdi,Forza Italia / Popolo della Libertà
15,ostilita,PD,FI,14,1609,0.00870105655686762,16,0,FALSE,Partito Democratico,Forza Italia / Popolo della Libertà
15,ostilita,VERDI,LEGA,7,820,0.00853658536585366,7,0,FALSE,Verdi,Lega
15,ostilita,FI,AN,8,940,0.00851063829787234,8,0,FALSE,Forza Italia / Popolo della Libertà,Alleanza Nazionale
15,ostilita,UDC,RC,3,354,0.00847457627118644,4,0,FALSE,UDC (CCD-CDU),Rifondazione Comunista
15,ostilita,FI,FI,13,1609,0.00807955251709136,13,0,TRUE,Forza Italia / Popolo della Libertà,Forza Italia / Popolo della Libertà
15,ostilita,UDC,ULIVO,10,1266,0.00789889415481833,12,0,FALSE,UDC (CCD-CDU),L'Ulivo
15,ostilita,LEGA,RNP,2,257,0.00778210116731518,2,0,FALSE,Lega,Rosa nel Pugno
15,ostilita,IDV,FI,12,1609,0.0074580484773151,12,0,FALSE,Italia dei Valori,Forza Italia / Popolo della Libertà
15,ostilita,SD,AN,7,940,0.0074468085106383,7,0,FALSE,Sinistra Democratica,Alleanza Nazionale
15,ostilita,UDC,VERDI,2,279,0.00716845878136201,2,0,FALSE,UDC (CCD-CDU),Verdi
15,ostilita,ULIVO,ULIVO,8,1266,0.00631911532385466,8,0,TRUE,L'Ulivo,L'Ulivo
15,ostilita,AN,FI,9,1609,0.00559353635798633,10,0,FALSE,Alleanza Nazionale,Forza Italia / Popolo della Libertà
15,ostilita,LEGA,AN,5,940,0.00531914893617021,5,0,FALSE,Lega,Alleanza Nazionale
15,ostilita,RC,IDV,1,210,0.00476190476190476,1,0,FALSE,Rifondazione Comunista,Italia dei Valori
15,ostilita,ULIVO,IDV,1,210,0.00476190476190476,1,0,FALSE,L'Ulivo,Italia dei Valori
15,ostilita,RNP,IDV,1,210,0.00476190476190476,1,0,FALSE,Rosa nel Pugno,Italia dei Valori
15,ostilita,RNP,PDCI,1,210,0.00476190476190476,1,0,FALSE,Rosa nel Pugno,Comunisti Italiani
15,ostilita,SD,FI,7,1609,0.00435052827843381,7,0,FALSE,Sinistra Democratica,Forza Italia / Popolo della Libertà
15,ostilita,RC,RNP,1,257,0.00389105058365759,1,0,FALSE,Rifondazione Comunista,Rosa nel Pugno
15,ostilita,VERDI,RNP,1,257,0.00389105058365759,1,0,FALSE,Verdi,Rosa nel Pugno
15,ostilita,RNP,RNP,1,257,0.00389105058365759,1,0,TRUE,Rosa nel Pugno,Rosa nel Pugno
15,ostilita,RNP,FI,6,1609,0.00372902423865755,6,0,FALSE,Rosa nel Pugno,Forza Italia / Popolo della Libertà
15,ostilita,SD,LEGA,3,820,0.00365853658536585,3,0,FALSE,Sinistra Democratica,Lega
15,ostilita,VERDI,VERDI,1,279,0.003584229390681,1,0,TRUE,Verdi,Verdi
15,ostilita,UDC,AN,3,940,0.00319148936170213,3,0,FALSE,UDC (CCD-CDU),Alleanza Nazionale
15,ostilita,PD,AN,3,940,0.00319148936170213,3,0,FALSE,Partito Democratico,Alleanza Nazionale
15,ostilita,RC,ULIVO,4,1266,0.00315955766192733,4,0,FALSE,Rifondazione Comunista,L'Ulivo
15,ostilita,ULIVO,RC,1,354,0.00282485875706215,1,0,FALSE,L'Ulivo,Rifondazione Comunista
15,ostilita,RC,RC,1,354,0.00282485875706215,1,0,TRUE,Rifondazione Comunista,Rifondazione Comunista
15,ostilita,RNP,LEGA,2,820,0.0024390243902439,2,0,FALSE,Rosa nel Pugno,Lega
15,ostilita,PD,LEGA,2,820,0.0024390243902439,2,0,FALSE,Partito Democratico,Lega
15,ostilita,RNP,ULIVO,3,1266,0.0023696682464455,3,0,FALSE,Rosa nel Pugno,L'Ulivo
15,ostilita,UDC,FI,3,1609,0.00186451211932878,3,0,FALSE,UDC (CCD-CDU),Forza Italia / Popolo della Libertà
15,ostilita,LEGA,FI,3,1609,0.00186451211932878,3,0,FALSE,Lega,Forza Italia / Popolo della Libertà
15,ostilita,VERDI,ULIVO,2,1266,0.00157977883096367,2,0,FALSE,Verdi,L'Ulivo
15,ostilita,IDV,ULIVO,2,1266,0.00157977883096367,2,0,FALSE,Italia dei Valori,L'Ulivo
15,ostilita,PDCI,ULIVO,2,1266,0.00157977883096367,2,0,FALSE,Comunisti Italiani,L'Ulivo
15,ostilita,FI,LEGA,1,820,0.00121951219512195,1,0,FALSE,Forza Italia / Popolo della Libertà,Lega
15,ostilita,IDV,LEGA,1,820,0.00121951219512195,1,0,FALSE,Italia dei Valori,Lega
16,approvazione,PD,PRI,1,1,1,1,0,FALSE,Partito Democratico,Partito Repubblicano Italiano
16,approvazione,LEGA,LEGA,2187,2399,0.911629845769071,4220,0,TRUE,Lega,Lega
16,approvazione,PD,PD,7269,8267,0.879279061328172,8411,0,TRUE,Partito Democratico,Partito Democratico
16,approvazione,UDC,UDC,1715,2039,0.841098577734183,2250,0,TRUE,UDC (CCD-CDU),UDC (CCD-CDU)
16,approvazione,IDV,IDV,2736,3619,0.756009947499309,3412,0,TRUE,Italia dei Valori,Italia dei Valori
16,approvazione,FI,FI,2870,4451,0.644798921590654,4242,0,TRUE,Forza Italia / Popolo della Libertà,Forza Italia / Popolo della Libertà
16,approvazione,FI,DS,3,10,0.3,3,0,FALSE,Forza Italia / Popolo della Libertà,Democratici di Sinistra
16,approvazione,IDV,DS,3,10,0.3,3,0,FALSE,Italia dei Valori,Democratici di Sinistra
16,approvazione,PD,UDC,498,2039,0.244237371260422,701,0,FALSE,Partito Democratico,UDC (CCD-CDU)
16,approvazione,LEGA,DS,2,10,0.2,2,0,FALSE,Lega,Democratici di Sinistra
16,approvazione,LEGA,FI,836,4451,0.18782296113233,1383,0,FALSE,Lega,Forza Italia / Popolo della Libertà
16,approvazione,FI,LEGA,419,2399,0.17465610671113,603,0,FALSE,Forza Italia / Popolo della Libertà,Lega
16,approvazione,FLI,FI,611,4451,0.137272523028533,752,0,FALSE,Futuro e Libertà,Forza Italia / Popolo della Libertà
16,approvazione,IDV,UDC,277,2039,0.135850907307504,377,0,FALSE,Italia dei Valori,UDC (CCD-CDU)
16,approvazione,PD,IDV,470,3619,0.12987012987013,515,0,FALSE,Partito Democratico,Italia dei Valori
16,approvazione,PD,DS,1,10,0.1,1,0,FALSE,Partito Democratico,Democratici di Sinistra
16,approvazione,IDV,PD,785,8267,0.0949558485544938,1006,0,FALSE,Italia dei Valori,Partito Democratico
16,approvazione,FI,UDC,187,2039,0.0917116233447769,226,0,FALSE,Forza Italia / Popolo della Libertà,UDC (CCD-CDU)
16,approvazione,PD,FI,359,4451,0.0806560323522804,449,0,FALSE,Partito Democratico,Forza Italia / Popolo della Libertà
16,approvazione,UDC,PD,502,8267,0.0607233579291158,592,0,FALSE,UDC (CCD-CDU),Partito Democratico
16,approvazione,UDC,FI,214,4451,0.0480790833520557,276,0,FALSE,UDC (CCD-CDU),Forza Italia / Popolo della Libertà
16,approvazione,FLI,UDC,88,2039,0.0431584109857773,147,0,FALSE,Futuro e Libertà,UDC (CCD-CDU)
16,approvazione,LEGA,UDC,70,2039,0.034330554193232,79,0,FALSE,Lega,UDC (CCD-CDU)
16,approvazione,IDV,FI,149,4451,0.0334756234554033,188,0,FALSE,Italia dei Valori,Forza Italia / Popolo della Libertà
16,approvazione,FI,PD,194,8267,0.023466795693722,234,0,FALSE,Forza Italia / Popolo della Libertà,Partito Democratico
16,approvazione,PD,LEGA,39,2399,0.0162567736556899,51,0,FALSE,Partito Democratico,Lega
16,approvazione,UDC,IDV,58,3619,0.0160265266648245,64,0,FALSE,UDC (CCD-CDU),Italia dei Valori
16,approvazione,FI,IDV,54,3619,0.0149212489638022,59,0,FALSE,Forza Italia / Popolo della Libertà,Italia dei Valori
16,approvazione,LEGA,IDV,50,3619,0.0138159712627798,56,0,FALSE,Lega,Italia dei Valori
16,approvazione,IDV,LEGA,25,2399,0.0104210087536474,30,0,FALSE,Italia dei Valori,Lega
16,approvazione,UDC,LEGA,25,2399,0.0104210087536474,28,0,FALSE,UDC (CCD-CDU),Lega
16,approvazione,PRI,FI,46,4451,0.010334756234554,50,0,FALSE,Partito Repubblicano Italiano,Forza Italia / Popolo della Libertà
16,approvazione,LEGA,PD,80,8267,0.00967702915205032,93,0,FALSE,Lega,Partito Democratico
16,approvazione,PLI,FI,40,4451,0.00898674455178612,73,0,FALSE,Partito Liberale Italiano,Forza Italia / Popolo della Libertà
16,approvazione,FLI,PD,67,8267,0.00810451191484214,88,0,FALSE,Futuro e Libertà,Partito Democratico
16,approvazione,MISTO,FI,28,4451,0.00629072118625028,28,0,FALSE,Gruppo misto,Forza Italia / Popolo della Libertà
16,approvazione,FLI,IDV,19,3619,0.00525006907985631,26,0,FALSE,Futuro e Libertà,Italia dei Valori
16,approvazione,MISTO,IDV,14,3619,0.00386847195357834,15,0,FALSE,Gruppo misto,Italia dei Valori
16,approvazione,PRI,UDC,7,2039,0.0034330554193232,7,0,FALSE,Partito Repubblicano Italiano,UDC (CCD-CDU)
16,approvazione,FLI,LEGA,8,2399,0.00333472280116715,9,0,FALSE,Futuro e Libertà,Lega
16,approvazione,PLI,UDC,4,2039,0.00196174595389897,5,0,FALSE,Partito Liberale Italiano,UDC (CCD-CDU)
16,approvazione,PLI,LEGA,4,2399,0.00166736140058358,9,0,FALSE,Partito Liberale Italiano,Lega
16,approvazione,MISTO,UDC,2,2039,0.000980872976949485,2,0,FALSE,Gruppo misto,UDC (CCD-CDU)
16,approvazione,PLI,PD,3,8267,0.000362888593201887,3,0,FALSE,Partito Liberale Italiano,Partito Democratico
16,approvazione,PRI,IDV,1,3619,0.000276319425255595,1,0,FALSE,Partito Repubblicano Italiano,Italia dei Valori
16,approvazione,PRI,PD,2,8267,0.000241925728801258,3,0,FALSE,Partito Repubblicano Italiano,Partito Democratico
16,approvazione,MISTO,PD,1,8267,0.000120962864400629,1,0,FALSE,Gruppo misto,Partito Democratico
16,ostilita,FI,IDV,592,3619,0.163581099751313,744,0,FALSE,Forza Italia / Popolo della Libertà,Italia dei Valori
16,ostilita,IDV,DS,1,10,0.1,1,0,FALSE,Italia dei Valori,Democratici di Sinistra
16,ostilita,PD,DS,1,10,0.1,1,0,FALSE,Partito Democratico,Democratici di Sinistra
16,ostilita,LEGA,IDV,330,3619,0.0911854103343465,414,0,FALSE,Lega,Italia dei Valori
16,ostilita,PD,FI,368,4451,0.0826780498764323,558,0,FALSE,Partito Democratico,Forza Italia / Popolo della Libertà
16,ostilita,PD,LEGA,197,2399,0.0821175489787411,263,0,FALSE,Partito Democratico,Lega
16,ostilita,FI,PD,386,8267,0.0466916656586428,467,0,FALSE,Forza Italia / Popolo della Libertà,Partito Democratico
16,ostilita,LEGA,PD,277,8267,0.0335067134389742,361,0,FALSE,Lega,Partito Democratico
16,ostilita,LEGA,UDC,66,2039,0.032368808239333,90,0,FALSE,Lega,UDC (CCD-CDU)
16,ostilita,FI,UDC,50,2039,0.0245218244237371,55,0,FALSE,Forza Italia / Popolo della Libertà,UDC (CCD-CDU)
16,ostilita,IDV,FI,109,4451,0.0244888789036172,136,0,FALSE,Italia dei Valori,Forza Italia / Popolo della Libertà
16,ostilita,IDV,LEGA,51,2399,0.0212588578574406,65,0,FALSE,Italia dei Valori,Lega
16,ostilita,FI,FI,80,4451,0.0179734891035722,104,0,TRUE,Forza Italia / Popolo della Libertà,Forza Italia / Popolo della Libertà
16,ostilita,PD,IDV,56,3619,0.0154738878143133,69,0,FALSE,Partito Democratico,Italia dei Valori
16,ostilita,LEGA,LEGA,26,2399,0.0108378491037932,30,0,TRUE,Lega,Lega
16,ostilita,LEGA,FI,45,4451,0.0101100876207594,55,0,FALSE,Lega,Forza Italia / Popolo della Libertà
16,ostilita,UDC,LEGA,15,2399,0.00625260525218841,16,0,FALSE,UDC (CCD-CDU),Lega
16,ostilita,UDC,FI,26,4451,0.00584138395866098,28,0,FALSE,UDC (CCD-CDU),Forza Italia / Popolo della Libertà
16,ostilita,FI,LEGA,14,2399,0.00583576490204252,16,0,FALSE,Forza Italia / Popolo della Libertà,Lega
16,ostilita,PD,UDC,10,2039,0.00490436488474743,11,0,FALSE,Partito Democratico,UDC (CCD-CDU)
16,ostilita,IDV,IDV,17,3619,0.00469743022934512,20,0,TRUE,Italia dei Valori,Italia dei Valori
16,ostilita,IDV,UDC,7,2039,0.0034330554193232,7,0,FALSE,Italia dei Valori,UDC (CCD-CDU)
16,ostilita,FLI,FI,14,4451,0.00314536059312514,18,0,FALSE,Futuro e Libertà,Forza Italia / Popolo della Libertà
16,ostilita,UDC,IDV,10,3619,0.00276319425255595,12,0,FALSE,UDC (CCD-CDU),Italia dei Valori
16,ostilita,PD,PD,19,8267,0.00229829442361195,20,0,TRUE,Partito Democratico,Partito Democratico
16,ostilita,IDV,PD,14,8267,0.00169348010160881,15,0,FALSE,Italia dei Valori,Partito Democratico
16,ostilita,UDC,UDC,3,2039,0.00147130946542423,3,0,TRUE,UDC (CCD-CDU),UDC (CCD-CDU)
16,ostilita,FLI,LEGA,3,2399,0.00125052105043768,3,0,FALSE,Futuro e Libertà,Lega
16,ostilita,FLI,IDV,4,3619,0.00110527770102238,6,0,FALSE,Futuro e Libertà,Italia dei Valori
16,ostilita,UDC,PD,4,8267,0.000483851457602516,5,0,FALSE,UDC (CCD-CDU),Partito Democratico
16,ostilita,PLI,IDV,1,3619,0.000276319425255595,1,0,FALSE,Partito Liberale Italiano,Italia dei Valori
16,ostilita,FLI,PD,1,8267,0.000120962864400629,1,0,FALSE,Futuro e Libertà,Partito Democratico
17,approvazione,M5S,M5S,8248,8946,0.921976302257992,12017,0,TRUE,Movimento 5 Stelle,Movimento 5 Stelle
17,approvazione,SEL,SEL,2333,2672,0.87312874251497,2874,0,TRUE,Sinistra Ecologia Libertà / Sinistra Italiana,Sinistra Ecologia Libertà / Sinistra Italiana
17,approvazione,LEGA,LEGA,1320,1519,0.86899275839368,1853,0,TRUE,Lega,Lega
17,approvazione,PD,PD,2980,3850,0.774025974025974,3850,0,TRUE,Partito Democratico,Partito Democratico
17,approvazione,FDI,FDI,310,419,0.739856801909308,334,0,TRUE,Fratelli d'Italia,Fratelli d'Italia
17,approvazione,FI,FI,1416,2270,0.623788546255507,1716,0,TRUE,Forza Italia / Popolo della Libertà,Forza Italia / Popolo della Libertà
17,approvazione,PD,UDC,28,255,0.109803921568627,30,0,FALSE,Partito Democratico,UDC (CCD-CDU)
17,approvazione,M5S,FDI,36,419,0.0859188544152745,42,0,FALSE,Movimento 5 Stelle,Fratelli d'Italia
17,approvazione,FI,FDI,33,419,0.0787589498806683,38,0,FALSE,Forza Italia / Popolo della Libertà,Fratelli d'Italia
17,approvazione,SEL,PD,302,3850,0.0784415584415584,391,0,FALSE,Sinistra Ecologia Libertà / Sinistra Italiana,Partito Democratico
17,approvazione,PD,SEL,208,2672,0.0778443113772455,295,0,FALSE,Partito Democratico,Sinistra Ecologia Libertà / Sinistra Italiana
17,approvazione,M5S,SEL,184,2672,0.0688622754491018,245,0,FALSE,Movimento 5 Stelle,Sinistra Ecologia Libertà / Sinistra Italiana
17,approvazione,LEGA,FDI,28,419,0.0668257756563246,32,0,FALSE,Lega,Fratelli d'Italia
17,approvazione,M5S,LEGA,94,1519,0.0618828176431863,133,0,FALSE,Movimento 5 Stelle,Lega
17,approvazione,LEGA,FI,134,2270,0.0590308370044053,158,0,FALSE,Lega,Forza Italia / Popolo della Libertà
17,approvazione,M5S,UDC,13,255,0.0509803921568627,16,0,FALSE,Movimento 5 Stelle,UDC (CCD-CDU)
17,approvazione,FI,UDC,12,255,0.0470588235294118,13,0,FALSE,Forza Italia / Popolo della Libertà,UDC (CCD-CDU)
17,approvazione,SEL,UDC,12,255,0.0470588235294118,14,0,FALSE,Sinistra Ecologia Libertà / Sinistra Italiana,UDC (CCD-CDU)
17,approvazione,PD,FI,100,2270,0.0440528634361234,129,0,FALSE,Partito Democratico,Forza Italia / Popolo della Libertà
17,approvazione,UDC,UDC,9,255,0.0352941176470588,9,0,TRUE,UDC (CCD-CDU),UDC (CCD-CDU)
17,approvazione,M5S,FI,66,2270,0.0290748898678414,72,0,FALSE,Movimento 5 Stelle,Forza Italia / Popolo della Libertà
17,approvazione,AN,FDI,12,419,0.0286396181384248,12,0,FALSE,Alleanza Nazionale,Fratelli d'Italia
17,approvazione,LEGA,UDC,7,255,0.0274509803921569,7,0,FALSE,Lega,UDC (CCD-CDU)
17,approvazione,M5S,PD,105,3850,0.0272727272727273,114,0,FALSE,Movimento 5 Stelle,Partito Democratico
17,approvazione,LEU,SEL,68,2672,0.0254491017964072,79,0,FALSE,Liberi e Uguali / Articolo 1-MDP,Sinistra Ecologia Libertà / Sinistra Italiana
17,approvazione,FI,LEGA,36,1519,0.0236998025016458,38,0,FALSE,Forza Italia / Popolo della Libertà,Lega
17,approvazione,FI,PD,90,3850,0.0233766233766234,135,0,FALSE,Forza Italia / Popolo della Libertà,Partito Democratico
17,approvazione,FI,SEL,46,2672,0.0172155688622755,48,0,FALSE,Forza Italia / Popolo della Libertà,Sinistra Ecologia Libertà / Sinistra Italiana
17,approvazione,SEL,FI,38,2270,0.0167400881057269,48,0,FALSE,Sinistra Ecologia Libertà / Sinistra Italiana,Forza Italia / Popolo della Libertà
17,approvazione,LEGA,SEL,40,2672,0.0149700598802395,48,0,FALSE,Lega,Sinistra Ecologia Libertà / Sinistra Italiana
17,approvazione,SEL,M5S,122,8946,0.0136373798345629,157,0,FALSE,Sinistra Ecologia Libertà / Sinistra Italiana,Movimento 5 Stelle
17,approvazione,LEU,PD,51,3850,0.0132467532467532,59,0,FALSE,Liberi e Uguali / Articolo 1-MDP,Partito Democratico
17,approvazione,SEL,LEGA,16,1519,0.010533245556287,19,0,FALSE,Sinistra Ecologia Libertà / Sinistra Italiana,Lega
17,approvazione,MISTO,FDI,4,419,0.00954653937947494,4,0,FALSE,Gruppo misto,Fratelli d'Italia
17,approvazione,PD,M5S,80,8946,0.00894254415381176,107,0,FALSE,Partito Democratico,Movimento 5 Stelle
17,approvazione,PD,LEGA,13,1519,0.00855826201448321,15,0,FALSE,Partito Democratico,Lega
17,approvazione,PSI,PD,32,3850,0.00831168831168831,32,0,FALSE,Partito Socialista Italiano,Partito Democratico
17,approvazione,FDI,FI,17,2270,0.00748898678414097,23,0,FALSE,Fratelli d'Italia,Forza Italia / Popolo della Libertà
17,approvazione,PD,FDI,3,419,0.00715990453460621,5,0,FALSE,Partito Democratico,Fratelli d'Italia
17,approvazione,SEL,FDI,3,419,0.00715990453460621,3,0,FALSE,Sinistra Ecologia Libertà / Sinistra Italiana,Fratelli d'Italia
17,approvazione,MISTO,FI,15,2270,0.0066079295154185,15,0,FALSE,Gruppo misto,Forza Italia / Popolo della Libertà
17,approvazione,PSI,SEL,17,2672,0.0063622754491018,18,0,FALSE,Partito Socialista Italiano,Sinistra Ecologia Libertà / Sinistra Italiana
17,approvazione,LEGA,PD,22,3850,0.00571428571428571,24,0,FALSE,Lega,Partito Democratico
17,approvazione,FDI,LEGA,8,1519,0.00526662277814352,12,0,FALSE,Fratelli d'Italia,Lega
17,approvazione,MISTO,PD,15,3850,0.0038961038961039,15,0,FALSE,Gruppo misto,Partito Democratico
17,approvazione,PLI,FI,8,2270,0.00352422907488987,9,0,FALSE,Partito Liberale Italiano,Forza Italia / Popolo della Libertà
17,approvazione,LEU,FDI,1,419,0.00238663484486874,1,0,FALSE,Liberi e Uguali / Articolo 1-MDP,Fratelli d'Italia
17,approvazione,LEGA,M5S,21,8946,0.00234741784037559,34,0,FALSE,Lega,Movimento 5 Stelle
17,approvazione,PLI,PD,9,3850,0.00233766233766234,9,0,FALSE,Partito Liberale Italiano,Partito Democratico
17,approvazione,FDI,PD,7,3850,0.00181818181818182,8,0,FALSE,Fratelli d'Italia,Partito Democratico
17,approvazione,FDI,M5S,16,8946,0.00178850883076235,16,0,FALSE,Fratelli d'Italia,Movimento 5 Stelle
17,approvazione,FI,M5S,16,8946,0.00178850883076235,21,0,FALSE,Forza Italia / Popolo della Libertà,Movimento 5 Stelle
17,approvazione,MISTO,LEGA,2,1519,0.00131665569453588,2,0,FALSE,Gruppo misto,Lega
17,approvazione,PRI,LEGA,2,1519,0.00131665569453588,2,0,FALSE,Partito Repubblicano Italiano,Lega
17,approvazione,UDC,PD,5,3850,0.0012987012987013,5,0,FALSE,UDC (CCD-CDU),Partito Democratico
17,approvazione,FDI,SEL,3,2672,0.00112275449101796,4,0,FALSE,Fratelli d'Italia,Sinistra Ecologia Libertà / Sinistra Italiana
17,approvazione,MISTO,SEL,3,2672,0.00112275449101796,3,0,FALSE,Gruppo misto,Sinistra Ecologia Libertà / Sinistra Italiana
17,approvazione,UDC,FI,2,2270,0.000881057268722467,2,0,FALSE,UDC (CCD-CDU),Forza Italia / Popolo della Libertà
17,approvazione,LEU,FI,2,2270,0.000881057268722467,2,0,FALSE,Liberi e Uguali / Articolo 1-MDP,Forza Italia / Popolo della Libertà
17,approvazione,PLI,SEL,2,2672,0.000748502994011976,2,0,FALSE,Partito Liberale Italiano,Sinistra Ecologia Libertà / Sinistra Italiana
17,approvazione,MISTO,M5S,4,8946,0.000447127207690588,4,0,FALSE,Gruppo misto,Movimento 5 Stelle
17,approvazione,PRI,FI,1,2270,0.000440528634361234,1,0,FALSE,Partito Repubblicano Italiano,Forza Italia / Popolo della Libertà
17,approvazione,UDC,SEL,1,2672,0.000374251497005988,1,0,FALSE,UDC (CCD-CDU),Sinistra Ecologia Libertà / Sinistra Italiana
17,approvazione,LEU,M5S,2,8946,0.000223563603845294,2,0,FALSE,Liberi e Uguali / Articolo 1-MDP,Movimento 5 Stelle
17,approvazione,PSI,M5S,1,8946,0.000111781801922647,1,0,FALSE,Partito Socialista Italiano,Movimento 5 Stelle
17,approvazione,UDC,M5S,1,8946,0.000111781801922647,1,0,FALSE,UDC (CCD-CDU),Movimento 5 Stelle
17,ostilita,PD,FDI,33,419,0.0787589498806683,38,0,FALSE,Partito Democratico,Fratelli d'Italia
17,ostilita,M5S,PD,264,3850,0.0685714285714286,325,0,FALSE,Movimento 5 Stelle,Partito Democratico
17,ostilita,PD,M5S,533,8946,0.0595797004247709,617,0,FALSE,Partito Democratico,Movimento 5 Stelle
17,ostilita,M5S,UDC,15,255,0.0588235294117647,20,0,FALSE,Movimento 5 Stelle,UDC (CCD-CDU)
17,ostilita,PD,LEGA,85,1519,0.0559578670177749,96,0,FALSE,Partito Democratico,Lega
17,ostilita,LEGA,PD,139,3850,0.0361038961038961,162,0,FALSE,Lega,Partito Democratico
17,ostilita,SEL,LEGA,45,1519,0.0296247531270573,47,0,FALSE,Sinistra Ecologia Libertà / Sinistra Italiana,Lega
17,ostilita,LEGA,UDC,7,255,0.0274509803921569,7,0,FALSE,Lega,UDC (CCD-CDU)
17,ostilita,M5S,FI,59,2270,0.0259911894273128,68,0,FALSE,Movimento 5 Stelle,Forza Italia / Popolo della Libertà
17,ostilita,SEL,UDC,6,255,0.0235294117647059,7,0,FALSE,Sinistra Ecologia Libertà / Sinistra Italiana,UDC (CCD-CDU)
17,ostilita,SEL,FDI,9,419,0.0214797136038186,10,0,FALSE,Sinistra Ecologia Libertà / Sinistra Italiana,Fratelli d'Italia
17,ostilita,PD,FI,46,2270,0.0202643171806167,54,0,FALSE,Partito Democratico,Forza Italia / Popolo della Libertà
17,ostilita,LEGA,SEL,54,2672,0.0202095808383234,60,0,FALSE,Lega,Sinistra Ecologia Libertà / Sinistra Italiana
17,ostilita,M5S,SEL,53,2672,0.0198353293413174,64,0,FALSE,Movimento 5 Stelle,Sinistra Ecologia Libertà / Sinistra Italiana
17,ostilita,M5S,FDI,6,419,0.0143198090692124,7,0,FALSE,Movimento 5 Stelle,Fratelli d'Italia
17,ostilita,LEGA,FI,26,2270,0.0114537444933921,33,0,FALSE,Lega,Forza Italia / Popolo della Libertà
17,ostilita,LEGA,LEGA,16,1519,0.010533245556287,16,0,TRUE,Lega,Lega
17,ostilita,FI,PD,40,3850,0.0103896103896104,46,0,FALSE,Forza Italia / Popolo della Libertà,Partito Democratico
17,ostilita,M5S,LEGA,15,1519,0.00987491770901909,15,0,FALSE,Movimento 5 Stelle,Lega
17,ostilita,SEL,FI,18,2270,0.0079295154185022,20,0,FALSE,Sinistra Ecologia Libertà / Sinistra Italiana,Forza Italia / Popolo della Libertà
17,ostilita,PD,UDC,2,255,0.00784313725490196,2,0,FALSE,Partito Democratico,UDC (CCD-CDU)
17,ostilita,FI,UDC,2,255,0.00784313725490196,2,0,FALSE,Forza Italia / Popolo della Libertà,UDC (CCD-CDU)
17,ostilita,FI,M5S,67,8946,0.00748938072881735,72,0,FALSE,Forza Italia / Popolo della Libertà,Movimento 5 Stelle
17,ostilita,SEL,M5S,59,8946,0.00659512631343617,65,0,FALSE,Sinistra Ecologia Libertà / Sinistra Italiana,Movimento 5 Stelle
17,ostilita,SEL,PD,20,3850,0.0051948051948052,26,0,FALSE,Sinistra Ecologia Libertà / Sinistra Italiana,Partito Democratico
17,ostilita,FI,FDI,2,419,0.00477326968973747,2,0,FALSE,Forza Italia / Popolo della Libertà,Fratelli d'Italia
17,ostilita,PD,SEL,12,2672,0.00449101796407186,16,0,FALSE,Partito Democratico,Sinistra Ecologia Libertà / Sinistra Italiana
17,ostilita,FDI,PD,16,3850,0.00415584415584416,16,0,FALSE,Fratelli d'Italia,Partito Democratico
17,ostilita,FI,FI,9,2270,0.0039647577092511,9,0,TRUE,Forza Italia / Popolo della Libertà,Forza Italia / Popolo della Libertà
17,ostilita,FI,LEGA,6,1519,0.00394996708360764,6,0,FALSE,Forza Italia / Popolo della Libertà,Lega
17,ostilita,FDI,UDC,1,255,0.00392156862745098,1,0,FALSE,Fratelli d'Italia,UDC (CCD-CDU)
17,ostilita,M5S,M5S,34,8946,0.00380058126537,34,0,TRUE,Movimento 5 Stelle,Movimento 5 Stelle
17,ostilita,FI,SEL,8,2672,0.0029940119760479,8,0,FALSE,Forza Italia / Popolo della Libertà,Sinistra Ecologia Libertà / Sinistra Italiana
17,ostilita,PD,PD,11,3850,0.00285714285714286,11,0,TRUE,Partito Democratico,Partito Democratico
17,ostilita,LEGA,M5S,22,8946,0.00245919964229823,26,0,FALSE,Lega,Movimento 5 Stelle
17,ostilita,FDI,FDI,1,419,0.00238663484486874,1,0,TRUE,Fratelli d'Italia,Fratelli d'Italia
17,ostilita,LEGA,FDI,1,419,0.00238663484486874,2,0,FALSE,Lega,Fratelli d'Italia
17,ostilita,FDI,SEL,5,2672,0.00187125748502994,5,0,FALSE,Fratelli d'Italia,Sinistra Ecologia Libertà / Sinistra Italiana
17,ostilita,SEL,SEL,4,2672,0.00149700598802395,4,0,TRUE,Sinistra Ecologia Libertà / Sinistra Italiana,Sinistra Ecologia Libertà / Sinistra Italiana
17,ostilita,FDI,FI,3,2270,0.0013215859030837,3,0,FALSE,Fratelli d'Italia,Forza Italia / Popolo della Libertà
17,ostilita,FDI,M5S,6,8946,0.000670690811535882,6,0,FALSE,Fratelli d'Italia,Movimento 5 Stelle
17,ostilita,FDI,LEGA,1,1519,0.000658327847267939,1,0,FALSE,Fratelli d'Italia,Lega
17,ostilita,UDC,LEGA,1,1519,0.000658327847267939,2,0,FALSE,UDC (CCD-CDU),Lega
17,ostilita,UDC,M5S,5,8946,0.000558909009613235,5,0,FALSE,UDC (CCD-CDU),Movimento 5 Stelle
17,ostilita,LEU,PD,1,3850,0.00025974025974026,1,0,FALSE,Liberi e Uguali / Articolo 1-MDP,Partito Democratico
18,approvazione,FDI,FDI,5524,5856,0.943306010928962,9978,0,TRUE,Fratelli d'Italia,Fratelli d'Italia
18,approvazione,LEGA,LEGA,3304,3574,0.924454392837157,7007,0,TRUE,Lega,Lega
18,approvazione,FI,FI,3340,3876,0.86171310629515,6358,0,TRUE,Forza Italia / Popolo della Libertà,Forza Italia / Popolo della Libertà
18,approvazione,LEU,LEU,1097,1287,0.852369852369852,1357,0,TRUE,Liberi e Uguali / Articolo 1-MDP,Liberi e Uguali / Articolo 1-MDP
18,approvazione,PD,PD,4856,6423,0.75603300638331,8005,0,TRUE,Partito Democratico,Partito Democratico
18,approvazione,M5S,M5S,2800,4420,0.633484162895928,4484,0,TRUE,Movimento 5 Stelle,Movimento 5 Stelle
18,approvazione,M5S,GOVERNO,41,71,0.577464788732394,147,0,FALSE,Movimento 5 Stelle,Governo
18,approvazione,PSI,IV,17,32,0.53125,17,0,FALSE,Partito Socialista Italiano,Italia Viva
18,approvazione,PD,GOVERNO,32,71,0.450704225352113,159,0,FALSE,Partito Democratico,Governo
18,approvazione,MISTO,RC,23,57,0.403508771929825,25,0,FALSE,Gruppo misto,Rifondazione Comunista
18,approvazione,IV,GOVERNO,28,71,0.394366197183099,136,0,FALSE,Italia Viva,Governo
18,approvazione,RC,RC,21,57,0.368421052631579,27,0,TRUE,Rifondazione Comunista,Rifondazione Comunista
18,approvazione,LEU,GOVERNO,25,71,0.352112676056338,97,0,FALSE,Liberi e Uguali / Articolo 1-MDP,Governo
18,approvazione,LEGA,GOVERNO,24,71,0.338028169014085,114,0,FALSE,Lega,Governo
18,approvazione,FI,GOVERNO,21,71,0.295774647887324,119,0,FALSE,Forza Italia / Popolo della Libertà,Governo
18,approvazione,PD,LEU,290,1287,0.225330225330225,407,0,FALSE,Partito Democratico,Liberi e Uguali / Articolo 1-MDP
18,approvazione,FI,IV,7,32,0.21875,10,0,FALSE,Forza Italia / Popolo della Libertà,Italia Viva
18,approvazione,IV,IDV,11,52,0.211538461538462,20,0,FALSE,Italia Viva,Italia dei Valori
18,approvazione,IV,PD,1113,6423,0.173283512377394,1923,0,FALSE,Italia Viva,Partito Democratico
18,approvazione,PD,IV,5,32,0.15625,6,0,FALSE,Partito Democratico,Italia Viva
18,approvazione,M5S,IDV,8,52,0.153846153846154,8,0,FALSE,Movimento 5 Stelle,Italia dei Valori
18,approvazione,LEU,IV,4,32,0.125,5,0,FALSE,Liberi e Uguali / Articolo 1-MDP,Italia Viva
18,approvazione,FDI,IV,3,32,0.09375,3,0,FALSE,Fratelli d'Italia,Italia Viva
18,approvazione,FDI,GOVERNO,6,71,0.0845070422535211,9,0,FALSE,Fratelli d'Italia,Governo
18,approvazione,PD,FI,306,3876,0.0789473684210526,453,0,FALSE,Partito Democratico,Forza Italia / Popolo della Libertà
18,approvazione,FDI,FI,279,3876,0.0719814241486068,395,0,FALSE,Fratelli d'Italia,Forza Italia / Popolo della Libertà
18,approvazione,MISTO,IV,2,32,0.0625,2,0,FALSE,Gruppo misto,Italia Viva
18,approvazione,PD,M5S,257,4420,0.0581447963800905,385,0,FALSE,Partito Democratico,Movimento 5 Stelle
18,approvazione,M5S,LEGA,198,3574,0.055400111919418,346,0,FALSE,Movimento 5 Stelle,Lega
18,approvazione,FI,RC,3,57,0.0526315789473684,6,0,FALSE,Forza Italia / Popolo della Libertà,Rifondazione Comunista
18,approvazione,PD,RC,3,57,0.0526315789473684,4,0,FALSE,Partito Democratico,Rifondazione Comunista
18,approvazione,LEGA,FI,186,3876,0.0479876160990712,285,0,FALSE,Lega,Forza Italia / Popolo della Libertà
18,approvazione,LEGA,M5S,208,4420,0.0470588235294118,361,0,FALSE,Lega,Movimento 5 Stelle
18,approvazione,LEU,PD,297,6423,0.0462400747314339,423,0,FALSE,Liberi e Uguali / Articolo 1-MDP,Partito Democratico
18,approvazione,FI,PD,280,6423,0.0435933364471431,384,0,FALSE,Forza Italia / Popolo della Libertà,Partito Democratico
18,approvazione,FDI,LEGA,155,3574,0.0433687744823727,239,0,FALSE,Fratelli d'Italia,Lega
18,approvazione,M5S,LEU,55,1287,0.0427350427350427,95,0,FALSE,Movimento 5 Stelle,Liberi e Uguali / Articolo 1-MDP
18,approvazione,RAD,GOVERNO,3,71,0.0422535211267606,5,0,FALSE,Radicali,Governo
18,approvazione,IV,LEU,53,1287,0.0411810411810412,88,0,FALSE,Italia Viva,Liberi e Uguali / Articolo 1-MDP
18,approvazione,FI,IDV,2,52,0.0384615384615385,2,0,FALSE,Forza Italia / Popolo della Libertà,Italia dei Valori
18,approvazione,FI,LEGA,129,3574,0.036094012311136,199,0,FALSE,Forza Italia / Popolo della Libertà,Lega
18,approvazione,FI,FDI,205,5856,0.0350068306010929,319,0,FALSE,Forza Italia / Popolo della Libertà,Fratelli d'Italia
18,approvazione,FI,LEU,43,1287,0.0334110334110334,52,0,FALSE,Forza Italia / Popolo della Libertà,Liberi e Uguali / Articolo 1-MDP
18,approvazione,IV,IV,1,32,0.03125,1,0,TRUE,Italia Viva,Italia Viva
18,approvazione,MISTO,M5S,128,4420,0.0289592760180995,176,0,FALSE,Gruppo misto,Movimento 5 Stelle
18,approvazione,M5S,PD,184,6423,0.0286470496652655,240,0,FALSE,Movimento 5 Stelle,Partito Democratico
18,approvazione,LEU,M5S,113,4420,0.0255656108597285,180,0,FALSE,Liberi e Uguali / Articolo 1-MDP,Movimento 5 Stelle
18,approvazione,FDI,LEU,28,1287,0.0217560217560218,37,0,FALSE,Fratelli d'Italia,Liberi e Uguali / Articolo 1-MDP
18,approvazione,LEGA,FDI,114,5856,0.0194672131147541,173,0,FALSE,Lega,Fratelli d'Italia
18,approvazione,FDI,IDV,1,52,0.0192307692307692,3,0,FALSE,Fratelli d'Italia,Italia dei Valori
18,approvazione,FDI,M5S,83,4420,0.0187782805429864,112,0,FALSE,Fratelli d'Italia,Movimento 5 Stelle
18,approvazione,FDI,RC,1,57,0.0175438596491228,2,0,FALSE,Fratelli d'Italia,Rifondazione Comunista
18,approvazione,LEU,RC,1,57,0.0175438596491228,2,0,FALSE,Liberi e Uguali / Articolo 1-MDP,Rifondazione Comunista
18,approvazione,FDI,PD,111,6423,0.017281644091546,159,0,FALSE,Fratelli d'Italia,Partito Democratico
18,approvazione,IV,M5S,66,4420,0.0149321266968326,97,0,FALSE,Italia Viva,Movimento 5 Stelle
18,approvazione,PSI,GOVERNO,1,71,0.0140845070422535,3,0,FALSE,Partito Socialista Italiano,Governo
18,approvazione,FI,M5S,50,4420,0.0113122171945701,68,0,FALSE,Forza Italia / Popolo della Libertà,Movimento 5 Stelle
18,approvazione,PSI,PD,63,6423,0.00980850070060719,72,0,FALSE,Partito Socialista Italiano,Partito Democratico
18,approvazione,PD,FDI,56,5856,0.00956284153005464,88,0,FALSE,Partito Democratico,Fratelli d'Italia
18,approvazione,LEU,FI,36,3876,0.00928792569659443,45,0,FALSE,Liberi e Uguali / Articolo 1-MDP,Forza Italia / Popolo della Libertà
18,approvazione,LEGA,PD,58,6423,0.00903004826405107,76,0,FALSE,Lega,Partito Democratico
18,approvazione,M5S,FI,31,3876,0.00799793601651187,41,0,FALSE,Movimento 5 Stelle,Forza Italia / Popolo della Libertà
18,approvazione,IV,FI,30,3876,0.00773993808049536,39,0,FALSE,Italia Viva,Forza Italia / Popolo della Libertà
18,approvazione,PSI,LEU,9,1287,0.00699300699300699,10,0,FALSE,Partito Socialista Italiano,Liberi e Uguali / Articolo 1-MDP
18,approvazione,LEGA,LEU,8,1287,0.00621600621600622,11,0,FALSE,Lega,Liberi e Uguali / Articolo 1-MDP
18,approvazione,RAD,FI,19,3876,0.00490196078431373,21,0,FALSE,Radicali,Forza Italia / Popolo della Libertà
18,approvazione,PD,LEGA,16,3574,0.00447677672076105,18,0,FALSE,Partito Democratico,Lega
18,approvazione,RC,M5S,19,4420,0.00429864253393665,20,0,FALSE,Rifondazione Comunista,Movimento 5 Stelle
18,approvazione,CSX,LEU,5,1287,0.00388500388500389,6,0,FALSE,Centrosinistra,Liberi e Uguali / Articolo 1-MDP
18,approvazione,MISTO,LEU,4,1287,0.00310800310800311,4,0,FALSE,Gruppo misto,Liberi e Uguali / Articolo 1-MDP
18,approvazione,RC,LEU,4,1287,0.00310800310800311,6,0,FALSE,Rifondazione Comunista,Liberi e Uguali / Articolo 1-MDP
18,approvazione,MISTO,FI,12,3876,0.00309597523219814,16,0,FALSE,Gruppo misto,Forza Italia / Popolo della Libertà
18,approvazione,RAD,PD,17,6423,0.00264673828429083,20,0,FALSE,Radicali,Partito Democratico
18,approvazione,VERDI,M5S,11,4420,0.00248868778280543,12,0,FALSE,Verdi,Movimento 5 Stelle
18,approvazione,IV,LEGA,6,3574,0.00167879127028539,6,0,FALSE,Italia Viva,Lega
18,approvazione,VERDI,LEU,2,1287,0.00155400155400155,2,0,FALSE,Verdi,Liberi e Uguali / Articolo 1-MDP
18,approvazione,M5S,FDI,9,5856,0.00153688524590164,12,0,FALSE,Movimento 5 Stelle,Fratelli d'Italia
18,approvazione,MISTO,FDI,7,5856,0.00119535519125683,7,0,FALSE,Gruppo misto,Fratelli d'Italia
18,approvazione,RAD,M5S,5,4420,0.00113122171945701,5,0,FALSE,Radicali,Movimento 5 Stelle
18,approvazione,IV,FDI,6,5856,0.00102459016393443,6,0,FALSE,Italia Viva,Fratelli d'Italia
18,approvazione,CSX,PD,5,6423,0.000778452436556126,7,0,FALSE,Centrosinistra,Partito Democratico
18,approvazione,RAD,LEU,1,1287,0.000777000777000777,1,0,FALSE,Radicali,Liberi e Uguali / Articolo 1-MDP
18,approvazione,CSX,FI,3,3876,0.000773993808049536,3,0,FALSE,Centrosinistra,Forza Italia / Popolo della Libertà
18,approvazione,CDX,FI,3,3876,0.000773993808049536,3,0,FALSE,Centrodestra,Forza Italia / Popolo della Libertà
18,approvazione,LEU,FDI,4,5856,0.000683060109289618,5,0,FALSE,Liberi e Uguali / Articolo 1-MDP,Fratelli d'Italia
18,approvazione,CDX,M5S,3,4420,0.000678733031674208,4,0,FALSE,Centrodestra,Movimento 5 Stelle
18,approvazione,MISTO,LEGA,2,3574,0.000559597090095132,3,0,FALSE,Gruppo misto,Lega
18,approvazione,CDX,FDI,2,5856,0.000341530054644809,2,0,FALSE,Centrodestra,Fratelli d'Italia
18,approvazione,RC,FI,1,3876,0.000257997936016512,1,0,FALSE,Rifondazione Comunista,Forza Italia / Popolo della Libertà
18,approvazione,CSX,M5S,1,4420,0.000226244343891403,1,0,FALSE,Centrosinistra,Movimento 5 Stelle
18,approvazione,PSI,M5S,1,4420,0.000226244343891403,1,0,FALSE,Partito Socialista Italiano,Movimento 5 Stelle
18,approvazione,RC,FDI,1,5856,0.000170765027322404,1,0,FALSE,Rifondazione Comunista,Fratelli d'Italia
18,approvazione,VERDI,PD,1,6423,0.000155690487311225,2,0,FALSE,Verdi,Partito Democratico
18,approvazione,MISTO,PD,1,6423,0.000155690487311225,1,0,FALSE,Gruppo misto,Partito Democratico
18,ostilita,FDI,GOVERNO,18,71,0.253521126760563,28,0,FALSE,Fratelli d'Italia,Governo
18,ostilita,PD,LEGA,271,3574,0.0758254057078903,338,0,FALSE,Partito Democratico,Lega
18,ostilita,LEGA,M5S,311,4420,0.0703619909502262,499,0,FALSE,Lega,Movimento 5 Stelle
18,ostilita,PD,IDV,3,52,0.0576923076923077,4,0,FALSE,Partito Democratico,Italia dei Valori
18,ostilita,LEGA,PD,349,6423,0.0543359800716176,429,0,FALSE,Lega,Partito Democratico
18,ostilita,PD,M5S,210,4420,0.0475113122171946,262,0,FALSE,Partito Democratico,Movimento 5 Stelle
18,ostilita,FDI,M5S,209,4420,0.0472850678733032,281,0,FALSE,Fratelli d'Italia,Movimento 5 Stelle
18,ostilita,LEGA,LEU,54,1287,0.041958041958042,64,0,FALSE,Lega,Liberi e Uguali / Articolo 1-MDP
18,ostilita,PD,FDI,189,5856,0.0322745901639344,217,0,FALSE,Partito Democratico,Fratelli d'Italia
18,ostilita,MISTO,GOVERNO,2,71,0.028169014084507,2,0,FALSE,Gruppo misto,Governo
18,ostilita,FI,M5S,115,4420,0.0260180995475113,135,0,FALSE,Forza Italia / Popolo della Libertà,Movimento 5 Stelle
18,ostilita,FDI,LEU,27,1287,0.020979020979021,31,0,FALSE,Fratelli d'Italia,Liberi e Uguali / Articolo 1-MDP
18,ostilita,FDI,PD,131,6423,0.0203954538377705,160,0,FALSE,Fratelli d'Italia,Partito Democratico
18,ostilita,FI,IDV,1,52,0.0192307692307692,1,0,FALSE,Forza Italia / Popolo della Libertà,Italia dei Valori
18,ostilita,FDI,RC,1,57,0.0175438596491228,1,0,FALSE,Fratelli d'Italia,Rifondazione Comunista
18,ostilita,LEGA,RC,1,57,0.0175438596491228,1,0,FALSE,Lega,Rifondazione Comunista
18,ostilita,M5S,LEGA,59,3574,0.0165081141578064,78,0,FALSE,Movimento 5 Stelle,Lega
18,ostilita,LEGA,LEGA,56,3574,0.0156687185226637,57,0,TRUE,Lega,Lega
18,ostilita,PD,GOVERNO,1,71,0.0140845070422535,3,0,FALSE,Partito Democratico,Governo
18,ostilita,FI,GOVERNO,1,71,0.0140845070422535,1,0,FALSE,Forza Italia / Popolo della Libertà,Governo
18,ostilita,LEGA,GOVERNO,1,71,0.0140845070422535,1,0,FALSE,Lega,Governo
18,ostilita,M5S,PD,73,6423,0.0113654055737194,80,0,FALSE,Movimento 5 Stelle,Partito Democratico
18,ostilita,PD,FI,39,3876,0.010061919504644,43,0,FALSE,Partito Democratico,Forza Italia / Popolo della Libertà
18,ostilita,M5S,FI,37,3876,0.00954592363261094,38,0,FALSE,Movimento 5 Stelle,Forza Italia / Popolo della Libertà
18,ostilita,M5S,FDI,51,5856,0.00870901639344262,59,0,FALSE,Movimento 5 Stelle,Fratelli d'Italia
18,ostilita,FI,PD,47,6423,0.00731745290362759,54,0,FALSE,Forza Italia / Popolo della Libertà,Partito Democratico
18,ostilita,LEGA,FI,25,3876,0.0064499484004128,28,0,FALSE,Lega,Forza Italia / Popolo della Libertà
18,ostilita,FDI,FDI,28,5856,0.00478142076502732,29,0,TRUE,Fratelli d'Italia,Fratelli d'Italia
18,ostilita,PD,PD,30,6423,0.00467071461933676,31,0,TRUE,Partito Democratico,Partito Democratico
18,ostilita,M5S,LEU,6,1287,0.00466200466200466,6,0,FALSE,Movimento 5 Stelle,Liberi e Uguali / Articolo 1-MDP
18,ostilita,LEU,FDI,26,5856,0.00443989071038251,26,0,FALSE,Liberi e Uguali / Articolo 1-MDP,Fratelli d'Italia
18,ostilita,FI,FI,16,3876,0.00412796697626419,19,0,TRUE,Forza Italia / Popolo della Libertà,Forza Italia / Popolo della Libertà
18,ostilita,LEU,LEGA,14,3574,0.00391717963066592,14,0,FALSE,Liberi e Uguali / Articolo 1-MDP,Lega
18,ostilita,FDI,FI,10,3876,0.00257997936016512,11,0,FALSE,Fratelli d'Italia,Forza Italia / Popolo della Libertà
18,ostilita,IV,FDI,15,5856,0.00256147540983607,16,0,FALSE,Italia Viva,Fratelli d'Italia
18,ostilita,IV,LEGA,9,3574,0.00251818690542809,9,0,FALSE,Italia Viva,Lega
18,ostilita,PD,LEU,3,1287,0.00233100233100233,4,0,FALSE,Partito Democratico,Liberi e Uguali / Articolo 1-MDP
18,ostilita,LEU,M5S,10,4420,0.00226244343891403,13,0,FALSE,Liberi e Uguali / Articolo 1-MDP,Movimento 5 Stelle
18,ostilita,FDI,LEGA,6,3574,0.00167879127028539,6,0,FALSE,Fratelli d'Italia,Lega
18,ostilita,FI,LEU,2,1287,0.00155400155400155,2,0,FALSE,Forza Italia / Popolo della Libertà,Liberi e Uguali / Articolo 1-MDP
18,ostilita,CSX,LEGA,5,3574,0.00139899272523783,6,0,FALSE,Centrosinistra,Lega
18,ostilita,M5S,M5S,5,4420,0.00113122171945701,5,0,TRUE,Movimento 5 Stelle,Movimento 5 Stelle
18,ostilita,CSX,FDI,6,5856,0.00102459016393443,6,0,FALSE,Centrosinistra,Fratelli d'Italia
18,ostilita,LEGA,FDI,6,5856,0.00102459016393443,6,0,FALSE,Lega,Fratelli d'Italia
18,ostilita,IV,M5S,4,4420,0.000904977375565611,4,0,FALSE,Italia Viva,Movimento 5 Stelle
18,ostilita,CSX,LEU,1,1287,0.000777000777000777,1,0,FALSE,Centrosinistra,Liberi e Uguali / Articolo 1-MDP
18,ostilita,LEU,LEU,1,1287,0.000777000777000777,1,0,TRUE,Liberi e Uguali / Articolo 1-MDP,Liberi e Uguali / Articolo 1-MDP
18,ostilita,LEU,FI,3,3876,0.000773993808049536,3,0,FALSE,Liberi e Uguali / Articolo 1-MDP,Forza Italia / Popolo della Libertà
18,ostilita,FI,FDI,2,5856,0.000341530054644809,2,0,FALSE,Forza Italia / Popolo della Libertà,Fratelli d'Italia
18,ostilita,MISTO,FI,1,3876,0.000257997936016512,1,0,FALSE,Gruppo misto,Forza Italia / Popolo della Libertà
18,ostilita,IV,FI,1,3876,0.000257997936016512,1,0,FALSE,Italia Viva,Forza Italia / Popolo della Libertà
18,ostilita,MISTO,M5S,1,4420,0.000226244343891403,1,0,FALSE,Gruppo misto,Movimento 5 Stelle
18,ostilita,CSX,M5S,1,4420,0.000226244343891403,1,0,FALSE,Centrosinistra,Movimento 5 Stelle
18,ostilita,MISTO,PD,1,6423,0.000155690487311225,1,0,FALSE,Gruppo misto,Partito Democratico
18,ostilita,CDX,PD,1,6423,0.000155690487311225,1,0,FALSE,Centrodestra,Partito Democratico
18,ostilita,IV,PD,1,6423,0.000155690487311225,1,0,FALSE,Italia Viva,Partito Democratico
